project_id,project_type,project_type_name,total_duration_months,month,progress_pct,is_completion_phase,mat_index,lab_index,cpi_index,material_cost,labour_cost,equip_cost,admin_cost,total_cost
P001,residential,Residential Building,20,1,5.253264020836831,False,0.9971999999999999,1.004,1.003,698394.684642541,534372.3165588905,154450.9383346829,130205.46278289804,1472463.364858953
P001,residential,Residential Building,20,2,7.094317337318022,False,0.994713708024795,1.0081677853116267,0.996276413046969,244148.40753011344,188052.967846757,54128.71143099397,45631.667879170636,541285.5112929847
P001,residential,Residential Building,20,3,9.518630686433486,False,1.007044671581311,1.0128735270298166,1.000254198152539,325481.9550540375,248785.4533551695,71277.10887992533,60088.13573814113,706472.3092052407
P001,residential,Residential Building,20,4,12.663561966450956,False,0.9916167219630665,1.0176182454356975,0.9996491563586059,415761.65169746615,324247.81280249846,92463.95864935356,77949.10575803429,875271.8996016377
P001,residential,Residential Building,20,5,16.665036906959273,False,1.0030015879496572,1.022416941843446,0.9987227069271287,535070.6743998855,414504.40365617,117647.15362350631,99179.08073465891,1166533.490929214
P001,residential,Residential Building,20,6,21.632699307322717,False,1.009878403763244,1.0270130727820792,1.0022685360267147,668822.0549793502,516903.0033719262,146053.98015838437,123126.64644741919,1472708.1036071992
P001,residential,Residential Building,20,7,27.614995454460967,False,0.9841891799815685,1.0316683471900396,1.009766841762679,784939.0256401688,625300.8580905553,175885.17341914878,148274.9839438686,1767842.637433341
P001,residential,Residential Building,20,8,34.56071116969099,False,0.9907053254667757,1.0362149495352402,1.0104499090732522,917383.5083392829,729202.0275409656,204210.6213143158,172153.9457131471,2010053.5092079933
P001,residential,Residential Building,20,9,42.29103048867521,False,0.9868628475185233,1.0407847752498691,1.015333444296206,1017053.176244967,815153.4568024576,227278.71047563426,191600.84100010278,2313509.1352273975
P001,residential,Residential Building,20,10,50.49987895870619,False,0.9775566201612158,1.045056672562711,1.019526302773026,1069827.0813951306,869166.7250236135,241347.92080020814,203461.48788935324,2244354.732856525
P001,residential,Residential Building,20,11,58.793416341977434,False,0.9234592638160916,1.049465103802534,1.0135497393266175,1021049.9212361481,881838.0192564899,243837.8550705249,205560.55603009232,2378396.5968729276
P001,residential,Residential Building,20,12,66.76147517874577,False,0.9360792549644593,1.0537778491386445,1.0114782488455978,994385.0359867476,850712.0954109357,234268.47749578513,197493.36492657615,2256118.3056144714
P001,residential,Residential Building,20,13,74.05533336924542,False,0.895036556970842,1.0583321492749866,1.0128890557676262,870337.1400558702,782096.4497630168,214446.3398630646,180782.87658870695,1931418.8686809486
P001,residential,Residential Building,20,14,80.44227382861402,False,0.893932072369112,1.0627943431708793,1.016591550521442,761179.0276785027,687738.1432805231,187782.09949556054,158304.34849273565,1817029.2558850225
P001,residential,Residential Building,20,15,85.8213673417296,False,0.8764279366686298,1.0673447111249028,1.0184912739272944,628513.678951567,581694.2982246683,158150.44459889203,133324.22612867833,1458374.5070651623
P001,residential,Residential Building,20,16,90.20498251369077,False,0.8656996667631446,1.0716339532370942,1.0175347866851645,505928.44658367994,475948.4278803452,128882.43840820725,108650.66744473549,1212641.7385258374
P001,residential,Residential Building,20,17,93.68252727259278,False,0.8559147488905685,1.0764702990806816,1.0224544715553836,396819.18951282365,379276.3738765441,102243.10999463436,86193.14066170804,953689.6303554215
P001,residential,Residential Building,20,18,96.38287195833699,False,0.8789353752168136,1.0812553125746727,1.0265740632140492,316421.2010763558,295820.63681677106,79392.69164579864,66929.746551108,717581.656793858
P001,residential,Residential Building,20,19,98.44507652604673,True,0.8646042318185849,1.0861727058485062,1.0315231517460117,83196.79053165285,170205.23096720938,18189.2303103834,40890.4329234731,311589.06625030976
P001,residential,Residential Building,20,20,100.0,True,0.8434754431599014,1.0909410996005036,1.0292116841141128,0.0,51559.96195308511,0.0,19269.879613420304,70373.72552244028
P002,commercial,Commercial Building,25,1,1.076012537034149,False,0.9971999999999999,1.004,1.003,206906.14643791917,160722.29402727043,62816.728746968736,32050.938065428916,467840.89760817774
P002,commercial,Commercial Building,25,2,1.590163847725767,False,0.9976243017254194,1.0084708949374548,0.9991318191813021,98908.07693088891,77139.95732426058,30015.731515207073,15314.90688822073,218834.77314669505
P002,commercial,Commercial Building,25,3,2.3442109429382962,False,0.9796651737874931,1.0128753367655037,0.999409126022891,142445.89283670578,113626.47812768858,44020.65051487583,22460.627469720966,327096.5293514414
P002,commercial,Commercial Building,25,4,3.443399409858975,False,0.9754306051438183,1.0174481689528738,1.009808322539212,206748.48304764106,166383.22416696436,64169.72051150122,32741.274160814315,469756.5568774547
P002,commercial,Commercial Building,25,5,5.031623491009063,False,0.9866936430070701,1.0216184787441582,1.0118341232008687,302181.5174052811,241393.51276222724,92719.21828160122,47308.06557261211,682681.7954195251
P002,commercial,Commercial Building,25,6,7.297427428874785,False,1.0051906188222979,1.0261561592629322,1.0051236364338125,439182.01291263336,345908.2034731989,132275.77417548953,67490.98098903883,1036291.5120208754
P002,commercial,Commercial Building,25,7,10.47186082500472,False,0.980209610427999,1.0306890709820629,1.0016965805761242,600010.6603159172,486764.5799157861,185320.81616785505,94556.1177685058,1323971.1896004137
P002,commercial,Commercial Building,25,8,14.808251234474914,False,0.9951137306792233,1.0349132713683014,1.0016564427835954,832098.7791749511,667663.1540698651,253154.91290042558,129167.06419103575,1890947.182083641
P002,commercial,Commercial Building,25,9,20.531696173541114,False,0.9809968775523539,1.0394129507720367,1.0026118806445132,1082677.0353732002,885055.9195397225,334130.01787740533,170482.93858037225,2533511.035359036
P002,commercial,Commercial Building,25,10,27.75246554213623,False,0.9651299416450577,1.0443714970355378,0.9996724050990801,1343826.0445418211,1121924.3208627515,421542.5891055996,215083.39712796806,3360153.769592358
P002,commercial,Commercial Building,25,11,36.360828803416176,False,0.9667804681426135,1.048944517755557,1.0012450167575933,1604804.9083677595,1343377.8433778977,502549.18165700877,256415.33740163184,3745894.0040705693
P002,commercial,Commercial Building,25,12,45.957024115116425,False,0.9542625013391366,1.0533260376652904,1.000322782313583,1765796.80875426,1503789.252831192,560218.0059718736,285839.6635849819,4127099.283589721
P002,commercial,Commercial Building,25,13,55.885778750814495,False,0.9722509235443653,1.0577684000023722,1.004949410073485,1861430.9624279065,1562465.530879517,579632.5463502108,295745.5317135397,4163266.3281938224
P002,commercial,Commercial Building,25,14,65.39681004797926,False,0.9592380977343313,1.062217995663743,1.0146312451903037,1759251.057657801,1503025.4828240806,555246.2007038567,283302.90266321437,4053827.813270194
P002,commercial,Commercial Building,25,15,73.85845258896829,False,0.9822284465758071,1.0670625405179641,1.01556220739902,1602658.4338733137,1343289.5221538804,493983.74643124663,252045.00103740985,3735625.6226242166
P002,commercial,Commercial Building,25,16,80.90544897876573,False,0.9775200700054587,1.071656646112051,1.0140833483053961,1328322.4807180255,1123530.2993370763,411397.8652320528,209907.26135891755,3040285.7440662845
P002,commercial,Commercial Building,25,17,86.45860991209915,False,0.9937644113389896,1.0761767529013384,1.0157752165799816,1064136.8688535586,889096.5895730383,324188.9773877216,165410.72804989075,2449263.0545385354
P002,commercial,Commercial Building,25,18,90.64696932601024,False,1.0049438658488907,1.0808334440420737,1.0198413794920584,811632.7017514658,673484.7950809442,244512.98487994794,124757.69895863197,1826425.0540761857
P002,commercial,Commercial Building,25,19,93.70270648626092,False,0.9966509677533024,1.0855414225684172,1.0211501354097299,587263.3244003227,493500.36018141726,178391.42734022666,91020.54027862722,1342295.6145694403
P002,commercial,Commercial Building,25,20,95.87847143057692,False,1.0168236872162713,1.0900554296039193,1.0162685299724827,426610.3824682484,352846.355423757,127019.37163388624,64809.01018813145,931288.9777682814
P002,commercial,Commercial Building,25,21,97.40095004001768,False,1.0242599793342184,1.0945805365432026,1.0210004856677888,300701.2229744356,247927.09929279078,88881.05160550473,45349.72032168566,667862.3141242989
P002,commercial,Commercial Building,25,22,98.45336944823144,False,1.0251294498437251,1.0994913582041077,1.024074326708688,208037.36744867722,172149.49262401625,61439.38125110478,31348.17496131488,487523.57127807505
P002,commercial,Commercial Building,25,23,99.17473411612605,False,1.0200908734686012,1.1046201903620214,1.028720368719226,141895.13968058306,118547.64263076738,42112.67723300207,21487.12352088982,333683.68651938025
P002,commercial,Commercial Building,25,24,99.66632167125339,True,1.0222861538796264,1.1091285737746728,1.0307297722794697,33916.82524579113,60837.18568081278,8609.543395544883,11714.244390906666,113878.1962587806
P002,commercial,Commercial Building,25,25,100.0,True,0.9951725256440875,1.113752980777353,1.0323814093677062,0.0,16586.823142392033,0.0,4969.599832875398,22003.358248965065
P003,commercial,Commercial Building,29,1,4.187122709798845,False,0.9971999999999999,1.004,1.003,293635.6996248195,190266.84746804787,97821.4116645379,49879.413628879134,642130.599146614
P003,commercial,Commercial Building,29,2,5.290461289110376,False,0.9665756799331111,1.0082783580258903,1.0092019908553207,74999.01578092438,50350.4052460193,25776.683620859243,13143.603659235392,168781.60265761087
P003,commercial,Commercial Building,29,3,6.6648180128900405,False,0.9536642616993254,1.0130068293313266,1.0140430053234493,92173.45694184215,63012.333892932475,32108.329315534884,16372.127651909772,211706.59091355244
P003,commercial,Commercial Building,29,4,8.365464528386395,False,0.9391074961294321,1.017559047794464,1.0188346248077957,112315.64546442944,78322.65388957395,39731.255666071236,20259.07929195367,253552.60371755483
P003,commercial,Commercial Building,29,5,10.45270515591567,False,0.9359095189605329,1.0221178143796374,1.0171878283104034,137378.02881268613,96557.76353423143,48763.038205369034,24864.410675113802,311892.4596638997
P003,commercial,Commercial Building,29,6,12.988829439971239,False,0.9208100154447315,1.0268437195136395,1.0110432528503808,164229.610720111,117866.01612523836,59250.05661822359,30211.7709334413,345744.4663275228
P003,commercial,Commercial Building,29,7,16.03304935543763,False,0.9238047636213904,1.0311139811175036,1.0151435896552499,197773.0525305159,142068.0499473332,71120.41136299267,36264.49828792199,449074.4740946228
P003,commercial,Commercial Building,29,8,19.63415929186547,False,0.9217244898233994,1.03569694135185,1.0202340297408337,233425.55663919143,168804.02370364263,84130.72220601076,42898.492471165264,531731.8286112382
P003,commercial,Commercial Building,29,9,23.821138749893187,False,0.8946731936218308,1.0399574580992086,1.0184606985591627,263436.62380461843,197074.3600133719,97818.06495333635,49877.70713140094,600345.4354324391
P003,commercial,Commercial Building,29,10,28.59271642738952,False,0.8838314668446653,1.0448092583009856,1.0209750732236007,296580.33698929235,225638.25448605517,111475.7069782921,56841.7773095549,682692.912592803
P003,commercial,Commercial Building,29,11,33.9079024038333,False,0.8627139552879114,1.0494208058026908,1.0223466753238977,322475.0989762121,252453.76738293603,124175.72436043173,63317.55198218051,745439.1866141728
P003,commercial,Commercial Building,29,12,39.680297178758885,False,0.836937154410426,1.0543560741759568,1.0285206857169094,339750.2378886682,275459.0530359835,134857.23841978126,68764.08611906343,838224.8214657165
P003,commercial,Commercial Building,29,13,45.7790322666712,False,0.8104924257080728,1.0592983231319215,1.0226323821571095,347615.89474128967,292396.23413564276,142481.34507056116,72651.63959752953,848013.8551920492
P003,commercial,Commercial Building,29,14,52.03801307762512,False,0.790743869281054,1.0641223433833644,1.0291118159242392,348056.98198446684,301445.5680663292,146225.07648890492,74560.57880371658,837876.2524534939
P003,commercial,Commercial Building,29,15,58.272789452235976,False,0.7916428429589131,1.0687904511913275,1.0223880476670608,347105.15801742254,301597.10399403004,145659.60174748336,74272.24163863072,836432.1947543668
P003,commercial,Commercial Building,29,16,64.30172835217279,False,0.7910807464013637,1.0736337084403063,1.0267746877249238,335407.36417968984,292961.6289989777,140850.73567366233,71820.1872683199,853796.996710551
P003,commercial,Commercial Building,29,17,69.96651245233852,False,0.7758354062351468,1.0779774258517496,1.0320471856868236,309074.98315129336,276380.08724635176,132343.1902667267,67482.16587711105,790988.1774172504
P003,commercial,Commercial Building,29,18,75.14725355551586,False,0.7679001085360982,1.0829579504007216,1.0378344350637136,279774.1051719777,253931.86637844305,121034.76379980486,61715.96733593992,717514.8653315355
P003,commercial,Commercial Building,29,19,79.76953950913112,False,0.7521217906539908,1.087386871416629,1.0400735638507315,244487.05943261675,227485.96908589586,107987.88773055363,55063.3284407396,658147.6194473874
P003,commercial,Commercial Building,29,20,83.80342460909974,False,0.7406540224673022,1.091814786354083,1.0372519619731142,210111.4917062368,199336.21896132518,94241.40688497607,48053.95909745712,555820.96722085
P003,commercial,Commercial Building,29,21,87.25646877412397,False,0.7402345434389195,1.0965089390562728,1.0426167560633637,179755.57864930478,171367.33010393675,80671.54420198339,41134.64785327624,492149.1825199454
P003,commercial,Commercial Building,29,22,90.16377317384031,False,0.7381250614742847,1.1012652879695946,1.0398417678654246,150914.633438565,144909.2727318483,67921.73056051582,34633.481927611814,394894.73974522424
P003,commercial,Commercial Building,29,23,92.57766130097978,False,0.7198888306123757,1.1058107120403498,1.046454659799965,122206.2648849973,120812.43902238224,56394.321485838394,28755.62353729407,311756.6694536603
P003,commercial,Commercial Building,29,24,94.5587543041537,False,0.7091732292928428,1.1107325765585496,1.0440204614494693,98802.53639359678,99592.83484510338,46283.170482605805,23599.919130943465,263045.87426676333
P003,commercial,Commercial Building,29,25,96.1692250344165,False,0.6899856930828003,1.1153851373592312,1.0433781760095093,78145.47193580298,81300.16184188798,37624.52910922595,19184.85348040852,220487.10837996347
P003,commercial,Commercial Building,29,26,97.46829494499536,False,0.6740148745707655,1.1202974986556589,1.039559972004007,61576.20240235641,65868.77866082547,30349.44550499057,15475.267837494688,166920.70241248937
P003,commercial,Commercial Building,29,27,98.50963646471516,False,0.673874052738734,1.124906390103365,1.0346628291115707,49349.50667079153,53017.993720820115,24328.280908867713,12405.05903241719,147911.41757715555
P003,commercial,Commercial Building,29,28,99.34020009014216,True,0.6777157542111688,1.1298809142109423,1.0354284625653327,13854.773476173235,31855.216729436015,5821.198370399995,7915.321233996562,61245.18781885003
P003,commercial,Commercial Building,29,29,100.0,True,0.6810404011243238,1.1351039569813426,1.0375303759598768,0.0,10169.108125799683,0.0,3929.9579803427073,13533.558276116599
P004,municipal,Municipal Engineering,27,1,3.2448954892434068,False,0.9971999999999999,1.004,1.003,951211.7074964952,643573.5758113939,372380.2827174313,151559.7244661273,2110752.470069619
P004,municipal,Municipal Engineering,27,2,4.241363817585975,False,1.0123090650983566,1.0085786138489752,1.0017067062858498,296531.49625837745,198534.97818619251,114353.5004616407,46542.166237235455,663334.5811449492
P004,municipal,Municipal Engineering,27,3,5.526748212907,False,0.9958791651719676,1.0129644658238441,1.0011176708114868,376299.70095835393,257211.87295838734,147509.15895963795,60036.60377774987,843759.67436772
P004,municipal,Municipal Engineering,27,4,7.173160517834089,False,1.0011055058562106,1.017312799231324,0.9958928114098897,484521.0576250038,330869.6176645244,188940.28532215013,76899.17783779613,1068864.8712295599
P004,municipal,Municipal Engineering,27,5,9.26305105359943,False,0.9864174071135063,1.0220977842425885,0.999353291107982,606008.1573994764,421968.2393917972,239833.31085286764,97612.76898283573,1417026.7227643065
P004,municipal,Municipal Engineering,27,6,11.885685663084072,False,0.9853974593407693,1.026899135913675,0.9988610418894542,759702.2797158697,532021.7094004813,300970.3765750936,122495.71060345645,1657648.8346424801
P004,municipal,Municipal Engineering,27,7,15.130002761936387,False,0.9699442114743948,1.0312630583681968,1.0008442136392388,925047.9699429472,660931.626677099,372313.9073355217,151532.7095164631,2146731.580208937
P004,municipal,Municipal Engineering,27,8,19.07291014216966,False,0.9187101956493444,1.0353259169544309,0.9946625813980515,1064852.1571475423,806412.8489674476,452483.2833128499,184161.84993463394,2564485.1001710054
P004,municipal,Municipal Engineering,27,9,23.76297619203918,False,0.9311163443352833,1.0397783651445864,0.9873985374597484,1283740.1146856272,963348.6950348096,538226.3087989487,219059.47991314236,3015079.462778726
P004,municipal,Municipal Engineering,27,10,29.2012950343777,False,0.9000129543428139,1.0442396871416724,0.987700266529472,1438823.8565622016,1121834.104825626,624094.8944983552,254008.21321858835,3493429.427459975
P004,municipal,Municipal Engineering,27,11,35.323845399870066,False,0.9001600930516077,1.049098147563803,0.9900985390188238,1620116.7987663462,1268855.785875152,702616.4767437103,285966.6973867226,3975879.4921540706
P004,municipal,Municipal Engineering,27,12,41.99184871598018,False,0.870217491448354,1.0536930638571746,0.9902641613043067,1705759.5794145674,1387949.6322111783,765211.9978116179,311443.2340514327,4180049.651048804
P004,municipal,Municipal Engineering,27,13,48.99663038118495,False,0.8562566043993554,1.058191588152112,0.9918912606799236,1763164.1253961476,1464275.128776123,803860.273931665,327173.18096779485,4536857.929600042
P004,municipal,Municipal Engineering,27,14,56.081834702065194,False,0.8641729083778038,1.0626933574449229,0.9909275945232844,1799895.2438201671,1487387.483482035,813089.4806523737,330929.49163339735,4527969.6130424645
P004,municipal,Municipal Engineering,27,15,62.97921132567457,False,0.8470923463918868,1.067356683250319,0.9843229850657873,1717548.0750677136,1454311.0111474812,791534.6012290617,322156.60075298324,4486185.639916032
P004,municipal,Municipal Engineering,27,16,69.44798464554948,False,0.8193966126605645,1.071764763148092,0.9870709961900249,1558153.71840288,1369572.9979262892,742348.6043464703,302137.77461987664,3846343.115578435
P004,municipal,Municipal Engineering,27,17,75.30606358222056,False,0.834373151143783,1.0763030249892527,0.992931056390617,1436844.4127032654,1245528.1806097305,672266.055362922,273613.9985049893,3384075.2528312807
P004,municipal,Municipal Engineering,27,18,80.44527735801147,False,0.8319557243782192,1.0808393222511814,0.9954225118511596,1256872.144003181,1097290.445443467,589769.9587300273,240037.87684792487,3156616.1122529283
P004,municipal,Municipal Engineering,27,19,84.82972995512785,False,0.8296187975760396,1.0854079511542516,0.9922158534246597,1069271.9302384965,940095.8932022646,503154.4784994152,204785.15556403724,2758492.6719191666
P004,municipal,Municipal Engineering,27,20,88.48206519879123,False,0.8474873782061257,1.0899777521371607,0.9872135946383065,909909.2423195696,786415.464974147,419137.57627100975,170590.06215223824,2205327.596827621
P004,municipal,Municipal Engineering,27,21,91.46453346122462,False,0.8258254257036746,1.0944715277836985,0.9953696792495695,724032.8720066221,644828.2811877851,342264.4514876697,139302.50437395994,1892492.1842588312
P004,municipal,Municipal Engineering,27,22,93.86063164824044,False,0.8251186801726864,1.0989106260941923,0.9942797749349448,581186.1192898552,520152.5850765292,274973.3306534693,111914.84663272776,1489177.0261447132
P004,municipal,Municipal Engineering,27,23,95.76056847314514,False,0.830308322102147,1.103487945277872,0.9981900769727194,463738.0746940599,414162.26909528836,218034.45268070287,88740.57812960389,1202272.5841658064
P004,municipal,Municipal Engineering,27,24,97.25148206551195,False,0.8374398363373659,1.1079890757907782,0.9940248896822812,367028.92661370314,326326.0397148248,171095.44109300908,69636.28074030977,913484.4095569084
P004,municipal,Municipal Engineering,27,25,98.41189865004227,False,0.8488328634357842,1.1127759994463575,0.9927615301139915,289554.4980493504,255085.3135499991,133168.0041005423,54199.717186684255,752951.7747516908
P004,municipal,Municipal Engineering,27,26,99.30934474618448,True,0.8674079850486914,1.1177359821169834,0.9959384291241408,80092.90320883082,148618.42203582946,30896.948648692374,33533.698328442304,286335.32573750796
P004,municipal,Municipal Engineering,27,27,100.0,True,0.8566098101417642,1.1221977092845574,0.9960921468584889,0.0,45932.0395584078,0.0,16129.259064946029,64585.561442139995
P005,residential,Residential Building,23,1,6.11985684294998,False,0.9971999999999999,1.004,1.003,235596.03439213271,164473.61652799405,61796.08088685352,36657.15640675372,514738.56694843405
P005,residential,Residential Building,23,2,7.822892608808328,False,1.003444233103644,1.008390427090466,1.0064054033252459,65972.27387081875,45969.92010829044,17196.633620837663,10200.965486191417,140260.8443268041
P005,residential,Residential Building,23,3,9.952136152657259,False,1.0051799321318384,1.01257960750379,1.0004840277072256,82625.4031789136,57713.28329832968,21500.32421347843,12753.895330877882,183128.35172944862
P005,residential,Residential Building,23,4,12.585838186412632,False,0.978861893095861,1.0169316802276578,1.004118978363945,99525.07281384492,71693.48340608143,26594.161936534034,15775.536888803856,223582.11092299037
P005,residential,Residential Building,23,5,15.800615173089138,False,0.9738868007059409,1.0212241511921012,1.00251182753434,120865.89534988557,87880.63650216149,32461.644741038657,19256.101218967084,241161.51193965215
P005,residential,Residential Building,23,6,19.661776930270264,False,0.9698619319470837,1.0256790573002086,1.0094758970465687,144568.059719121,106010.95579944519,38988.602247920346,23127.86296754906,318055.3743743646
P005,residential,Residential Building,23,7,24.210303791852944,False,0.9413155846187997,1.0299046880708496,1.0058690641325712,165291.4752667665,125397.55389750883,45929.364210241656,27245.091652337487,359598.8847337097
P005,residential,Residential Building,23,8,29.447853645751525,False,0.9338758130393929,1.034437381116904,1.0086999768588687,188825.9769850011,145028.59578529678,52886.86691965648,31372.2508727807,391607.1590559191
P005,residential,Residential Building,23,9,35.3228920439419,False,0.9176745573526577,1.0390646431597974,1.009366494514118,208134.38949504893,163408.46204887194,59323.99358102274,35190.72536904907,460654.5417418875
P005,residential,Residential Building,23,10,41.72250942803844,False,0.9416150866833763,1.043556078245135,1.0041195152740718,232633.28893665777,178768.52938835515,64621.000729473446,38332.886113578716,489212.08236111136
P005,residential,Residential Building,23,11,48.474604604054385,False,0.9327656591027097,1.048392959316475,1.0022063212012056,243139.51555915864,189488.96215358048,68180.19283138729,40444.18281215778,526617.2682553411
P005,residential,Residential Building,23,12,55.36293127669594,False,0.9191167038062867,1.0530989701669315,1.0042834603190396,244415.55234938726,194179.86243265567,69555.80876503637,41260.19197830094,542912.8393173907
P005,residential,Residential Building,23,13,62.15324416304154,False,0.9098098845514133,1.057536561348074,1.0031890623803454,238498.07619797043,192223.48343189777,68566.10132229634,40673.10198804935,533930.9828826883
P005,residential,Residential Building,23,14,68.6243002414124,False,0.9019469426617952,1.0620545308833143,1.0016377366330866,225320.4434359204,183968.40605473562,65342.36259186933,38760.79471613443,508995.10012821946
P005,residential,Residential Building,23,15,74.59533433209887,False,0.8891509772895233,1.0664561697890778,1.001115232621947,204960.1847822035,170456.6024797225,60293.323049098864,35765.72723665943,469339.47100811504
P005,residential,Residential Building,23,16,79.94318924402019,False,0.8760704615474426,1.0713330602103115,1.0016021604249539,180868.56661275975,153364.69290067645,54000.68713845035,32032.964001888173,428726.4242867633
P005,residential,Residential Building,23,17,84.60654373449294,False,0.8731390555806693,1.0761190883673497,1.0038155428176725,157190.49727592012,134332.1702560974,47088.85169908894,27932.894400025834,357554.42692289304
P005,residential,Residential Building,23,18,88.57914492465413,False,0.8578850893389889,1.0808137777715325,0.999443849347557,131567.47228295583,114933.62556690726,40113.87697102993,23795.3708569429,311450.70858751604
P005,residential,Residential Building,23,19,91.89653606445032,False,0.8471732515985089,1.085255829704514,1.0017874471466695,108495.90792519326,96371.82290292869,33497.80500900714,19870.746815585575,268692.53769777034
P005,residential,Residential Building,23,20,94.62098831856068,False,0.8103732413873668,1.0902806064001598,1.0056126805992034,85233.18873041411,79513.11257163978,27510.52454132544,16319.119052058566,204681.64733734154
P005,residential,Residential Building,23,21,96.82801515460092,False,0.8215551403728627,1.0950231614576982,1.0093246483082887,69998.50656028203,64692.239436122974,22285.751510105114,13219.807260006437,171112.34790965353
P005,residential,Residential Building,23,22,98.59611365310639,True,0.8280049088269015,1.0999772335517097,1.00633306448794,19781.16448596164,39045.652189284185,5356.084004911147,8472.546318063083,70116.33752566314
P005,residential,Residential Building,23,23,100.0,True,0.8355877674481286,1.1047171993075298,1.0038471550991637,0.0,12454.479633694891,0.0,4204.549445847707,16751.411838751417
P006,commercial,Commercial Building,25,1,0.6831227096679635,False,0.9971999999999999,1.004,1.003,163646.02937611658,120428.08388193088,49915.83191349569,31076.79643827297,359844.8112357549
P006,commercial,Commercial Building,25,2,0.9781371566160258,False,0.9893151585503375,1.0085281895920846,1.0002760169296674,70113.6258495138,52242.826570803736,21556.72961461051,13420.874148088024,155029.12575425822
P006,commercial,Commercial Building,25,3,1.398807010657413,False,0.9851522694162018,1.0127672851947993,0.9964700057846474,99556.41104953035,74807.71601523693,30738.38042305887,19137.222693293934,224913.31691355957
P006,commercial,Commercial Building,25,4,1.9968376209948715,False,0.9885398933202828,1.017409322966542,0.9997899843854835,142017.57529520287,106835.22459175906,43698.14529989668,27205.764467040834,326099.8060590625
P006,commercial,Commercial Building,25,5,2.843354585598825,False,1.0131732357833731,1.0219483268290577,0.9980395467175995,206036.35306347083,151900.7587972886,61855.06340088103,38509.970490263026,464641.7974859997
P006,commercial,Commercial Building,25,6,4.034332213257122,False,1.0070882223547706,1.0262083724769013,0.9972691270451582,288134.7240377703,214602.36184320663,87024.83204492039,54180.26479497951,635234.2083739483
P006,commercial,Commercial Building,25,7,5.695661825337352,False,0.994429509415301,1.0307864155314452,1.006737775967966,396875.49906625133,300690.5870538979,121393.48977260145,75577.63991858331,897865.1484902091
P006,commercial,Commercial Building,25,8,7.9856515520769555,False,0.9938967723080239,1.0354822350984272,1.0081685312579258,546763.2212377365,416362.42265198455,167329.73544259064,104176.80978314059,1312399.3969599751
P006,commercial,Commercial Building,25,9,11.090888126620914,False,0.9981792800033987,1.0399837616996987,1.0008587336703365,744608.042371474,567043.7806329249,226899.8888675717,141264.23196600727,1607144.8197820855
P006,commercial,Commercial Building,25,10,15.209336612567686,False,1.0120513356284286,1.0443226013502118,1.0050564949089666,1001291.8003827706,755202.911604513,300935.36557850847,187357.53244316956,2303600.842857688
P006,commercial,Commercial Building,25,11,20.513981283456655,False,1.0050852791671336,1.0487141194159677,1.0018196161139974,1280806.9916148153,976806.9787818765,387610.8172155706,241320.2785993062,2840612.8913331414
P006,commercial,Commercial Building,25,12,27.09462144708889,False,0.9889924223042382,1.053071175919842,1.0082764436620857,1563455.7246753748,1216805.6281056283,480847.91157173587,299368.1982818629,3506854.463768775
P006,commercial,Commercial Building,25,13,34.88817376774675,False,0.9881239239719667,1.0580027285919944,1.0019427817262414,1849998.383309879,1447830.0405721283,569475.5014601676,354546.3144064359,4319097.670918433
P006,commercial,Commercial Building,25,14,43.62684006111917,False,0.9874889269189178,1.0627635282997012,0.9937857987382915,2073012.2513148678,1630711.513214669,638535.0562567665,397541.68569967506,4663207.805589715
P006,commercial,Commercial Building,25,15,52.8441158988206,False,0.9943430794111132,1.0673440486493528,0.9985395841772954,2201726.2437786255,1727437.5575217356,673507.0945579584,419314.715891801,5040624.47173108
P006,commercial,Commercial Building,25,16,61.960011581936605,False,1.001502230077906,1.0720946548382908,1.0013766826414574,2193187.4225639855,1716041.6241337517,666099.2384231358,414702.70346366294,5322508.149941704
P006,commercial,Commercial Building,25,17,70.41929139542482,False,0.9828311099746702,1.0769211477880438,1.007682831997804,1997269.9359821896,1599604.5707489308,618120.263465613,384831.76310438174,4588560.515954319
P006,commercial,Commercial Building,25,18,77.81771896610475,False,0.9896883303665853,1.0814675559060347,1.0134979392661734,1758985.8877444633,1404909.217785209,540603.7038671008,336571.19624829956,4113752.543334155
P006,commercial,Commercial Building,25,19,83.96045096933013,False,0.9852488033659368,1.0862507644195722,1.0161984863945879,1453891.3861583967,1171620.6124367851,448849.9267015781,279446.76606035605,3364612.4581254874
P006,commercial,Commercial Building,25,20,88.84417435236107,False,0.9844929385724521,1.091353391698129,1.0176879231229052,1155016.3764502404,935861.9713392877,356854.06450309535,222171.617613262,2602822.5167786344
P006,commercial,Commercial Building,25,21,92.59478382806903,False,0.9847083290482079,1.0963296265684668,1.0137808188401403,887225.3398251412,722001.8947029866,274057.3392057191,170623.7042722346,2008771.0175306848
P006,commercial,Commercial Building,25,22,95.39929441052846,False,0.9952056900769951,1.100937739881923,1.0145917993453697,670493.2541325345,542144.6581637637,204925.81618565664,127583.52671723714,1449011.903755114
P006,commercial,Commercial Building,25,23,97.45477177938817,False,0.9926507066929535,1.105645386764905,1.0136218882349126,490155.2230665009,399046.86022652616,150193.8983932553,93508.31244737584,1137738.7231352369
P006,commercial,Commercial Building,25,24,98.93925468566312,True,1.0028159523178142,1.1105894876710287,1.0204731286057092,125166.7450382277,217112.76745545826,32541.385982071028,54025.986771045355,422111.32015673595
P006,commercial,Commercial Building,25,25,100.0,True,0.9889045795305587,1.1153692704398506,1.0312662918969293,0.0,62322.7189717084,0.0,24127.851219089127,84112.78779774706
P007,commercial,Commercial Building,22,1,2.5797098133735683,False,0.9971999999999999,1.004,1.003,655754.26159273,489243.9611192532,241599.16299817874,113365.16494899687,1566902.4489271159
P007,commercial,Commercial Building,22,2,3.6614649971492144,False,0.960778130110075,1.0085818290176074,1.004155641639884,264935.4600098236,206091.9505747349,101310.2890930821,47537.65489723319,653671.8690318161
P007,commercial,Commercial Building,22,3,5.173221929514499,False,0.9605182742756173,1.0129505767197002,1.0080338541718694,370148.1616405273,289261.8303981474,141581.50952587652,66434.05126883638,870037.088761245
P007,commercial,Commercial Building,22,4,7.263038429364743,False,0.9420843281895415,1.0171672738149526,1.0038046459367111,501863.86751192645,401533.17951474764,195718.88069198432,91836.83800033323,1163442.5953828855
P007,commercial,Commercial Building,22,5,10.108899113022048,False,0.9482252558478168,1.0219258365881547,1.0001861493677138,687880.740928522,549356.0607487987,266525.1555103745,125061.14608401361,1633045.1145589543
P007,commercial,Commercial Building,22,6,13.906097568595795,False,0.9286316783734938,1.026641355946161,1.001295340270832,898865.6541874884,736381.6463965476,355621.3818502638,166867.61705854617,2076236.9313137042
P007,commercial,Commercial Building,22,7,18.837115219198843,False,0.9161913699480595,1.031062186955404,1.0039818685338973,1151624.1133040367,960378.2638654362,461807.6540775731,216693.2212410356,2761182.758484918
P007,commercial,Commercial Building,22,8,25.019814056940014,False,0.8998825359785967,1.0359210044223608,1.0117266868469987,1418247.1252252106,1209833.5852374695,579032.128545759,271698.26231497986,3407435.1206673915
P007,commercial,Commercial Building,22,9,32.43983352153149,False,0.8842452734458347,1.0402702963154553,1.017664473438271,1672498.6953642953,1458049.0948596399,694911.6845553892,326072.229584673,4303762.855288254
P007,commercial,Commercial Building,22,10,40.89087173813269,False,0.8754002256594866,1.044905191270771,1.0172939921809885,1885839.4474034624,1668045.364608398,791470.3231393268,371380.27558316506,4711588.01046165
P007,commercial,Commercial Building,22,11,49.961302957914405,False,0.8445084799002749,1.0497523507496984,1.015529328891236,1952629.9452404345,1798604.5820922966,849478.7201921899,398599.45721739245,4643885.297068953
P007,commercial,Commercial Building,22,12,59.09670243218973,False,0.8572261851462653,1.0546851662266752,1.0135783602899417,1996231.7914286808,1819999.5727665278,855563.2324213317,401454.4825574266,5188050.458522937
P007,commercial,Commercial Building,22,13,67.72683113749902,False,0.8799806340571632,1.0592298722744475,1.0137608099325746,1935879.7782219588,1726745.7588023758,808242.7957439983,379250.3944189884,4763360.475906133
P007,commercial,Commercial Building,22,14,75.4002624835683,False,0.8826705057877285,1.0640632233396106,1.023082904476657,1726538.3242812902,1542332.2871296,718644.6246486643,337208.3967593046,4178373.1623570123
P007,commercial,Commercial Building,22,15,81.8640134874676,False,0.8920162412153765,1.0685322169904283,1.0306846296848458,1469756.454458591,1304647.3737912916,605353.6813617453,284049.07984128274,3760131.6201976906
P007,commercial,Commercial Building,22,16,87.06541226069629,False,0.8883150568405143,1.0734914814028007,1.0366191738286046,1177809.8185061645,1054726.016142145,487129.82503580133,228575.10051545958,3087530.6105550546
P007,commercial,Commercial Building,22,17,91.09911612514895,False,0.8718702444716002,1.0782227145560292,1.0381038427643232,896486.7258265776,821548.8519495584,377770.9695804299,177260.83049282234,2343105.555724273
P007,commercial,Commercial Building,22,18,94.1385202423251,False,0.8748665194680741,1.0829239449800725,1.0387475466076073,677826.0261211487,621737.8532164459,284651.1987186197,133566.39855540093,1692302.6023850553
P007,commercial,Commercial Building,22,19,96.37941414965076,False,0.876412014959713,1.0876824857378913,1.035195461033711,500630.8573449271,460409.56384358386,209867.8268272329,98475.92396640927,1312535.043805487
P007,commercial,Commercial Building,22,20,98.00520928032314,False,0.8768090208123404,1.092351112124527,1.0353485456813898,363378.161957837,335466.36190390994,152261.5996344564,71445.45181263062,875185.8523896502
P007,commercial,Commercial Building,22,21,99.17102272114738,True,0.8879512259419672,1.0970346355506284,1.028604060140063,92357.93405035054,181188.89063528532,32754.79475113839,40985.27123745409,350368.358082918
P007,commercial,Commercial Building,22,22,100.0,True,0.8721742778544713,1.101993042326732,1.029780892351249,0.0,51768.268544702056,0.0,18214.67388868838,71286.9988454128
P008,commercial,Commercial Building,25,1,2.0718084635412484,False,0.9971999999999999,1.004,1.003,194993.33715371613,129784.04248054736,57941.19009464562,38390.225351803754,414894.3884267675
P008,commercial,Commercial Building,25,2,2.7715959264530037,False,0.9905514029380358,1.008409175456602,1.009086814876159,65423.093282321635,44029.21352118936,19570.592131434518,12966.931486335458,137149.98600847484
P008,commercial,Commercial Building,25,3,3.6991580256837118,False,0.9611252662796375,1.012705178920918,1.0075869326378075,84141.62366407865,58608.95896916952,25940.64695741841,17187.553117914016,189801.97038680976
P008,commercial,Commercial Building,25,4,4.922029626967396,False,0.9694048952445913,1.017181049158814,1.0118652321378572,111885.54127167533,77609.89600602775,34199.41425966231,22659.5832461069,245355.74593419235
P008,commercial,Commercial Building,25,5,6.522832020856906,False,0.9617804273653054,1.0215820019401058,1.0132870585210731,145312.02638505257,102034.9461770924,44768.808237117824,29662.570515849067,308346.94874785456
P008,commercial,Commercial Building,25,6,8.59901586574498,False,0.9496277236059429,1.026074911527004,1.0101831452756043,186083.16821105947,132917.71231215147,58063.55410985946,38471.30035408343,402122.4615175865
P008,commercial,Commercial Building,25,7,11.259593052456632,False,0.9229347951089802,1.0307434538146634,1.009682298738619,231758.02516007135,171105.68128834208,74406.97885423432,49300.00024671434,534774.1408036954
P008,commercial,Commercial Building,25,8,14.61704948106653,False,0.923224618377035,1.0354176236671564,1.0065589129275996,292553.7445634013,216902.1813817426,93896.23828066915,62213.04293876875,661040.242863694
P008,commercial,Commercial Building,25,9,18.772687332159855,False,0.9362707976934381,1.039605237802693,1.0056029288655581,367220.6292989294,269552.97778809397,116218.56312100597,77003.19618893282,783575.3221071685
P008,commercial,Commercial Building,25,10,23.79475806532519,False,0.9177169825043798,1.0439829154149554,1.0086191280847996,434990.2202263858,327125.34859610803,140449.6410453513,93058.03628650786,959307.2399661638
P008,commercial,Commercial Building,25,11,29.691499165590628,False,0.8860126536733398,1.0485013494862852,1.0089495545162475,493105.5422930496,385761.6367125101,164911.09243052243,109265.5154489991,1173163.0824818695
P008,commercial,Commercial Building,25,12,36.38544158737212,False,0.8706405938260924,1.0533287704801806,1.0116479512701921,550058.3782516377,439930.32618378295,187206.00729669328,124037.50761059386,1356690.1081817213
P008,commercial,Commercial Building,25,13,43.69932696734906,False,0.8678947750741735,1.057973948284697,1.011964054754389,599105.2468056022,482793.1563842696,204543.62967865926,135524.93528028645,1341306.7461798168
P008,commercial,Commercial Building,25,14,51.36419208832034,False,0.8610311734324332,1.062726085993377,1.012274219658985,622889.9035927373,508234.1455529257,214359.29760848472,142028.52457814064,1471905.7890085794
P008,commercial,Commercial Building,25,15,59.053738465708335,False,0.8483054087182897,1.0674850872896966,1.0070615366335485,615659.8835923563,512153.9409772837,215049.5454740483,142485.86366738443,1554310.9159062856
P008,commercial,Commercial Building,25,16,66.4374891798224,False,0.8264304379125911,1.0720985314260838,1.0126634717122125,575932.0261392036,493912.14874740294,206497.51715305747,136819.52692280686,1419718.7738671743
P008,commercial,Commercial Building,25,17,73.23537895233748,False,0.8171033552036606,1.0768505660599292,1.0078798586010607,524250.6906593605,456738.4151259542,190113.0488088198,125963.63267939701,1211358.7666395605
P008,commercial,Commercial Building,25,18,79.25562974859997,False,0.812574769551086,1.0818611626457841,1.0091291516268384,461706.316847691,406372.299017851,168365.2238814894,111554.12713579336,1152309.949298234
P008,commercial,Commercial Building,25,19,84.40665774188909,False,0.7957206094037405,1.0864838481007546,1.0038683490267255,386849.8349188177,349184.6677182535,144056.12168987235,95447.59032300454,983920.8103151028
P008,commercial,Commercial Building,25,20,88.68564168929576,False,0.7936203983200294,1.0908764524993821,1.0053311695946925,320509.8481204018,291242.1350375345,119668.11926467966,79288.77640402698,804309.5974032376
P008,commercial,Commercial Building,25,21,92.15381529971552,False,0.7790675573508474,1.0956624959732308,1.0025223011303914,255013.89701255097,237091.29411995417,96992.60813863536,64264.61171783047,636568.6718438519
P008,commercial,Commercial Building,25,22,94.9091813271775,False,0.7639770839950673,1.1004825851822146,1.00116658092573,198676.97113833393,189190.9924595224,77057.88907948697,51056.419829546736,501347.4743837344
P008,commercial,Commercial Building,25,23,97.06368028703753,False,0.7515168224650821,1.1058471693021001,0.996545117818916,152817.43101711263,148654.95199185552,60253.75221153057,39922.46486331944,395658.6478738472
P008,commercial,Commercial Building,25,24,98.72747463780387,True,0.7381020009828076,1.110553880198841,0.999385747157763,40566.91402514464,86464.63734051798,13959.14146301542,24663.83980526911,170944.06204203953
P008,commercial,Commercial Building,25,25,100.0,True,0.7304490161426537,1.115209791275317,0.9956199216715194,0.0,26563.31405915049,0.0,11789.829098654642,36772.896591855555
P009,residential,Residential Building,18,1,15.594302517293334,False,0.9971999999999999,1.004,1.003,1156573.0634710093,1014281.8886644974,294570.61865935655,266623.1718183064,2614750.6107901735
P009,residential,Residential Building,18,2,18.973556385529363,False,0.9861206823544613,1.0085586523287904,1.0029667888667135,247842.47408158524,220790.80454515913,63832.85828073604,57776.70298041347,581768.0914404591
P009,residential,Residential Building,18,3,22.911085636997583,False,0.976520555157482,1.0130349652678452,1.000290320097,285976.29223281395,258408.75966220314,74378.47420928603,67321.80147137711,697195.4879102738
P009,residential,Residential Building,18,4,27.424895885082506,False,0.9844267619792817,1.0175748285865212,0.9991955934545743,330484.85228878213,297555.9620722569,85264.20952875687,77174.75045746804,783181.1635971442
P009,residential,Residential Building,18,5,32.503592274917736,False,0.9817386366908096,1.0219318315069132,0.9939086894948023,370828.39611339144,336227.4608148298,95934.70024566814,86832.87621606806,844493.2200506345
P009,residential,Residential Building,18,6,38.09918669156771,False,0.988148929897482,1.0262790716479526,0.9971934255791307,411238.2301855287,372023.78220657806,105698.71318396836,95670.52645808039,997067.2215294063
P009,residential,Residential Building,18,7,44.12350852653603,False,0.9720005805630629,1.0306064848492937,1.000792760630982,435511.41028684983,402216.6446078598,113797.21587174258,103000.68207041053,1041604.5362273993
P009,residential,Residential Building,18,8,50.450232580059684,False,0.9718994433546861,1.0349435322040148,1.003929336020819,457325.138613776,424184.2610331246,119509.48216291025,108170.9959454109,1126252.970209486
P009,residential,Residential Building,18,9,56.923502700336826,False,0.9453267994458479,1.0392263408337534,1.0023503545586951,455124.84973432304,435805.6725963311,122277.6832733991,110676.56341737593,1131263.5655500903
P009,residential,Residential Building,18,10,63.37237538536586,False,0.9416889300733504,1.043685500396352,1.0008494689414555,451664.666086508,436026.0694712811,121816.82472671075,110259.42891822984,1125857.1405724275
P009,residential,Residential Building,18,11,69.62845403114756,False,0.9292913026605865,1.047780832949344,0.9942748883734209,432393.2650997843,424650.5121372438,118175.01648604455,106963.13796871282,1162478.7503928973
P009,residential,Residential Building,18,12,75.54297472789268,False,0.9384815590817208,1.0524777799197222,0.9854705949481194,412828.95263347897,403265.89506318385,111723.11289855484,101123.3600350157,998916.8600560207
P009,residential,Residential Building,18,13,80.99979948522822,False,0.9414707313033963,1.0569156364822248,0.9841377230251515,382095.2850204991,373627.92921893677,103077.40553971374,93297.91590512179,946928.8216968293
P009,residential,Residential Building,18,14,85.92217144782687,False,0.9405883941666342,1.0612877407513546,0.9788802159631718,344349.0528105776,338428.22713319556,92981.78951486842,84160.12348626308,853814.1990790801
P009,residential,Residential Building,18,15,90.2729963153568,False,0.9455231574193026,1.0659261179851296,0.9772457971402361,305962.7957333656,300439.9691522414,82185.47584834555,74388.11225576617,777464.4373816595
P009,residential,Residential Building,18,16,94.05000914451541,False,0.9458798080605043,1.070155211466039,0.9748258791120054,265710.83437821874,261850.9980993226,71346.37823883188,64577.37621749644,678502.4858559285
P009,residential,Residential Building,18,17,97.27797078235537,True,0.9469367127523531,1.0745221820892557,0.9765645249774931,79568.69077549856,168524.87606873614,18292.501167257513,44151.9904816151,321476.2307271334
P009,residential,Residential Building,18,18,100.0,True,0.9635089759487995,1.0793453232927983,0.9831168663744551,0.0,57099.65105913369,0.0,23269.911013515608,82807.55376272502
P010,commercial,Commercial Building,29,1,1.0449830065021153,False,0.9971999999999999,1.004,1.003,244468.37467792965,208151.29274589726,89510.91431597664,50890.26838523352,572361.8856039773
P010,commercial,Commercial Building,29,2,1.3953105899381255,False,0.9975588038164798,1.0085565236619596,1.007518336920704,81986.81708476451,70098.82653161843,30008.279664211368,17060.817862948443,200686.86651635802
P010,commercial,Commercial Building,29,3,1.8609343422408688,False,1.0009479089552042,1.0130764526527292,1.009775736778318,109339.6779322002,93586.56753140296,39884.29241099818,22675.696708736992,275811.9073607375
P010,commercial,Commercial Building,29,4,2.4781383832544472,False,0.9833787557472855,1.0173953949361279,1.0156645859272935,142390.41967010207,124581.82828916855,52868.32196015152,30057.598162069346,356777.9978505303
P010,commercial,Commercial Building,29,5,3.2933604991654035,False,0.9795606319850925,1.0215569964041435,1.0165996841027194,187343.42817450775,165224.60685710036,69830.1087307175,39701.0018480167,456090.59763466805
P010,commercial,Commercial Building,29,6,4.365081450460109,False,0.9639750976447017,1.0262443598082227,1.0115049010323323,242369.92204125127,218206.9986623722,91801.22704874168,52192.39595869444,606702.8093580217
P010,commercial,Commercial Building,29,7,5.765331952379893,False,0.9658772667664883,1.0308954660526146,1.0110846091363248,317291.814872132,286389.13532650075,119942.33582590926,68191.65805172497,788678.0788933854
P010,commercial,Commercial Building,29,8,7.5801338796378515,False,0.9787096054928179,1.0356076531110752,1.0176278296649959,416691.14342184836,372872.75763611135,155451.886586184,88380.15218385239,990673.8522342627
P010,commercial,Commercial Building,29,9,9.907803014462251,False,0.9813090839703604,1.0400044966315587,1.0185725685684426,535868.5316506977,480277.93703451136,199382.9480353263,113356.58689775852,1333756.3234180894
P010,commercial,Commercial Building,29,10,12.85364672130994,False,0.9700027255577834,1.0444822413876511,1.0183702211806507,670368.8771085112,610445.5517489543,252334.40351775583,143461.44954475542,1634084.3260033303
P010,commercial,Commercial Building,29,11,16.519425450218144,False,0.960693703199397,1.04891430202533,1.0218303805827702,826194.649892109,762855.7526647429,314002.4322529191,178522.00676398387,2130944.022557645
P010,commercial,Commercial Building,29,12,20.986443462799333,False,0.9466903250475631,1.0537226315273844,1.0235054718151444,992103.1528091863,933856.5798797375,382634.8027519522,217542.05008832255,2416812.594991315
P010,commercial,Commercial Building,29,13,26.292832859337096,False,0.9299808552815151,1.0587832913779194,1.0291505723983048,1157722.0687586106,1114659.8732560729,454533.48393731733,258419.1119531067,2930699.439179879
P010,commercial,Commercial Building,29,14,32.40874876879239,False,0.9322069801650701,1.0636967569277962,1.0302205122280441,1337534.655203349,1290670.8817548868,523875.72001522593,297842.74013748707,3463674.364830513
P010,commercial,Commercial Building,29,15,39.21703585681395,False,0.9231674991889611,1.0683575237816578,1.0308214006130774,1474516.2201399263,1443080.7884306456,583182.6913763637,331560.94883580843,3843007.0074756267
P010,commercial,Commercial Building,29,16,46.50914026719684,False,0.9206678108241066,1.0729526624142065,1.031350836448065,1575023.4525576236,1552278.3909431037,624625.404431988,355122.66537205107,4298714.776115298
P010,commercial,Commercial Building,29,17,54.00358927788336,False,0.9227307499275186,1.0775849945416176,1.032598960667367,1622354.994725464,1602239.4328440735,641957.7917219065,364976.76917247806,4285363.257263722
P010,commercial,Commercial Building,29,18,61.38622220240103,False,0.9178401725471863,1.0824912570853416,1.0351212945776753,1589679.3206147456,1585520.4365107645,632379.8750994061,359531.3690085403,4330828.501363266
P010,commercial,Commercial Building,29,19,68.36110106241311,False,0.9089351323627184,1.0876701424098794,1.037024320402852,1487307.427188238,1505116.2606249845,597452.5711118291,339673.90372083324,3897099.2413101597
P010,commercial,Commercial Building,29,20,74.69540054912267,False,0.9117858055876409,1.0918910924623748,1.0406380416442766,1354947.934709941,1372189.4872669072,542581.9703082861,308477.93591411284,3575325.2464325065
P010,commercial,Commercial Building,29,21,80.24479212770882,False,0.9056586705501333,1.0965820255500467,1.0455914593984221,1179074.121204456,1207320.7514264951,475348.50902441127,270253.2242646878,3074056.971479898
P010,commercial,Commercial Building,29,22,84.95545186204559,False,0.8756593298792977,1.101605584217745,1.040237551666299,967716.4009100316,1029541.9218642919,403504.6093843698,229407.3077363733,2547452.7091310765
P010,commercial,Commercial Building,29,23,88.8481641643496,False,0.8621806380352387,1.1062333217215818,1.044692480249848,787375.2524970899,854348.8030309477,333441.05615135323,189573.58404693825,2179105.283744738
P010,commercial,Commercial Building,29,24,91.99417604138812,False,0.8603410274583084,1.1111857987430172,1.047374603237044,634983.1178824351,693558.6808058283,269480.3626570449,153209.56204018244,1772875.018690413
P010,commercial,Commercial Building,29,25,94.49131530976167,False,0.8389257164017351,1.1161269907797167,1.046586291639169,491470.50456349587,552958.510209239,213899.38180396133,121609.71687780217,1353178.2712970672
P010,commercial,Commercial Building,29,26,96.44521418354724,False,0.8192809749024433,1.1213290162917393,1.0486708307613115,375548.5935095437,434681.65769931755,167366.62087829647,95154.11969941069,1094908.7899589012
P010,commercial,Commercial Building,29,27,97.95698008875242,False,0.8182902525246404,1.126110940356277,1.0482665716494222,290217.1759191835,337755.08476316265,129494.49662305339,73622.41507549504,828830.7544579529
P010,commercial,Commercial Building,29,28,99.11652858806276,True,0.8050171403012002,1.1312499961492162,1.042612652412524,76646.66753801801,195184.328069793,29797.30169423863,45175.65087158447,346541.4670801256
P010,commercial,Commercial Building,29,29,100.0,True,0.7949713396338669,1.1364703482026697,1.0449719420428742,0.0,59759.64875071095,0.0,21512.358088320958,83461.44869723357
P011,residential,Residential Building,27,1,1.0760753024325003,False,0.9971999999999999,1.004,1.003,90513.95244666243,65755.4468746866,24932.850042723872,19350.043678477556,202395.31163404012
P011,residential,Residential Building,27,2,1.5427561164116828,False,0.9762788767200433,1.0086384474607697,1.0036294835408115,38431.24336205198,28649.08937886046,10813.074815913404,8391.879373117652,83726.18234184175
P011,residential,Residential Building,27,3,2.207346387611907,False,0.9632695559453299,1.0131446725672628,1.0038329171150389,53999.83216415349,40980.834855678055,15398.671017010707,11950.69782472054,122957.09330404116
P011,residential,Residential Building,27,4,3.149137329175794,False,0.9478736829599811,1.0175444051878988,1.0081560858926035,75300.10302580845,58326.140095482966,21821.458279478597,16935.3351146156,178882.3522509178
P011,residential,Residential Building,27,5,4.4745000140587905,False,0.9351847810922508,1.0219896139538094,1.0083954407028692,104549.693882034,82439.73332778795,30708.881617959516,23832.742731235543,237503.78198958526
P011,residential,Residential Building,27,6,6.321515595425462,False,0.9209192468131974,1.0266164752976006,1.009912588380201,143477.1378838872,115407.52988408177,42795.66905093833,33213.13303398261,345565.9643307291
P011,residential,Residential Building,27,7,8.86074951978078,False,0.91256436861523,1.0309642922031839,1.0108118325811453,195459.5142533701,159331.51742499298,58834.48724846069,45660.64032422069,462829.2096299069
P011,residential,Residential Building,27,8,12.287158120436272,False,0.8803754325390993,1.035311866087133,1.0077451704170282,254447.19181971333,215906.49150317517,79390.47725760951,61613.8628338734,637218.0265777422
P011,residential,Residential Building,27,9,16.796223650334255,False,0.8828403206112803,1.0397670643559376,1.0088336803733,335783.46212456276,285350.0549479579,104475.8247267865,81082.25767788825,818393.4542496185
P011,residential,Residential Building,27,10,22.53818465827505,False,0.8669063027989377,1.0443701431969563,1.0140134501147022,419877.87964252743,364980.8208226874,133042.22524067806,103252.2501470002,1049549.137546995
P011,residential,Residential Building,27,11,29.551732069483716,False,0.8534823310500907,1.0487680013244722,1.0108690648478988,504920.3420410951,447684.9784389301,162505.10115407922,126117.98490419658,1221351.2126370328
P011,residential,Residential Building,27,12,37.695239996635216,False,0.8359651809027457,1.053551924309084,1.005137114722303,574235.8577546453,522183.11559993087,188686.48087212996,146436.9953758828,1460417.8469706217
P011,residential,Residential Building,27,13,46.61264614584636,False,0.8370262467598335,1.0582636036534656,1.0068509316322511,629605.0744568038,574364.7311483446,206617.83593187874,160353.27462297532,1540992.1896213773
P011,residential,Residential Building,27,14,55.77224281544978,False,0.8368648562763351,1.0626839142955584,1.0060739439663846,646580.0145693878,592428.32442206,212229.43199124344,164708.3575223877,1568671.051507699
P011,residential,Residential Building,27,15,64.58261898819086,False,0.8230832886360897,1.067351009224454,0.9991135511324651,611686.4099359633,572343.9200805896,204137.9329479778,158428.65585798686,1558645.6563370114
P011,residential,Residential Building,27,16,72.53773544644595,False,0.8192751132197844,1.0718118624734547,0.9979035906404984,549752.1043327381,518943.9559890567,184321.41809938118,143049.3298997238,1417953.743395584
P011,residential,Residential Building,27,17,79.32076978658274,False,0.8073350100163222,1.076433974116198,0.9960636170540753,461921.73491145414,444392.5494976095,157164.0736061645,121972.88652342554,1229400.889969462
P011,residential,Residential Building,27,18,84.82762335407023,False,0.8012525005915156,1.0811413515229877,0.9949376730147886,372188.99028259295,362360.92856415024,127594.745363108,99024.53557012735,960027.3566377651
P011,residential,Residential Building,27,19,89.12311804628403,False,0.8013284216073291,1.0860100071761738,0.9947554557903437,290344.98512744176,283924.1739013376,99527.35164368413,77241.81544462079,723791.2495002956
P011,residential,Residential Building,27,20,92.37036062492946,False,0.7958888251491611,1.0909677881019249,0.9918705170819744,218000.62351764814,215616.5127326026,75239.16967771223,58392.089837358326,564510.2282715685
P011,residential,Residential Building,27,21,94.76748134322553,False,0.8014745233382996,1.095848376813758,0.9922694411034095,162057.90613373055,159880.5859308546,55541.69979412881,43105.1530471511,436826.4929342677
P011,residential,Residential Building,27,22,96.50615667783315,False,0.8057366364388122,1.1007621900264954,0.9960389489261856,118168.62993219147,116484.28914844354,40285.406878831134,31264.95291853369,308408.20504402183
P011,residential,Residential Building,27,23,97.7512086979617,False,0.8123054580029078,1.1055299045160536,0.9893773748272651,85309.51334877548,83774.79021673127,28848.06968720756,22388.592059499948,225417.83892617415
P011,residential,Residential Building,27,24,98.63463048417889,False,0.8035243766001897,1.1103956162533404,0.9915594326677787,59876.68631661935,59703.693736304405,20469.034899730017,15885.737839330724,161616.69879245624
P011,residential,Residential Building,27,25,99.25738228616683,False,0.7899882611544667,1.1153293852102206,0.9924657330623339,41497.91021471161,42274.01473314223,14429.26648135333,11198.356232205382,108974.51630535479
P011,residential,Residential Building,27,26,99.69436311154305,True,0.777850705812848,1.1203894974231707,0.9851420758883275,10034.997555062038,22348.482034685505,3037.476289816082,6286.250070844023,42579.87423002909
P011,residential,Residential Building,27,27,100.0,True,0.7791209021430339,1.1255968600917876,0.9773992980749938,0.0,6281.527339689459,0.0,2747.989442758689,8812.313991454599
P012,industrial,Industrial Building,26,1,1.5538659591234478,False,0.9971999999999999,1.004,1.003,300238.64544597926,254658.89796530284,149588.3944345061,50501.64476498961,765701.9711838281
P012,industrial,Industrial Building,26,2,2.2099005020157674,False,0.9722236076694986,1.008761592931238,1.0022361221229428,123584.39601629144,108025.63703302042,63155.48222717764,21321.545300728332,317501.8994515127
P012,industrial,Industrial Building,26,3,3.134163844984246,False,0.9834914657707985,1.0133073524718637,0.9989178844783851,176131.52452954065,152879.23916469634,88977.47498588446,30039.154112254793,427010.27106287464
P012,industrial,Industrial Building,26,4,4.427630581182564,False,0.9760206861977501,1.0175963006513828,0.9959127446794804,244616.11056273998,214853.47087814825,124520.14357241959,42038.502255153915,648750.9266350842
P012,industrial,Industrial Building,26,5,6.220912321005091,False,0.9721428728199113,1.0221191589138823,0.9905442338001522,337792.0253185985,299200.03852699726,172636.60012224902,58282.81188368895,904640.9346227822
P012,industrial,Industrial Building,26,6,8.675137383976713,False,0.9643345946126665,1.0263880605192257,0.990504548940786,458577.6700986498,411185.2887884881,236264.64341747196,79763.89570529254,1144372.5183012995
P012,industrial,Industrial Building,26,7,11.97500888635641,False,0.931346225221561,1.0307456290577979,0.9945901221970598,595496.148592527,555213.6316909944,317673.7845261879,107247.94980211837,1627888.3295454525
P012,industrial,Industrial Building,26,8,16.30792458772503,False,0.9431065868252388,1.0352684763208926,0.9989021520100375,791793.2359858003,732225.450179205,417123.43280460563,140822.55181817748,2020666.5495766622
P012,industrial,Industrial Building,26,9,21.823480441573114,False,0.928138540370905,1.0401352853799595,0.9965852189507913,991911.3582407044,936463.1799266163,530974.4638825883,179259.11870134858,2588262.2024804214
P012,industrial,Industrial Building,26,10,28.57370105589723,False,0.9390602073950358,1.044666007579211,0.9937873040950878,1228236.9946834377,1151084.0078192453,649833.8275877178,219386.51886177508,3396168.8350368496
P012,industrial,Industrial Building,26,11,36.44838473865695,False,0.9352848490297319,1.0491107184379032,0.9857626530049557,1427078.2476682966,1348546.8276236595,758084.2362027995,255932.29303235988,3692171.467616846
P012,industrial,Industrial Building,26,12,45.13723840761968,False,0.9139039840043937,1.0540103170555462,0.9896014802211792,1538628.679943331,1494923.3832786013,836463.1853764956,282393.3421210057,3994898.131973004
P012,industrial,Industrial Building,26,13,54.154623457046014,False,0.9166929008582086,1.058646126019089,0.9901483225635483,1601678.1553689213,1558271.1038913734,868090.4190103576,293070.82364565664,4357961.363984088
P012,industrial,Industrial Building,26,14,62.93701156952155,False,0.9037603664869431,1.063341521364979,0.9936080838973057,1537930.4191909975,1524393.1482180788,845467.6089223324,285433.2717956601,4127828.420513657
P012,industrial,Industrial Building,26,15,70.97700371778704,False,0.898296982696953,1.0677385115063631,0.9986796747492857,1399414.389239538,1401303.225983463,773998.2394643106,261304.92466290793,3878043.5101793245
P012,industrial,Industrial Building,26,16,77.9307570323997,False,0.8935643502404875,1.0726442650817936,0.9953888790700287,1203970.6039598538,1217549.383219778,669427.6218093613,226001.4627491031,3608402.179266083
P012,industrial,Industrial Building,26,17,83.65551419286695,False,0.8734311310594329,1.0774136119638575,0.996138125403756,968849.9154353873,1006818.3377410808,551113.9665127982,186058.2959464773,2656692.7009370164
P012,industrial,Industrial Building,26,18,88.18010889338733,False,0.8750385612814342,1.0819865209400827,0.9967419496204465,767145.3272938341,799122.0659937115,435576.08862190746,147052.24278169672,2166133.712892991
P012,industrial,Industrial Building,26,19,91.64222486632322,False,0.874615811380574,1.0866817924459962,0.9958930219965964,586718.3963124977,614123.3241346743,333292.821492586,112520.99962279567,1575540.9136522368
P012,industrial,Industrial Building,26,20,94.22629302367223,False,0.8711467331502558,1.0914917263600952,0.9928097800351526,436180.29950181005,460400.7287583943,248764.44747217812,83983.8799252524,1227205.7949736053
P012,industrial,Industrial Building,26,21,96.11942273625019,False,0.8711104522626401,1.096371332056475,0.9909497349601218,319539.36377944436,338804.8610191743,182248.81785848836,61527.93532628213,915409.7501696161
P012,industrial,Industrial Building,26,22,97.48752380820741,False,0.8593164304394029,1.1013455986207552,0.9923974468626117,227793.88868431436,245953.71891190798,131705.08149470942,44464.16625122581,679838.4617572553
P012,industrial,Industrial Building,26,23,98.46646420488173,False,0.8533405946399317,1.1061269272795085,0.9998427702964969,161863.68602430334,176755.44656535168,94241.15466703291,31816.19358392609,463556.49959171476
P012,industrial,Industrial Building,26,24,99.1619901306387,False,0.8269135224751285,1.1110523439276643,0.999983446823447,111440.79113963585,126141.91875936497,66957.25967267464,22605.040686542503,316456.2937684332
P012,industrial,Industrial Building,26,25,99.65366627648908,True,0.8294817426344132,1.1159437563829093,0.9990697615850201,27658.25548246754,67172.93100288349,14199.882198524982,12783.833205876706,123812.15455582346
P012,industrial,Industrial Building,26,26,100.0,True,0.8343974874429025,1.1210138920673847,1.0011015207002987,0.0,19012.473482702786,0.0,5628.034571512052,25036.451422144295
P013,commercial,Commercial Building,23,1,0.843083773564701,False,0.9971999999999999,1.004,1.003,76246.63893203152,52518.59499210949,26018.170846714864,14690.22928825976,170878.94604211254
P013,commercial,Commercial Building,23,2,1.2297130327495065,False,0.9766689518840111,1.0083476539764202,1.0097892223836926,34245.996080610144,24188.763317975932,11931.656657648953,6736.78303991095,75609.74626899722
P013,commercial,Commercial Building,23,3,1.7905311136886741,False,0.9652192479217795,1.0122064636249362,1.0061676993439752,49092.560533215335,35220.844808281494,17307.2488183551,9771.918825058423,112331.975853318
P013,commercial,Commercial Building,23,4,2.6005620351486134,False,0.9701974701612341,1.0164441417221823,1.0094692511008991,71273.72203258995,51085.04382549589,24998.136088606807,14114.303156984704,165432.74185131714
P013,commercial,Commercial Building,23,5,3.763388577427023,False,0.9599261814679373,1.020873410118549,1.00815641585633,101232.6199566152,73653.8552640066,35885.66236326992,20261.555333128683,230520.3007299575
P013,commercial,Commercial Building,23,6,5.41803756698858,False,0.935851626820776,1.02523465782391,1.0137000100927873,140436.6889379739,105253.80696802221,51063.65636682821,28831.266607672627,312954.2034163922
P013,commercial,Commercial Building,23,7,7.743277615753337,False,0.9338122819909835,1.0297324304807896,1.0133340526229926,196922.38165016926,148559.64078932165,71758.57814530956,40515.913765213954,451280.4966257748
P013,commercial,Commercial Building,23,8,10.954124578944732,False,0.9156666076445392,1.0345817141492948,1.0147635295073898,266639.6230921234,206107.15104294935,99089.04366377079,55947.08328848451,643094.7560413079
P013,commercial,Commercial Building,23,9,15.282227579137905,False,0.9109510718481537,1.039284258294531,1.0071744682996129,357569.397132022,279087.63298225024,133568.36750050812,75414.59988870642,848874.0079110613
P013,commercial,Commercial Building,23,10,20.930500504589002,False,0.9026983360163983,1.0436622615157922,1.0156697811406405,462408.72409279406,365749.9783417421,174309.75968366518,98417.76933591833,1059714.504102295
P013,commercial,Commercial Building,23,11,27.998138934697632,False,0.9067149875507778,1.0484205463559526,1.0211677597613502,581182.8917763445,459746.5749680534,218112.39870015337,123149.36228202013,1390650.161617413
P013,commercial,Commercial Building,23,12,36.39086974302647,False,0.8999955322416614,1.0529424982779196,1.0194459238621079,685032.7751485952,548297.9270449692,259005.70131756805,146238.3025208711,1708043.4336825146
P013,commercial,Commercial Building,23,13,45.75937654236208,False,0.874287581408082,1.0579356769771215,1.0223648409442458,742835.053612802,614947.8607481074,289118.8493085348,163240.61414319085,1754596.9784942814
P013,commercial,Commercial Building,23,14,55.521799586411746,False,0.852883565645147,1.0628487848406205,1.0261018104283368,755118.4348899991,643780.4132180959,301275.3875739225,170104.36853707812,1874590.419389356
P013,commercial,Commercial Building,23,15,64.99185718392091,False,0.8584260048280257,1.067465292016639,1.0263688707551821,737264.2737854173,627212.982449196,292252.77988500445,165010.0759171587,1816100.0777810859
P013,commercial,Commercial Building,23,16,73.56134567576646,False,0.8475024732175154,1.0720187326013324,1.018949282476616,658663.4698183648,569988.285125705,264460.57039749646,149318.19918208104,1679133.1883283404
P013,commercial,Commercial Building,23,17,80.84160829458106,False,0.8343830404870289,1.0766486408452078,1.026071822519355,550909.4440803147,486328.47402825416,224674.13389344895,126854.21129259253,1451502.6768585185
P013,commercial,Commercial Building,23,18,86.70223155370667,False,0.8323823650331597,1.0814544768813261,1.0209835750403253,442419.62009085016,393242.73025031626,180863.04351397758,102117.84658675588,1042255.0464320433
P013,commercial,Commercial Building,23,19,91.21880838449033,False,0.8305865891248878,1.0858020831976054,1.0164010557068908,340221.7079614222,304276.72166760545,139384.80529494482,78698.64338832712,876706.7749911258
P013,commercial,Commercial Building,23,20,94.58402533692828,False,0.8088317981123248,1.0905943346240667,1.013005978048344,246853.32887834718,227711.49829486117,103853.01241724401,58636.88779945239,647710.671167923
P013,commercial,Commercial Building,23,21,97.02883837956014,False,0.7969801177244747,1.0953460043267484,1.014475761367522,176709.88509797663,166152.0246170222,75448.68662638431,42599.401494036545,461309.28364432685
P013,commercial,Commercial Building,23,22,98.7725729434232,True,0.7700687764056013,1.1001302388756087,1.0160685620797287,42623.15943810858,89267.71067819081,16143.87035421777,24306.823463299435,178908.18520448718
P013,commercial,Commercial Building,23,23,100.0,True,0.75909675057274,1.1051809224617668,1.0153303507742242,0.0,25249.860447109484,0.0,10693.590281952705,36836.19867742306
P014,infrastructure,Infrastructure,35,1,1.150303600765442,False,0.9971999999999999,1.004,1.003,269248.90859186964,162899.91195540637,69606.90100315149,33819.55767865376,507519.55078167305
P014,infrastructure,Infrastructure,35,2,1.5051061020896206,False,1.0282784690371018,1.008201528139395,1.0003973228125826,85636.04814263445,50455.51946214163,21469.725530641474,10431.388417874256,164836.7964725461
P014,infrastructure,Infrastructure,35,3,1.967184889674951,False,1.0112041271468086,1.0124884407837964,1.0006490520074023,109676.6225323032,65990.40037207042,27961.202939559334,13585.370156561856,217239.12137575692
P014,infrastructure,Infrastructure,35,4,2.5674580590321274,False,1.0086938233509803,1.016672546244469,1.001831113434158,142124.02419444846,86080.48112449035,36323.58887383241,17648.360885347593,277778.2619314755
P014,infrastructure,Infrastructure,35,5,3.3447031549160178,False,1.014978812589391,1.0212769686261813,1.0032468572524886,185171.51061253768,111963.42778444855,47032.47247802608,22851.432728893968,351619.58798972255
P014,infrastructure,Infrastructure,35,6,4.346833750585527,False,0.9999623197224788,1.026046311273136,1.0083206329742473,235216.1620428218,145032.7034826273,60640.69096069928,29463.1899432778,481209.61600807024
P014,infrastructure,Infrastructure,35,7,5.631872465027939,False,0.9997854104063628,1.030593531892583,1.0017142870803595,301565.8845634086,186800.60645816755,77759.96051989173,37780.844025411374,635888.6313080997
P014,infrastructure,Infrastructure,35,8,7.2681828397186745,False,0.9759031465642996,1.0352573473127114,1.0048865273909082,374827.6367031701,238939.89190188434,99016.02862560519,48108.42377630449,808831.3270690291
P014,infrastructure,Infrastructure,35,9,9.333300372440748,False,0.9846410322176802,1.039974868792338,0.999900034523137,477289.52837957215,302929.9938033623,124963.90654119937,60715.58974919232,998455.1212513797
P014,infrastructure,Infrastructure,35,10,11.910481234278752,False,0.9773302612663489,1.044468071540235,0.9990266492473433,591215.0026917058,379677.37970233645,155949.7623043204,75770.53288128022,1254407.7951666438
P014,infrastructure,Infrastructure,35,11,15.081981175183282,False,0.9643609198568519,1.04906217454435,1.0007180658974444,717899.2715306915,469289.23638661474,191913.05866655044,93243.84024173705,1472157.1512303227
P014,infrastructure,Infrastructure,35,12,18.918294151623666,False,0.9844627631066766,1.053818864921033,1.003432288325425,886487.3181130474,570236.0335467724,232142.0687464596,112789.70864192676,1877369.5398990554
P014,infrastructure,Infrastructure,35,13,23.46339010581095,False,0.9783358942139517,1.0581650250827008,1.0027201509475436,1043734.9984224929,678377.0027859843,275031.7776301995,133628.3174940668,2178029.238935293
P014,infrastructure,Infrastructure,35,14,28.717577272793644,False,0.9723666422188384,1.063087862512581,1.0057733203496395,1199208.763169543,787860.5531377419,317940.1383607149,154475.98862593411,2401610.0464639585
P014,infrastructure,Infrastructure,35,15,34.6217729182529,False,0.9587346928568162,1.0678292423118056,1.0006133042862062,1328673.844034561,889277.3018505677,357273.2985650473,173586.59491702475,2827406.6751896082
P014,infrastructure,Infrastructure,35,16,41.048798879260154,False,0.9351249200212947,1.072283418087698,1.0017988210315587,1410713.7106601961,972062.7516182659,388910.6836793591,188958.093364094,3039609.0971165188
P014,infrastructure,Infrastructure,35,17,47.8073223996795,False,0.9300565969213423,1.0768801386416893,0.9981330365027137,1475436.1145130591,1026582.494246133,408970.186045021,198704.30368927255,3141279.7774146977
P014,infrastructure,Infrastructure,35,18,54.66103492717309,False,0.9540370557163156,1.0815546777458098,1.0004480171246768,1534794.8396036697,1045560.1488441094,414730.2408580252,201502.91278080188,3212296.0482143643
P014,infrastructure,Infrastructure,35,19,61.36009973861576,False,0.9528954038240618,1.086324066455232,0.9980397494540513,1498368.4302398176,1026474.6726602834,405372.23462875065,196956.18498704734,3244534.743747707
P014,infrastructure,Infrastructure,35,20,67.6765198171533,False,0.9633487973459083,1.0912270128471941,0.998595725234084,1428281.356688912,972211.5385477984,382217.72652760166,185706.21966805964,3062965.240292806
P014,infrastructure,Infrastructure,35,21,73.43322816750168,False,0.9479261187731212,1.096105383905658,0.999518914585135,1280878.4524591283,890022.9306450933,348348.58204397064,169250.38743184277,2648202.031388905
P014,infrastructure,Infrastructure,35,22,78.51963558480472,False,0.9522829239295552,1.1012418863162574,0.995544982782752,1136936.8504927042,790075.3697282928,307787.4896004098,149543.1718305893,2298064.5042273845
P014,infrastructure,Infrastructure,35,23,82.89212168784856,False,0.952861212409008,1.1060488086880877,0.9898243644129597,977951.4366742396,682146.079857574,264586.85090588516,128553.49306270378,2020084.4360759612
P014,infrastructure,Infrastructure,35,24,86.56308060981243,False,0.9649409703229296,1.1110025623666415,0.9821133814132036,831456.3868310236,575266.7102961624,222136.2030839006,107928.20861789242,1761950.1726065427
P014,infrastructure,Infrastructure,35,25,89.58439048812315,False,0.9652475439886026,1.1157649929545284,0.9855154251984174,684531.0910666976,475491.39236628107,182824.7929150844,88828.16990803374,1403557.113219313
P014,infrastructure,Infrastructure,35,26,92.0305874339772,False,0.9640294375362609,1.1204372274866201,0.9900443501073529,553529.6867007222,386592.6628806074,148023.69438031115,71919.53380708178,1216993.6573543737
P014,infrastructure,Infrastructure,35,27,93.98499096665803,False,0.9489064904177565,1.1252732792149331,0.9885745892545343,435308.2104958394,310203.64935141586,118264.4070043763,57460.53733717008,911462.3150430991
P014,infrastructure,Infrastructure,35,28,95.52995464928392,False,0.968584252321236,1.1301578312107283,0.99190807180393,351248.82589744957,246281.63675895927,93488.47907495427,45422.78085648262,714769.7448231062
P014,infrastructure,Infrastructure,35,29,96.7410186238824,False,0.9905053274034762,1.1350587854318215,0.9923483899416645,281567.87524103303,193892.09241856428,73283.61845713123,35605.94604260851,565861.0573544007
P014,infrastructure,Infrastructure,35,30,97.68409755161306,False,0.9867349707224345,1.1399989317948789,0.9964141840488262,218427.72563731426,151644.66741297874,57067.3703159975,27727.038471136486,460920.3857723882
P014,infrastructure,Infrastructure,35,31,98.41472185263915,False,0.9888607264153616,1.1450627222890009,0.9929913981973991,169585.39382004138,118004.35812177403,44211.36590216609,21480.755753121026,336046.2037546378
P014,infrastructure,Infrastructure,35,32,98.9784993898296,False,1.0010361543373132,1.1498362820872,0.9882590408033304,132469.7551894807,91436.25580141527,34115.173761867736,16575.36925404198,266584.6420862123
P014,infrastructure,Infrastructure,35,33,99.41219399102256,True,0.9772125114878302,1.1551186338911643,0.9976376463391757,39791.67569530191,56529.51379942625,9622.662766544849,10625.716238598734,117812.66117122944
P014,infrastructure,Infrastructure,35,34,99.74503059115334,True,0.9782014985901311,1.1603138523425198,0.9915511910936154,22926.610780007504,38131.09278365383,4699.45701931174,7502.2771243056395,77918.99100367831
P014,infrastructure,Infrastructure,35,35,100.0,True,0.9878330363339578,1.1654139524589837,0.9825823383586181,0.0,12573.73208797185,0.0,3748.1203323383406,16693.505237890175
P015,commercial,Commercial Building,29,1,4.1646298479531385,False,0.9971999999999999,1.004,1.003,801323.8933749639,633053.1328549852,278304.3236937254,175313.3724691437,1979373.5199700957
P015,commercial,Commercial Building,29,2,5.445629796180302,False,0.9802055411020594,1.0081102617462379,1.0034262991182321,242278.9487983405,195518.19980041162,85603.72404243247,53924.70141539203,565650.9129598982
P015,commercial,Commercial Building,29,3,7.091759616053168,False,0.9876350528234614,1.012383722188483,1.0050051459215166,313696.7309369497,252312.79708430002,110003.78495989376,69295.13084716852,723515.8926174765
P015,commercial,Commercial Building,29,4,9.187582584395077,False,0.9932069534956316,1.0169016098946473,1.007443384929765,401646.2922414863,322673.70263516926,140054.84642839123,88225.31799768389,915729.1496928966
P015,commercial,Commercial Building,29,5,11.824689253771474,False,0.977041701860222,1.0213822174976408,1.0116535053940017,497153.1699379542,407798.8828247602,176226.51110031348,111011.08157222459,1256671.3761887073
P015,commercial,Commercial Building,29,6,15.094114891436238,False,0.9681171975098487,1.0256267917258186,1.0181173087476139,610729.3817029013,507680.9449839796,218481.67164350057,137629.04639839678,1520256.31821422
P015,commercial,Commercial Building,29,7,19.073888157707945,False,0.9802580021126781,1.029854869000971,1.018454269903541,752745.4547893457,620532.3096983327,265951.15238596307,167531.68911651205,1727565.1663906777
P015,commercial,Commercial Building,29,8,23.811708762686816,False,0.9916599931146604,1.0342222559267769,1.0127857065217984,906548.0337881269,741860.9884907439,316608.1998617223,199442.28868764298,2283218.908340715
P015,commercial,Commercial Building,29,9,29.30477978174477,False,0.9760744094542444,1.0389708099261348,1.005634094922475,1034540.6402297678,864069.3540727521,367078.3408786945,231235.1495143975,2575512.6656446075
P015,commercial,Commercial Building,29,10,35.481604437823755,False,0.9631424598790869,1.0433382703071434,1.0155831915940479,1147903.0697802426,975709.3192410979,412770.65939717874,260018.29721793564,2802469.645627834
P015,commercial,Commercial Building,29,11,42.192848420353116,False,0.9577601327993663,1.0481384499534718,1.013087755168452,1240249.892834832,1065005.1863240227,448483.60740136425,282515.09953969595,3066633.0121853943
P015,commercial,Commercial Building,29,12,49.21810211293262,False,0.9443926840466503,1.0527819381809969,1.0208388219148874,1280159.3754441505,1119774.258127994,469467.5275045441,295733.58551966946,2923572.7525309715
P015,commercial,Commercial Building,29,13,56.29103936734941,False,0.9633933666011099,1.0576357156863196,1.0190761507857986,1314779.3435701397,1132572.3525813925,472654.0151187934,297740.8625988426,3299483.809398745
P015,commercial,Commercial Building,29,14,63.13809378627321,False,0.9589772582348317,1.0624002165437343,1.0186105953750215,1266955.9136288532,1101341.4187257595,457559.2354958701,288232.14679000934,3034787.9313805304
P015,commercial,Commercial Building,29,15,69.51937270999655,False,0.95097379532465,1.0673372922605857,1.0272014257899378,1170915.8720125281,1031191.8070085769,426433.45987655927,268624.96059140604,2965721.1636551004
P015,commercial,Commercial Building,29,16,75.25940611987563,False,0.9420034424475285,1.0723347501524119,1.0280767227047716,1043317.0994873509,931911.8676153574,383581.77663758746,241631.22580174776,2593462.419225186
P015,commercial,Commercial Building,29,17,80.26028878393161,False,0.9233556045191934,1.0774918407331324,1.0218647252932047,890974.0795470518,815813.1420120788,334187.5072945099,210516.09318629498,2329012.33419495
P015,commercial,Commercial Building,29,18,84.49736642725698,False,0.90611601108854,1.0822296738029846,1.0224672548664757,740797.7286698129,694250.0222031102,283145.6986610782,178363.119457079,1992715.6533093804
P015,commercial,Commercial Building,29,19,88.0032861299492,False,0.9031042714168986,1.087177195982174,1.0240713396800114,610926.9400944912,577075.1080283048,234285.55415598684,147584.45026922986,1629590.2005322147
P015,commercial,Commercial Building,29,20,90.84781705272111,False,0.9058042325084084,1.0920953622221965,1.0232433189168688,497157.9862361554,470328.46563135076,190087.78296995827,119742.7688343075,1303366.7107987655
P015,commercial,Commercial Building,29,21,93.11918936658088,False,0.8752201755258651,1.0967328035976678,1.0240864863980448,383579.21273191983,377154.4215387546,151786.05512230075,95615.20591596127,1012429.093211697
P015,commercial,Commercial Building,29,22,94.90988867871404,False,0.8833046203642941,1.1015293120203664,1.0238381772505922,305198.6330665424,298640.543499349,119664.74313364856,75380.89745059438,769825.0693685666
P015,commercial,Commercial Building,29,23,96.30748220568935,False,0.866971365620605,1.1065540710090582,1.02286702212039,233794.90879254125,234144.28553848268,93395.17208588433,58832.79991270062,618461.4219851808
P015,commercial,Commercial Building,29,24,97.38971296569233,False,0.8915945445820465,1.1112961285978364,1.0164675738860678,186181.571338468,182087.32556893857,72320.83300060936,45557.35593625787,500098.5126401871
P015,commercial,Commercial Building,29,25,98.22264359846692,False,0.8802329626206076,1.1162414424898757,1.0220895157265182,141467.2389964363,140765.7566446777,55661.17635929923,35062.87079422952,381448.36288698675
P015,commercial,Commercial Building,29,26,98.86069664459171,False,0.8583183198295716,1.1214981612039208,1.0232975884795794,105670.69985371169,108339.14263805634,42638.34433443226,26859.345347419974,288926.3208851801
P015,commercial,Commercial Building,29,27,99.34770946896934,False,0.837525077183669,1.1262291481307616,1.019263464346039,78702.3376794061,83041.8857758038,32544.975103898512,20501.18829151847,216248.46564304185
P015,commercial,Commercial Building,29,28,99.71841534553548,True,0.8518242801009686,1.13143858076197,1.020475934650411,21325.388175301992,47626.8391709524,7431.804412418833,12484.124599334142,88860.96471152057
P015,commercial,Commercial Building,29,29,100.0,True,0.8524504014882512,1.1362374631934178,1.0226964405658305,0.0,14532.133693280493,0.0,5926.763867621463,21551.85401299395
P016,commercial,Commercial Building,26,1,1.8154121015340217,False,0.9971999999999999,1.004,1.003,135344.2722875296,79611.36119032188,35661.9396904908,21143.11253995601,269273.94731066056
P016,commercial,Commercial Building,26,2,2.3933398827525774,False,0.9794992933099756,1.0085050633316939,1.010119617835582,42321.40567565504,25457.61798748415,11352.808357870828,6730.809003611789,83966.81118260219
P016,commercial,Commercial Building,26,3,3.149628375429909,False,0.9867264075551632,1.0126444264205552,1.0116334605804176,55791.31901563583,33451.11356543683,14856.524637949127,8808.078727600603,114173.04754306623
P016,commercial,Commercial Building,26,4,4.135263390369659,False,0.9688816112029395,1.0173776457578378,1.0074162778108244,71395.23414517764,43799.023197599716,19361.805746428574,11479.152323917588,141943.70923735225
P016,commercial,Commercial Building,26,5,5.412935804273671,False,0.9548475155672076,1.0218446014095073,1.008315252260388,91208.62862452619,57025.6814169202,25098.58589702409,14880.352297719615,183187.6308339189
P016,commercial,Commercial Building,26,6,7.057728267703413,False,0.939123324400265,1.0264352611535672,1.004187171717565,115482.48475056395,73740.95893019263,32310.288988731845,19155.99886647268,239181.32657605474
P016,commercial,Commercial Building,26,7,9.156326694977617,False,0.9070402956303489,1.030805802746861,1.0096198460908792,142310.9473225904,94487.05398565174,41224.84943488681,24441.228901437753,301168.389119115
P016,commercial,Commercial Building,26,8,11.80367815289962,False,0.90357035779926,1.0353496976705392,1.017737450097285,178836.4177099972,119719.46652569016,52004.54924376195,30832.25553050142,374286.44429430674
P016,commercial,Commercial Building,26,9,15.095803747393635,False,0.8867733126744215,1.0397528277595762,1.0180325741694238,218258.6150907424,149510.81742788936,64670.4868305994,38341.58750029248,456749.2392428828
P016,commercial,Commercial Building,26,10,19.117625494590442,False,0.8922058463507436,1.044104022761904,1.0179468166653065,268268.8627744603,183414.09098842557,79004.63177106838,46839.959778152326,576490.1314720195
P016,commercial,Commercial Building,26,11,23.92555969638931,False,0.8870925367820157,1.0487554919600204,1.0108985508370139,318867.1840117998,220241.3569908061,94447.0180602606,55995.38189011685,697622.8750069606
P016,commercial,Commercial Building,26,12,29.526586331492705,False,0.8768249369457274,1.0536469350878646,1.0128479616792248,367166.38699881977,257767.91381703937,110026.51899098103,65232.09599914792,805478.0897806591
P016,commercial,Commercial Building,26,13,35.85836716738037,False,0.8791821943925779,1.0580859799572466,1.0063917032414629,416185.68993309553,292626.02269198955,124381.44821885214,73742.79078474065,912393.0264517483
P016,commercial,Commercial Building,26,14,42.77761781342689,False,0.8617688363637771,1.06283043777878,1.0108480408784049,445791.9617170771,321210.0736531897,135921.70011106224,80584.7305842603,978959.638189092
P016,commercial,Commercial Building,26,15,50.06423531769387,False,0.8335282367690116,1.067444689083639,1.0157897432222038,454076.132503303,339732.78876487375,143138.251510644,84863.2515989885,998922.231513009
P016,commercial,Commercial Building,26,16,57.44480663376079,False,0.8372512451608688,1.072291726517404,1.0147929726654819,461985.31238005724,345675.8558238616,144983.8793806301,85957.4802949223,1052082.3724598119
P016,commercial,Commercial Building,26,17,64.63163677968734,False,0.8218396705875631,1.0773165216766865,1.0153877829257527,441577.4296992777,338179.1370868133,141178.0295026477,83701.0827748004,1023661.8136362234
P016,commercial,Commercial Building,26,18,71.36619280727994,False,0.7986250873303911,1.082259949364005,1.0198881524700028,402100.2141094569,318351.3295448101,132293.5606165111,78433.69330727201,962095.7404979827
P016,commercial,Commercial Building,26,19,77.45364417025338,False,0.8051147435210975,1.086809993334109,1.0227880230108992,366417.0461729168,288971.6502348533,119581.84215678263,70897.21895105686,898441.7801992373
P016,commercial,Commercial Building,26,20,82.77958127093432,False,0.8198899223655711,1.0916197142987702,1.0158018070953032,326462.99971184874,253941.4025901002,104622.66254551098,62028.27854087305,731821.985583569
P016,commercial,Commercial Building,26,21,87.30790620823795,False,0.7948005549808271,1.096029091271152,1.015794816373244,269077.96212507866,216783.27596107344,88954.37607615926,52738.92560592577,601168.5245012386
P016,commercial,Commercial Building,26,22,91.0653938441234,False,0.7874754101298628,1.1005818275557333,1.023814858282657,221216.20969925192,180628.38894567828,73812.0547645809,43761.40485451682,520782.2042675885
P016,commercial,Commercial Building,26,23,94.12073077763846,False,0.792149147331804,1.1053225989984234,1.0308417270286026,180945.77807970063,147507.55690016376,60019.01241325428,35583.83938181651,419185.15654560854
P016,commercial,Commercial Building,26,24,96.56445888126511,False,0.7716245561551739,1.1103197027027212,1.02722731552869,140974.74215257505,118513.28614443458,48004.573825332256,28460.76561259694,333403.78018152015
P016,commercial,Commercial Building,26,25,98.49333469271173,True,0.7743483094273635,1.115250301797381,1.031287327193857,39083.28424775737,70469.95438653768,11367.245949302165,17971.64988491756,135220.01934600456
P016,commercial,Commercial Building,26,26,100.0,True,0.7584202879706328,1.1204641729561575,1.0347768863493814,0.0,22120.866154973788,0.0,8773.653685883584,33148.62366341962
P017,residential,Residential Building,24,1,9.166581716622698,False,0.9971999999999999,1.004,1.003,1443479.371400666,1138504.8642074415,494115.1887103616,230875.08356359185,3301766.366917231
P017,residential,Residential Building,24,2,11.08525971312546,False,1.0060344564670578,1.0086764744024561,0.9965902737616805,304814.6583686097,239413.01183953707,103424.37013321862,48324.98705279726,708335.8252312455
P017,residential,Residential Building,24,3,13.351711082353237,False,1.0109337637574283,1.0129644267163946,0.9942087347512177,361817.8629287469,284010.4776840102,122170.73720927327,57084.218025830334,814445.2621269571
P017,residential,Residential Building,24,4,16.005633322178745,False,0.9975244786265016,1.0173493638722872,0.999095408459035,418054.2599816746,334004.31307646696,143056.95720532493,66843.29424346628,1021699.3098841335
P017,residential,Residential Building,24,5,19.081593474384174,False,0.9924212421362657,1.021955184156805,0.99129957767237,482056.179157307,388871.68276847724,165806.47814619768,77472.99692871292,1100738.3254248048
P017,residential,Residential Building,24,6,22.604657838375843,False,0.9634315755777736,1.0265051326957693,0.9944386529405855,535996.990137129,447378.86776451155,189907.17225546847,88734.03462508717,1305523.9480090542
P017,residential,Residential Building,24,7,26.585398781121544,False,0.9346440576644972,1.0310589191716066,0.9932362056105873,587531.3734992255,507739.7471268636,214577.7589660269,100261.3543644967,1438127.442668361
P017,residential,Residential Building,24,8,31.01485640221936,False,0.9121557955595729,1.035716655745098,0.9973934419291524,638029.0755926479,567525.3622387134,238765.37143222886,111563.0046212176,1596139.3342757204
P017,residential,Residential Building,24,9,35.86033284090806,False,0.902275753273323,1.040200717533194,0.9978136649756625,690393.4629014367,623515.7072338957,261190.43924002643,122041.10673655116,1710369.16855629
P017,residential,Residential Building,24,10,41.063084252354635,False,0.884054207425557,1.0448886843956426,1.002187300957086,726328.1373984191,672507.0864447935,280448.9803236256,131039.65076753651,1852024.1269406516
P017,residential,Residential Building,24,11,46.538912079198475,False,0.8728697512447889,1.0491210532533601,1.0047637868602375,754779.5512213169,710671.910261259,295168.8845035755,137917.51889473162,1761320.6692792387
P017,residential,Residential Building,24,12,52.18224651923881,False,0.881810477181956,1.0539452703236813,1.0063712302868044,785836.0367385285,735779.3772927477,304198.15673923655,142136.44199112043,1962214.4522235235
P017,residential,Residential Building,24,13,57.873589803892024,False,0.8926969596227974,1.0584629154984244,1.004639596417107,802305.4364082286,745219.4676572043,306786.0242834318,143345.62185275755,1921728.5131341473
P017,residential,Residential Building,24,14,63.48933771879241,False,0.869991990489664,1.063232575143758,1.0108544626158198,771513.902727353,738634.5902470881,302711.13338671834,141441.63104699686,1995848.7226260414
P017,residential,Residential Building,24,15,68.91232903425107,False,0.8773974177026325,1.0676868314996717,1.0070965942778591,751373.9921511759,716269.6649264309,292320.78653194645,136586.74649141132,1895587.586749488
P017,residential,Residential Building,24,16,74.04125819120857,False,0.8759821629639502,1.0726944841101946,1.006558363753654,709484.416898068,680607.1562404553,276469.66738718504,129180.31871760647,1886463.9496527668
P017,residential,Residential Building,24,17,78.79741938508107,False,0.8593725641146476,1.0772689502229866,1.009530799352028,645444.5636514996,633832.4516465482,256375.99254535066,119791.55884095452,1651996.3397802138
P017,residential,Residential Building,24,18,83.12798713893625,False,0.8739667813069047,1.082044052045525,1.0061486659018186,597668.9047683616,579673.6284227935,233434.81453275433,109072.30448140047,1550549.4025944304
P017,residential,Residential Building,24,19,87.00588410357335,False,0.8637020705128229,1.0866077957082045,1.0104707096643315,528909.2033221681,521270.13715159136,209034.0597745714,97671.06359157138,1352355.6976213735
P017,residential,Residential Building,24,20,90.42695198493763,False,0.865930442533146,1.0911045334569962,1.0039571850978373,467805.7947308189,461765.85394727223,184409.15643896908,86165.08938707241,1163455.8762126132
P017,residential,Residential Building,24,21,93.40546960475046,False,0.8442071402632065,1.0961989522330635,1.00254406330657,397072.7578571888,403908.80390016583,160553.9383478268,75018.75024175101,1030270.9577825023
P017,residential,Residential Building,24,22,95.96905808690116,False,0.8370857822007423,1.1013537279193277,1.0030901041422127,338874.72242617916,349276.1257768451,138187.608619312,64568.093465627055,906303.540342049
P017,residential,Residential Building,24,23,98.15378857280992,True,0.8312238648450783,1.105883907588377,1.0031447328311298,100370.20574652619,224162.22773044644,35329.69703532464,44020.757057862174,395246.14415134594
P017,residential,Residential Building,24,24,100.0,True,0.8324738384178582,1.110473732177134,1.0000409764489406,0.0,76085.99820094551,0.0,23249.900055743565,100136.11733894199
P018,residential,Residential Building,26,1,4.373972451166427,False,0.9971999999999999,1.004,1.003,423472.45180251775,345316.16369986616,126926.0407695765,102546.29410894349,992488.1862749116
P018,residential,Residential Building,26,2,5.788380489822723,False,1.0140653678057536,1.0079679304644722,1.0053376372967675,139253.94813009616,112105.92902319515,41043.97418676721,33160.31464336802,326307.98883638356
P018,residential,Residential Building,26,3,7.62422240661137,False,1.001691386088662,1.0125282533913929,1.0096549671335147,178540.22221047545,146167.08416085836,53273.34558649854,43040.68835329112,431711.58883304393
P018,residential,Residential Building,26,4,9.981530883173459,False,0.9996139034200706,1.0168619573325013,1.014339319942429,228778.68324966333,188488.808460245,68405.51355617202,55266.29420781501,555744.4931420863
P018,residential,Residential Building,26,5,12.966900352324707,False,0.9657510132245815,1.0212027635328336,1.014884014923015,279917.53800955636,239727.14858332253,86630.89015402726,69990.97022794574,643460.6561614721
P018,residential,Residential Building,26,6,16.682216088908508,False,0.9576618665569436,1.0253719079624424,1.0148498326902444,345441.7075100771,299560.3251320571,107812.8227642881,87104.31180921309,864371.9388936736
P018,residential,Residential Building,26,7,21.20676159041102,False,0.9194321600691222,1.0297854274650093,1.0132314720566484,403888.5122725641,366377.54918023874,131295.44211792306,106076.42798084914,1011002.9205831117
P018,residential,Residential Building,26,8,26.57350932549718,False,0.9100723230633643,1.034444141335442,1.006558068980945,474191.689848626,436541.3400320825,155734.87245945615,125821.57244815066,1226476.5820626519
P018,residential,Residential Building,26,9,32.743823379892405,False,0.9156144797671428,1.0390718411666964,1.0162000473789587,548512.8060523212,504150.2606338254,179053.14721870434,144660.9110667407,1326864.2130265387
P018,residential,Residential Building,26,10,39.588795783016025,False,0.9131524519428842,1.043655199002527,1.0142130737833055,606850.6777389789,561740.7033665869,198630.70835615482,160478.04622800724,1563002.290204078
P018,residential,Residential Building,26,11,46.88739407052349,False,0.9000099475863226,1.0485772144290246,1.0169252256597343,637754.6306925821,601792.8568123492,211794.24290930128,171113.1505581799,1621181.3959313126
P018,residential,Residential Building,26,12,54.34835220332369,False,0.9039055311100804,1.0530664299936694,1.0156403305188206,654763.5535278703,617813.6830641794,216505.67915473803,174919.6218226322,1631487.4826446846
P018,residential,Residential Building,26,13,61.65365815997417,False,0.9032735462461796,1.0578026117851544,1.0183717827091006,640655.4885594524,607645.3737485147,211988.88928547752,171270.40957624733,1640274.8652600902
P018,residential,Residential Building,26,14,68.510957674497,False,0.9023158676117873,1.0621259727051313,1.011909641444941,600728.9530701044,572712.0216273809,198988.4224161992,160767.05115548946,1568569.0898217505
P018,residential,Residential Building,26,15,74.6973974908199,False,0.8943585009125263,1.0670787222116007,1.010667250112999,537179.3159460062,519092.08113322273,179521.09235066894,145038.97406183882,1397588.6737733125
P018,residential,Residential Building,26,16,80.08204078147382,False,0.8901488559196911,1.071406593386554,1.0099279630822298,465357.18813616096,453647.37730139756,156254.17431628023,126241.12765225473,1189485.1483847855
P018,residential,Residential Building,26,17,84.62447345862354,False,0.8638851364228247,1.0761500788957294,1.0115364685413466,380988.04781283153,384386.8240216163,131814.50080217357,106495.78672057051,983489.1563888175
P018,residential,Residential Building,26,18,88.35639413108305,False,0.8563547702646053,1.080896116907021,1.0136143886144575,310279.4229283195,317192.93940976943,108294.672796831,87493.60887429095,803445.8013936756
P018,residential,Residential Building,26,19,91.35635964330288,False,0.8553502718128694,1.0855656103335294,1.0103853518890116,249130.6206611961,256082.25779923983,87054.44516684048,70333.16948549692,683650.3029886325
P018,residential,Residential Building,26,20,93.72598307168029,False,0.8370756536364033,1.0902098230061252,1.0075617385223963,192579.87296141247,203140.5280892455,68762.87476354965,55555.01405799454,522487.78524594475
P018,residential,Residential Building,26,21,95.57189856691348,False,0.8418187222610767,1.0947251684764485,1.019954265060915,150868.03920405204,158900.06309032504,53565.66554109866,43276.859968324454,411235.51830936683
P018,residential,Residential Building,26,22,96.99435616070014,False,0.8266288261531343,1.0992211654282005,1.0240252391932627,114160.72657628023,122950.85735538801,41277.56005729127,33349.03372129105,320466.29345649394
P018,residential,Residential Building,26,23,98.08137409296069,False,0.8210382594236902,1.1040467117987482,1.0254787923003086,86649.67816228436,94369.42491779778,31543.610282815043,25484.765125477552,226396.77463646946
P018,residential,Residential Building,26,24,98.9067604265536,False,0.8186565053616308,1.1086245158302577,1.0255475422778362,65603.3234441465,71952.9995319104,23951.458450619164,19350.901420412498,184171.36354196843
P018,residential,Residential Building,26,25,99.53044894277525,True,0.8188423969254226,1.1134140267055592,1.0257513716709188,17354.13465874489,40953.6722645166,5429.548191348746,11697.731840954899,76355.58836659245
P018,residential,Residential Building,26,26,100.0,True,0.8254482565785171,1.118262328060911,1.0267121765749776,0.0,12386.680151252636,0.0,5504.232291231492,17813.26624854554
P019,commercial,Commercial Building,31,1,11.39252701386753,False,0.9971999999999999,1.004,1.003,2937807.1450622487,1715480.1758024348,922762.4930462295,454659.3712731413,5806226.351374551
P019,commercial,Commercial Building,31,2,13.06384192325574,False,0.9884873836521264,1.0085597149027081,1.0003928128920647,427218.80801063485,252808.59109345858,135371.7845544825,66699.77477138385,887654.5030330737
P019,commercial,Commercial Building,31,3,14.942541095350759,False,0.9945843033966553,1.0125626139271011,0.9959932166692272,483192.0617314754,285306.099230221,152169.32376952667,74976.1824884293,992994.517251601
P019,commercial,Commercial Building,31,4,17.043070318222014,False,0.979904832797388,1.0169421168891661,0.995155723862205,532271.9417473255,320373.72131183854,170136.9309946564,83829.10083504763,1169918.1736882806
P019,commercial,Commercial Building,31,5,19.377596457743728,False,0.99445876389684,1.0213770607601955,0.9973753590336683,600352.6975161018,357615.85460332665,189090.01997225333,93167.58130339759,1225124.9378213552
P019,commercial,Commercial Building,31,6,21.95497640050587,False,0.970271601863653,1.0259874335159922,0.9902594635920192,646684.8859290542,396599.7259935062,208760.4917342351,102859.52737981951,1306235.5776120345
P019,commercial,Commercial Building,31,7,24.77964999136212,False,0.9526413146742769,1.0303103626691998,0.9921502771225652,695854.8005909828,436483.93233697134,228790.578382443,112728.66128009008,1507814.541435638
P019,commercial,Commercial Building,31,8,27.850533788615113,False,0.9387350307718036,1.0348678006189247,0.9870645826785118,745465.1642318072,476628.6906185274,248732.90931495096,122554.55658015051,1519794.2973904903
P019,commercial,Commercial Building,31,9,31.16001941762809,False,0.9055755974638462,1.0393261965131773,0.9878846515903333,775007.948208439,515874.7807777725,268058.98340301204,132076.8125888977,1736721.0212025617
P019,commercial,Commercial Building,31,10,34.69320059482101,False,0.8972952616406962,1.0438673206094358,0.9887955173127152,819827.0210580281,553150.2763041587,286177.69064597966,141004.18025441148,1708261.3496506556
P019,commercial,Commercial Building,31,11,38.42745951266389,False,0.8978108535036611,1.0483415501612834,0.9887113873535511,866982.2854879982,587136.5947217339,302464.41939653753,149028.9037446128,1893631.9184614883
P019,commercial,Commercial Building,31,12,42.33252972007862,False,0.8969827708809942,1.0528641021640608,0.9879065440261172,905803.2891928711,616641.9815674938,316299.65114221646,155845.73669384004,1908471.5362910868
P019,commercial,Commercial Building,31,13,46.371115183163724,False,0.8875437790352694,1.0573871789899754,0.9856238755415874,926915.2082473676,640464.7643870112,327114.00953979813,161174.13855977997,1978313.8605917376
P019,commercial,Commercial Building,31,14,50.500085221532096,False,0.8768496351584838,1.0619761421710663,0.9887739543975612,936241.3169746791,657640.2950146204,334434.9047125541,164781.25699110425,2102696.7790969713
P019,commercial,Commercial Building,31,15,54.67219020481193,False,0.8593320276716004,1.0665615566377737,0.9883664113829965,927122.6098665341,667379.8312058052,337928.7133518016,166502.71061675498,2112057.6881155255
P019,commercial,Commercial Building,31,16,58.83816668826206,False,0.8598987878808629,1.0711113206654266,0.9868365654502136,926371.3107141501,669242.2448811781,337432.32218462613,166258.13100100955,2167814.9533972777
P019,commercial,Commercial Building,31,17,62.949039237837546,False,0.8402283138331654,1.0759884439590988,0.9855236100124134,893207.3137948674,663397.0612629016,332969.0592635088,164059.01223661017,2142444.674239315
P019,commercial,Commercial Building,31,18,66.95839387728782,False,0.8380763876680581,1.0806323661550166,0.9844596735862577,868918.4589330051,649806.9730553665,324746.3954311608,160007.57842088997,1910236.5628538781
P019,commercial,Commercial Building,31,19,70.82440280354706,False,0.8158220455246612,1.0858544360328555,0.9901243388370694,815603.7898737891,629602.416410286,313135.79775510106,154286.857130977,1875786.072157243
P019,commercial,Commercial Building,31,20,74.51142059163944,False,0.8269639996804523,1.0907939394592945,0.9943446990436713,788465.658611207,603184.0833874275,298638.02138933184,147143.57818651194,1772624.6806440565
P019,commercial,Commercial Building,31,21,77.99103868708741,False,0.8290241181792257,1.095575304749295,0.998437027697217,745967.1309883409,571749.4280324763,281839.23239294806,138866.5546828449,1719375.3925578704
P019,commercial,Commercial Building,31,22,81.24256231373448,False,0.8040451878776034,1.1003554787980072,0.993788541917451,676064.7882922591,536601.457685002,263364.2250109528,129763.63242076311,1653141.8066682979
P019,commercial,Commercial Building,31,23,84.252946129735,False,0.8097685922148705,1.1050662941845169,0.9984200157618963,630381.9140475572,498932.8820734393,243832.5818053627,120140.08932413226,1472105.7362458997
P019,commercial,Commercial Building,31,24,87.01627984103042,False,0.7878990021787784,1.1104564054076458,1.0010764912037853,563021.3082327654,460221.3612285451,223822.22148341572,110280.67489031475,1371150.8360722382
P019,commercial,Commercial Building,31,25,89.53294641344448,False,0.8042792274597461,1.1151725769401408,1.0035580194528047,523423.81512325985,420920.12013509835,203842.8803109364,100436.54407183778,1255802.8749832844
P019,commercial,Commercial Building,31,26,91.8085835911966,False,0.8100700719888484,1.119872353987891,1.0051014438929498,476701.5386332499,382211.251504927,184320.1804880653,90817.40751837999,1111763.6029102695
P019,commercial,Commercial Building,31,27,93.85296876661113,False,0.8026416762186673,1.1247208646958649,1.011357104240096,424331.6002268386,344857.2801968324,165589.42181273302,81588.4726332157,1031260.1396904072
P019,commercial,Commercial Building,31,28,95.67892467445049,False,0.8127276778148154,1.1298161210562998,1.0080948937558347,383756.9750763287,309406.88772951206,147897.2684163373,72871.27465400583,915642.1118019419
P019,commercial,Commercial Building,31,29,97.30131575162235,True,0.7948821672468642,1.1348812998272169,1.0032108569658957,133394.90443746495,220916.3707069457,48183.33388103821,53956.079147923876,458486.5378451975
P019,commercial,Commercial Building,31,30,98.73617776804596,True,0.7947295136916388,1.1398417104278395,1.009244104177554,88465.0406332226,171705.6745880944,27117.94596839655,43901.84786192362,332637.14312886354
P019,commercial,Commercial Building,31,31,100.0,True,0.8145300547985141,1.1447732163808728,1.0103877770207537,0.0,65096.64846428446,0.0,25218.66398393436,87901.43412955421
P020,residential,Residential Building,28,1,3.894956486955839,False,0.9971999999999999,1.004,1.003,157065.22165292082,118081.08756386267,41000.757255689874,33796.79991511752,338239.5403892468
P020,residential,Residential Building,28,2,5.085484107905658,False,0.9819707591446116,1.008350625156754,1.00638126766682,47275.17910477139,36248.91977638852,12532.241157566217,10330.288395624404,100400.23716504252
P020,residential,Residential Building,28,3,6.615203055382592,False,0.9637880339436191,1.0128080525725465,1.000365683519719,59619.49971163936,46782.433946492085,16102.78200667413,13273.474393714905,138428.0483800087
P020,residential,Residential Building,28,4,8.56412207952495,False,0.9684337956160074,1.0173272742367412,1.0063691063588098,76323.60637490502,59868.51754161887,20515.54518964843,16910.90170847707,173706.2100391326
P020,residential,Residential Building,28,5,11.020415066491752,False,0.948612967794469,1.0216130113919375,1.0091072870306699,94224.61616752688,75772.32357792291,25856.482054358094,21313.419775404185,217715.56484972048
P020,residential,Residential Building,28,6,14.07432743028404,False,0.9388811163704873,1.025975162296353,1.0094550336523895,115947.75011880639,94610.0863295962,32147.398803384185,26499.003381179933,276450.0494049384
P020,residential,Residential Building,28,7,17.807664300440422,False,0.9295817053821223,1.0304428305917679,1.0167152235204377,140339.49157812935,116162.27333982104,39299.44770362062,32394.415608740263,339025.8457613077
P020,residential,Residential Building,28,8,22.278478962652375,False,0.9066366907950116,1.0348060965501757,1.0172504500799828,163913.64524366776,139697.83212989624,47062.60193520095,38793.56010840699,400155.19438257796
P020,residential,Residential Building,28,9,27.50218169653006,False,0.9119052039029446,1.0390346589306536,1.0269531552507438,192629.72295267807,163890.0208260151,54987.974444611755,45326.42064273672,444914.08803302085
P020,residential,Residential Building,28,10,33.432755106716215,False,0.8808952353825349,1.0431620385954534,1.020991965099499,211259.42747615994,186806.71434159356,62428.938960531304,51459.98513647843,484621.21653320774
P020,residential,Residential Building,28,11,39.95024895888399,False,0.8797044297610843,1.0477614016473105,1.0180196917684496,231852.9150027056,206199.23375137744,68607.23200454374,56552.73336362181,558498.5511629877
P020,residential,Residential Building,28,12,46.86149218917475,False,0.8813232957561172,1.0523697974259594,1.012582994751814,246312.5718195598,219618.32478556398,72752.0851565791,59969.32325203035,592805.4193558584
P020,residential,Residential Building,28,13,53.91822876013591,False,0.8735035878072632,1.0568103920968686,1.010271789433046,249266.40490587172,225187.8747071481,74283.63940195373,61231.778773699814,599735.8486990617
P020,residential,Residential Building,28,14,60.85064406242069,False,0.868745339396743,1.0619164795108549,1.0068757496486394,243541.07090582955,222289.50265685172,72974.95567832534,60153.034747490354,582326.3404442407
P020,residential,Residential Building,28,15,67.4073851847492,False,0.8612950635106607,1.0662777199696856,1.0076930932904629,228367.9463486216,211106.8827822335,69020.37340989657,56893.28457164669,563456.2887775946
P020,residential,Residential Building,28,16,73.39000456199688,False,0.8415467923340335,1.0707729723599935,0.999160351956898,203593.91499784734,193433.99224832194,62976.80748455026,51911.59150000456,508485.1456451046
P020,residential,Residential Building,28,17,78.67249105618396,False,0.8299680069639908,1.0755635239377905,1.0057695824594526,177294.3511639758,171560.96569405275,55606.7692103798,45836.49129232899,458325.20335920446
P020,residential,Residential Building,28,18,83.20327665442933,False,0.8170027221915487,1.080464059637093,1.0059935150535282,149689.78561359874,147818.18245157797,47693.89365795505,39313.93196175926,379540.93243353546
P020,residential,Residential Building,28,19,86.99353843850017,False,0.8000559620613941,1.0847646749050344,1.0123124305932922,122626.61046476256,124150.58266720796,39898.67508524205,32888.35692289755,318331.2018029789
P020,residential,Residential Building,28,20,90.09866076248554,False,0.7934038423150381,1.089240419778395,1.0157499842511934,99624.96099196066,102128.38960137402,32686.466994256574,26943.355656770895,275464.97430834646
P020,residential,Residential Building,28,21,92.59918153439527,False,0.7977324092016176,1.0940137662327225,1.0205312022121558,80664.5758205618,82603.27663550393,26322.05148510137,21697.187245826746,210008.77058949365
P020,residential,Residential Building,28,22,94.58512356577847,False,0.8055212132769729,1.0989739121964344,1.0191575192385087,64690.23084989844,65901.90550142445,20905.272607102568,17232.152837254827,169807.8580198148
P020,residential,Residential Building,28,23,96.14510050457915,False,0.7797570265457282,1.1034582112781006,1.0126308133688953,49189.52475213808,51977.823541812526,16421.296619472592,13536.025023491307,134023.6320355185
P020,residential,Residential Building,28,24,97.35990696790046,False,0.7691470775260871,1.1083276349462485,1.0189143571543278,37784.32251315687,40655.49726303211,12787.815494752324,10540.957547012307,102947.41392481358
P020,residential,Residential Building,28,25,98.29955036968352,False,0.7808586513037524,1.113359426703871,1.0212344833836438,29670.89496871349,31589.480256668085,9891.276360195923,8153.349119040527,78948.75600161708
P020,residential,Residential Building,28,26,99.02256769264648,False,0.7802601789593739,1.118247172376939,1.0179592376719624,22813.047106092683,24413.527383349265,7610.934255553637,6273.67003487146,58043.267609711154
P020,residential,Residential Building,28,27,99.57666539726307,True,0.780473067827801,1.123278886115065,1.019202632414134,6120.789840621017,14095.459288837565,1749.834091266776,3846.3544985046324,26906.67480508907
P020,residential,Residential Building,28,28,100.0,True,0.7738850883656199,1.128259484788839,1.014946963975659,0.0,4326.712494851172,0.0,1836.651438053384,6263.417273506512
P021,commercial,Commercial Building,30,1,4.371953994584514,False,0.9971999999999999,1.004,1.003,301887.45168465044,204923.7242647492,110116.5849555032,68572.65052793414,682523.3030515244
P021,commercial,Commercial Building,30,2,5.417866469584361,False,1.0063030682939509,1.008414522438115,1.002400634443889,72880.50079697664,49239.92451340649,26343.440496401327,16404.79079144269,159448.00807692535
P021,commercial,Commercial Building,30,3,6.697057414260602,False,1.0051945409234597,1.0129814006515168,1.001780720600505,89037.4484770587,60495.04327905917,32219.034900237606,20063.686332572666,198562.5900490831
P021,commercial,Commercial Building,30,4,8.252809951563526,False,0.9879815062137369,1.0175755894653877,1.0004116088108117,106433.0582782195,73907.77740589,39184.80310082447,24401.463322936623,244898.64418135385
P021,commercial,Commercial Building,30,5,10.132066763144532,False,0.9833935024790982,1.022014346061323,1.0018297676410988,127967.79179508757,89665.64340022986,47332.918553580064,29475.52072881103,294225.93204649317
P021,commercial,Commercial Building,30,6,12.383501386337938,False,0.9770204942870675,1.0265851786986715,1.0002298412150312,152317.64714227163,107903.93294005965,56706.97639173102,35313.00644836832,336831.2211626905
P021,commercial,Commercial Building,30,7,15.054392080094066,False,0.9589263056221227,1.0311265752953112,0.993592911895767,177348.92310573944,128573.37348309247,67271.83368127141,41892.03600223522,436818.6464317195
P021,commercial,Commercial Building,30,8,18.186122443852835,False,0.9489216222849948,1.035712894793402,0.9880866336174687,205779.40824532608,151428.17571959895,78879.02139083335,49120.15360814854,450326.4351323095
P021,commercial,Commercial Building,30,9,21.808348131151533,False,0.9267425058043779,1.0400017979590224,0.9811531514040636,232445.850149756,175870.31449391344,91233.1472649312,56813.410318615424,580683.8317054744
P021,commercial,Commercial Building,30,10,25.932237208765113,False,0.9033935517705376,1.0443053245394034,0.9734512089269667,257971.16797991912,201056.17296640074,103868.56369591405,64681.83445787494,612293.3336093046
P021,commercial,Commercial Building,30,11,30.543684181624993,False,0.8935139476858471,1.049225397880972,0.9760070519241076,285315.76136773796,225885.8142043448,116148.70444284742,72329.0185783558,710839.4208712688
P021,commercial,Commercial Building,30,12,35.597892188055155,False,0.8771935797912975,1.053554094026757,0.9772730472740727,306998.1540347379,248595.2890988094,127300.54479352852,79273.57875900053,760260.7371985572
P021,commercial,Commercial Building,30,13,41.01699118339423,False,0.8780962622501026,1.0581983692892905,0.9787666890588563,329500.7606828519,267717.719355364,136491.06912874713,84996.77307765909,846418.3739862922
P021,commercial,Commercial Building,30,14,46.69215369296531,False,0.8865258425947248,1.0629828831298633,0.9714326640018995,348382.9645564007,281635.57843335014,142940.55138630533,89013.04449683144,839134.7762140176
P021,commercial,Commercial Building,30,15,52.49084007168078,False,0.8711073100998306,1.0678637533453024,0.9743320285634745,349774.77602139104,289086.89869821613,146051.75215546234,90950.47547647772,899584.902068068
P021,commercial,Commercial Building,30,16,58.268487759694885,False,0.865145414901438,1.0725514705607977,0.9764415603378875,346120.5414831713,289302.47054431704,145521.8497880453,90620.49058029249,846552.5336147107
P021,commercial,Commercial Building,30,17,63.8826087767714,False,0.850595722447609,1.0772520998756896,0.9770285621546275,330668.0030711967,282346.27555947745,141403.09680594725,88055.62890240423,827154.722935167
P021,commercial,Commercial Building,30,18,69.20646454274161,False,0.8496556102600774,1.081899536171152,0.9830401861598198,313225.0006047525,268903.3171571776,134092.1739959932,83502.9145670817,821012.3041747733
P021,commercial,Commercial Building,30,19,74.1396295724396,False,0.8330911771538994,1.087026406767674,0.9802326160346552,284580.66351284063,250350.6265254037,124251.8303635264,77375.059755233,737884.6486184816
P021,commercial,Commercial Building,30,20,78.61376549862435,False,0.8300616159621746,1.0917652883508167,0.9812958513490887,257161.95211575966,228045.44405599165,112690.24546654962,70175.34028509329,643794.8687777289
P021,commercial,Commercial Building,30,21,82.59332792861768,False,0.8570436058450039,1.0965226273302222,0.9771052177794791,236170.3915285214,203721.0304183881,100233.40249026,62418.11878717242,621063.2806727659
P021,commercial,Commercial Building,30,22,86.07213958443529,False,0.8492974949304533,1.1013384644360418,0.9833195818580719,204586.9688587281,178868.83065484377,87620.97215948414,54564.008729821,528794.555171027
P021,commercial,Commercial Building,30,23,89.06741237058839,False,0.8666230063144905,1.1065429841383956,0.9884535674584041,179743.75204962151,154734.66308853187,75442.05877506695,46979.861694593834,460484.9085541981
P021,commercial,Commercial Building,30,24,91.61284584161932,False,0.8594168826502796,1.1111632430285405,0.9943162104503963,151479.14309778312,132045.1825075252,64111.937456010855,39924.28101195025,419624.9338315361
P021,commercial,Commercial Building,30,25,93.75206536709881,False,0.8538465526584185,1.1162315327845365,0.990708228226609,126480.15569829973,111478.8769144251,53880.61011340071,33552.94980343877,330699.7824872935
P021,commercial,Commercial Building,30,26,95.53315048276312,False,0.8643829495531874,1.1209972125180359,0.9912539198290005,106605.12266181954,93212.06964575186,44860.26401352165,27935.73019026271,265878.41750903707
P021,commercial,Commercial Building,30,27,97.00453940713561,False,0.872260307205075,1.126059837334067,0.996529594509043,88871.15020455689,77352.06205171079,37059.93331447376,23078.247993150722,232875.37169055355
P021,commercial,Commercial Building,30,28,98.21227185435261,True,0.872385749330761,1.1310302300110917,0.9949482924946187,29182.76894280771,51017.34787387857,11153.709155482577,15785.73622092911,113378.77770465004
P021,commercial,Commercial Building,30,29,99.19835776441886,True,0.8556191407206893,1.1363025396729423,0.9997612183643653,17526.843459403102,36617.58637680036,5795.203480839967,11857.59704898381,67123.87554559667
P021,commercial,Commercial Building,30,30,100.0,True,0.8515544587370593,1.1415329857939576,0.9984618914889373,0.0,12816.612519673341,0.0,6286.746491045946,18703.815187643242
P022,residential,Residential Building,23,1,2.157107524906122,False,0.9971999999999999,1.004,1.003,315350.84768781735,266446.4332377011,83860.46994792334,52275.407884417094,705788.2039384347
P022,residential,Residential Building,23,2,3.102238943042521,False,0.9797104015463851,1.0085212450724839,0.9992478790787825,135746.88054161624,117268.57718136848,36743.26104393662,22904.342883699333,307205.9896823859
P022,residential,Residential Building,23,3,4.442911671572262,False,0.9480058172933545,1.0132905035313937,1.007504335856317,186326.10978264522,167132.59334373035,52120.463983714384,32489.90275830443,419659.48865925625
P022,residential,Residential Building,23,4,6.325634039085634,False,0.9448852800333465,1.0181351148126185,1.007098900937391,260798.62939642722,235828.3990794344,73193.3761753529,45625.94982332196,631476.6842364699
P022,residential,Residential Building,23,5,8.932564557176814,False,0.9265629218953576,1.022283150134809,1.0129123284068764,354114.990955357,327872.5535333563,101347.9466575149,63176.43167346612,834323.1152926382
P022,residential,Residential Building,23,6,12.47270775591215,False,0.8886399204658803,1.0268947124756296,1.006538531131867,461197.12132022914,447250.8262735634,137627.85067555227,85791.93551846182,1117599.5573292645
P022,residential,Residential Building,23,7,17.155171444131625,False,0.8790133454666859,1.0318827995363515,1.0094858115709053,603406.2802292315,594441.6017802351,182037.1033313515,113474.96421917954,1570065.5330692586
P022,residential,Residential Building,23,8,23.137398406858107,False,0.8781991205751102,1.036348348195103,1.0031925068521872,770186.3597840117,762733.9010243613,232567.15700864934,144973.46605255312,1964530.5245176563
P022,residential,Residential Building,23,9,30.45039660411674,False,0.8728573307986222,1.0407707449706722,1.0083089646985715,935790.5801593545,936386.0753363987,284302.6870332368,177223.41571097128,2312660.748466645
P022,residential,Residential Building,23,10,38.92312617915671,False,0.8588507000269163,1.0451736683429134,1.0061231650989972,1066794.9674558013,1089472.3415971524,329388.8114990665,205328.38039626885,2675583.6142512783
P022,residential,Residential Building,23,11,48.15017848631527,False,0.8698659982858798,1.0495926316264135,1.0105327597627165,1176671.6147546328,1191483.850131376,358714.12703270913,223608.65991070966,2886958.8642135933
P022,residential,Residential Building,23,12,57.54523316795223,False,0.857841313315356,1.053994905595259,1.0131344451084117,1181533.9609015726,1218266.2927681988,365245.446363552,227680.03444814324,3011686.6624248517
P022,residential,Residential Building,23,13,66.47866647552806,False,0.8619068815697913,1.0585507850772715,1.0127779919354394,1128804.382342932,1163414.5809159225,347299.29165415314,216493.08834620446,2810201.12752788
P022,residential,Residential Building,23,14,74.43721463935437,False,0.8458508875523439,1.0631370606468453,1.0180833880433462,986887.3844199035,1040944.3469774876,309399.3143205517,192867.69279148706,2570436.7886976143
P022,residential,Residential Building,23,15,81.12598392898383,False,0.8282402511873322,1.0675097915363179,1.0147818519403282,812161.6684013025,878461.0052005028,260034.94472347893,162095.83380659713,2039365.8499867097
P022,residential,Residential Building,23,16,86.47772440729582,False,0.8189981038734824,1.0722106009386265,1.0194925647026352,642566.204716958,705959.1087539077,208056.1429454472,129694.2378463403,1625060.3933316206
P022,residential,Residential Building,23,17,90.59365000086785,False,0.8395772251301443,1.0768601615985487,1.0184791467638348,506603.4037008275,545294.6415198258,160012.16933433013,99745.46319161978,1328071.900747448
P022,residential,Residential Building,23,18,93.66387404451025,False,0.8330309925726771,1.0818414225413298,1.0218880887406225,374948.1084239654,408637.3684841228,119359.10851568254,74403.90074432464,986052.7672276862
P022,residential,Residential Building,23,19,95.90226459037791,False,0.8158350229158299,1.086666939507818,1.0304803275309797,267718.3545694869,299251.7656884152,87020.45722621978,54245.223030755966,706019.1663747722
P022,residential,Residential Building,23,20,97.50711569567112,False,0.7964886560859649,1.0918114740810947,1.0325704800638045,187393.3950772019,215569.24670075157,62390.75536681479,38892.00939420557,492795.14503522264
P022,residential,Residential Building,23,21,98.6439866964663,False,0.7759726682595929,1.0963324824246101,1.0318463830624607,129329.48623515163,153340.8529613241,44197.39641907697,27550.965629828766,370967.60062372393
P022,residential,Residential Building,23,22,99.44249897350512,True,0.7808130156934948,1.1014223266697103,1.0340834826249317,31991.648933915953,81152.35758641246,9312.973141833925,15480.936207752804,138291.18822114432
P022,residential,Residential Building,23,23,100.0,True,0.8008337714028779,1.106092563259607,1.0362348573058942,0.0,22759.504502607335,0.0,6755.248224649648,29082.027353037876
P023,municipal,Municipal Engineering,32,1,1.542218803257523,False,0.9971999999999999,1.004,1.003,516077.5097094349,332239.58243869146,145912.7207977347,78180.06517005232,1096215.462823874
P023,municipal,Municipal Engineering,32,2,1.9628739495781145,False,0.9932649173443446,1.008172582390325,1.0031337199628416,140209.67163618313,90998.190094431,39799.11072771268,21324.371537940722,279137.6057691082
P023,municipal,Municipal Engineering,32,3,2.495452667147549,False,0.9530249168284612,1.0124158965735945,1.006284338935005,170323.5625925233,115694.95694913968,50388.446539092256,26998.139796904452,373029.1095622974
P023,municipal,Municipal Engineering,32,4,3.1680156742409378,False,0.9564766470334658,1.016838801875862,0.9997032970987767,215870.85748060886,146742.78324664797,63632.66876633693,34094.39673181536,452818.3592557395
P023,municipal,Municipal Engineering,32,5,4.014624590703052,False,0.9620074751901646,1.0213258361928337,0.9984816439534114,273305.2374721634,185531.99819652582,80099.53593594058,42917.34747543685,579544.9496022953
P023,municipal,Municipal Engineering,32,6,5.076007313434158,False,0.953552459346676,1.0255990998560918,1.0011415614640549,339627.832909257,233572.28557324642,100419.75921593205,53804.9271985367,720105.0806189539
P023,municipal,Municipal Engineering,32,7,6.399906674919366,False,0.9403831771212324,1.0300367421659669,0.9983098274784922,417778.8917371407,292603.3909908858,125257.03712641986,67112.74570176609,948279.0277100586
P023,municipal,Municipal Engineering,32,8,8.04082802395911,False,0.9294378469323172,1.034468233866855,1.0027045707547833,511793.5260833919,364230.73481771135,155251.18624396488,83183.61683561682,1116652.6241825304
P023,municipal,Municipal Engineering,32,9,10.058796657184875,False,0.9242548828760868,1.0389369936301467,1.0037074425170962,625882.5373770773,449857.8336603393,190924.4610015885,102297.36463041154,1310278.9413438842
P023,municipal,Municipal Engineering,32,10,12.51665027390011,False,0.9333333513182456,1.0438753008002475,1.0027659829125848,769802.7680533612,550524.0565234958,232542.9490160271,124596.55888475076,1696622.6691031356
P023,municipal,Municipal Engineering,32,11,15.475382276442026,False,0.9115930790992477,1.0485381010856638,0.9977190138207866,905093.2333563053,665673.871923527,279932.15728555236,149987.70621318975,1850687.6444926336
P023,municipal,Municipal Engineering,32,12,18.987207225890018,False,0.8788353405184997,1.0530583861490912,0.9956358415539169,1035683.4640826704,793518.3542453937,332261.50028580526,178025.77872461197,2305333.5560885253
P023,municipal,Municipal Engineering,32,13,23.08644138280457,False,0.8894968182388061,1.0577367182566724,0.9970710381005473,1223584.016708656,930362.0203726466,387837.58034788625,207803.45360720519,2712476.5919932956
P023,municipal,Municipal Engineering,32,14,27.779036354685953,False,0.8689267740299844,1.0625315127459163,0.99577011772794,1368305.0180846408,1069859.0279522475,443976.7551158874,237882.83474655967,2989057.0504120104
P023,municipal,Municipal Engineering,32,15,33.03258698289569,False,0.8588633793746607,1.0671092934906068,0.9918936894215997,1514131.786849017,1202910.9816487294,497050.0063879257,266319.4934597247,3505755.9011566197
P023,municipal,Municipal Engineering,32,16,38.76953006045348,False,0.8412654719023471,1.072000711422461,0.9880354280782652,1619572.0558445936,1319615.1107353643,542784.8316594587,290824.2220448757,3781871.076123675
P023,municipal,Municipal Engineering,32,17,44.866505684303654,False,0.8295026228820346,1.0770719638328925,0.991432795552201,1697144.7765508285,1409064.4098278335,576848.3045559739,309075.4376784972,3866998.5690988577
P023,municipal,Municipal Engineering,32,18,51.16193152295545,False,0.8153823509123592,1.0819152159295593,0.9928960837995342,1722554.9645288014,1461470.3419202426,595624.1168618781,319135.5216908505,4092634.268089528
P023,municipal,Municipal Engineering,32,19,57.47166316700273,False,0.8257037764146717,1.086721877327797,1.000712043577681,1748323.6373631496,1471299.0840547197,596977.6206474943,319860.729291592,3977510.848640186
P023,municipal,Municipal Engineering,32,20,63.609888845718885,False,0.8318287185301334,1.0918095484682986,1.0091232928551364,1713418.4196119648,1438008.3419625158,580751.0631825954,311166.53653611644,4346265.509908057
P023,municipal,Municipal Engineering,32,21,69.41042369078599,False,0.8269061679283346,1.0969593665622441,1.0009664790880248,1609573.9732926956,1365306.7784438243,548801.3889715736,294047.89466360875,3857425.2771762256
P023,municipal,Municipal Engineering,32,22,74.74341132911788,False,0.827845777525522,1.101573118884505,1.0047234280860446,1481517.1543711985,1260536.925242816,504565.71703448106,270346.41273677297,3551800.4544992475
P023,municipal,Municipal Engineering,32,23,79.5241988530648,False,0.8225324476584552,1.1062874415063626,1.003070020217388,1319590.4115294486,1134851.6420336526,452320.84688730136,242353.60079702848,3090250.4069399266
P023,municipal,Municipal Engineering,32,24,83.71385241833958,False,0.8294015918064921,1.1113581749921897,1.0047310243649308,1166083.4928545675,999088.195008902,396392.3599024438,212387.10621428562,2712079.54297751
P023,municipal,Municipal Engineering,32,25,87.31310652977155,False,0.8071330222920801,1.1162072692533074,1.0110619169986808,974864.5880494085,862043.1823923176,340533.36603870674,182457.84605982545,2379249.00140167
P023,municipal,Municipal Engineering,32,26,90.35266430680606,False,0.8033085807896171,1.1211459065471057,1.0151029498248454,819368.9051994253,731213.5054916886,287579.26199072716,154085.02645329086,1907228.0203838157
P023,municipal,Municipal Engineering,32,27,92.88266049952479,False,0.7945511446406834,1.1262360033239507,1.01301497867081,674572.130733913,611393.6726682555,239368.51717003447,128253.6996753926,1623314.431462876
P023,municipal,Municipal Engineering,32,28,94.96326140874804,False,0.7939509309904287,1.1313490645335735,1.012614020616519,554330.935315835,505076.39452695486,196850.23870657076,105472.39751737246,1368905.6145542269
P023,municipal,Municipal Engineering,32,29,96.65737843570847,False,0.7967716594170582,1.1363722964150957,1.0199842388680926,452964.2794338293,413081.4668464323,160284.14660191938,85880.27800835045,1107030.0390052206
P023,municipal,Municipal Engineering,32,30,98.02568026934442,True,0.8110501832449913,1.1411231595461526,1.0233682449031007,148962.27506099388,268025.47920329357,47467.95273068101,57803.042333123805,526786.248983962
P023,municipal,Municipal Engineering,32,31,99.12361951019294,True,0.7917498721945619,1.1461258793486933,1.0281346834640215,87513.33479055447,189008.0631751058,24238.305462902877,42671.206534436344,349050.55120161443
P023,municipal,Municipal Engineering,32,32,100.0,True,0.7897254621133567,1.1512003732173854,1.0320999824745267,0.0,64943.62745161464,0.0,22213.282467493522,93051.20071163132
P024,commercial,Commercial Building,20,1,21.736794289774643,False,0.9971999999999999,1.004,1.003,2613280.629294287,1976765.793448361,846668.2903503306,467288.4602919097,5605192.924063153
P024,commercial,Commercial Building,20,2,25.394399837037735,False,1.012405324406849,1.0083266566434266,0.9986368098308647,446436.37391002796,334059.729472458,142467.1271298686,78629.66552247005,978132.5030120992
P024,commercial,Commercial Building,20,3,29.460472439945747,False,1.017369813125404,1.0125066433811627,0.9989281133467426,498726.28784405586,372905.6981454111,158377.2976479751,87410.71846743324,1088706.6736907482
P024,commercial,Commercial Building,20,4,33.914544207244276,False,0.999853105558069,1.0168942843640296,0.995684519079663,536910.2492180374,410259.8584633883,173490.22482539297,95751.76129580848,1252893.6151690118
P024,commercial,Commercial Building,20,5,38.71561002725539,False,1.007452141213968,1.0211094326787156,0.9966331336560814,583136.6912418198,444054.1744891919,187005.9648860191,103211.29348169248,1303909.9290596407
P024,commercial,Commercial Building,20,6,43.80160265480354,False,1.008703836256202,1.0256942691480235,0.9941542947124069,618511.3633373622,472519.4224020867,198104.128202854,109336.5301387144,1369838.2341601388
P024,commercial,Commercial Building,20,7,49.091264211611424,False,1.013135548244065,1.0301919873658658,0.9992170216203377,646105.9252691023,493596.48996902595,206037.22182443453,113714.9191087868,1419783.1292741504
P024,commercial,Commercial Building,20,8,54.4885744282696,False,1.006921849466923,1.0343557564090027,0.996499915257741,655211.3761702661,505677.1448487713,210230.23692955627,116029.10471699273,1485449.2003799896
P024,commercial,Commercial Building,20,9,59.88935933440314,False,1.0055851538643479,1.0387776839189906,0.994485363985001,654762.8317379525,508165.8797496901,210365.57930609927,116103.80212974318,1539098.5166192558
P024,commercial,Commercial Building,20,10,65.18917773361783,False,1.0013221367924356,1.0434669566539072,0.9909944398894891,639798.3122683048,500916.91651342297,206432.84025285975,113933.26663448122,1482667.4522150373
P024,commercial,Commercial Building,20,11,70.29125040575016,False,0.9782893998346337,1.0478292741547302,0.98869100797952,601758.553536233,484242.8053938046,198730.4608476477,109682.21217328677,1415626.1728387945
P024,commercial,Commercial Building,20,12,75.11318558743561,False,0.973061857499985,1.0525633013374214,0.9900901558735636,565679.0585644286,459722.33203756245,187818.8458717779,103659.9342404938,1361748.15130597
P024,commercial,Commercial Building,20,13,79.59156837278267,False,0.9648072922067639,1.0572640407983598,0.9865086517794782,520918.84999650414,428874.9518120705,174437.1615177789,96274.38933564667,1269910.7453471252
P024,commercial,Commercial Building,20,14,83.6840007838594,False,0.9363851020193675,1.0621899607499066,0.9867354854925398,462002.46745050786,393740.1632494851,159404.03661503017,87977.39053547343,1085022.4502305386
P024,commercial,Commercial Building,20,15,87.36872067888706,False,0.9390230265158577,1.06650871936466,0.9924478857666847,417146.8855289398,355954.836959318,143523.25611373573,79212.55836535273,1079255.4061385656
P024,commercial,Commercial Building,20,16,90.64233239635446,False,0.9515502033774104,1.0711983401246545,0.9896190406491522,375549.47315210116,317631.13516463694,127510.2114483724,70374.72769241346,868917.8567776348
P024,commercial,Commercial Building,20,17,93.51637296642397,False,0.9173009698368624,1.076191846050422,0.9933167627496601,317843.27805699414,280161.5946460238,111946.54480412221,61784.91524097637,762468.6013132707
P024,commercial,Commercial Building,20,18,96.01342642845141,False,0.9198536759650744,1.0806569436346274,1.0064795127102277,276920.350776259,244422.79058796674,97262.54743104802,53680.60496787627,676030.2456280777
P024,commercial,Commercial Building,20,19,98.16335296612763,True,0.9176748170029967,1.085593892518546,1.0082043663068418,83250.86656287512,158554.39481645808,25122.489569072517,36974.57309071682,286949.3704462937
P024,commercial,Commercial Building,20,20,100.0,True,0.911135888813321,1.0902088308935938,1.0106379868048119,0.0,54410.49302893102,0.0,19741.73268414416,73384.73714532176
P025,commercial,Commercial Building,27,1,2.1568407670053333,False,0.9971999999999999,1.004,1.003,420148.53431154764,239784.41434987227,117211.1504554227,72792.29887668187,823854.5923844051
P025,commercial,Commercial Building,27,2,2.920584789954925,False,0.9906515398074127,1.0086322349549774,0.9998265287408117,147798.91393563742,85300.15549911503,41504.832880021786,25775.979402047607,281719.56535298313
P025,commercial,Commercial Building,27,3,3.944027565387932,False,0.9755527408047001,1.0127112750570293,1.0016388565270462,195036.91434001192,114767.35283965155,55617.87729946825,34540.68261883705,394899.65350591304
P025,commercial,Commercial Building,27,4,5.3067873666312115,False,0.9793378353317961,1.0169649140566872,1.0040627848425339,260707.9932798682,153459.73315271107,74057.6896271791,45992.46280334381,525335.3435855586
P025,commercial,Commercial Building,27,5,7.106088573236177,False,0.9928338163193176,1.0215247894974415,1.0100794060014548,348965.8522651586,203526.95545778278,97781.0544330632,60725.517249108605,703265.4906517928
P025,commercial,Commercial Building,27,6,9.45543873680953,False,0.9843544297838107,1.026169045506313,1.0099530810970294,451753.7343749414,266953.62130195415,127672.86287777552,79289.39488206085,892384.9779123178
P025,commercial,Commercial Building,27,7,12.478743015373581,False,0.9754292260649584,1.0307225486494354,1.0059823129313934,576076.4504004773,345058.54792000126,164298.16150003162,102035.00972672472,1207715.8463749893
P025,commercial,Commercial Building,27,8,16.297419883952532,False,0.9595578059755214,1.0353115091950356,1.0005744786535964,715791.526002354,437777.16766907903,207521.81423439452,128878.43747362886,1431824.1962003817
P025,commercial,Commercial Building,27,9,21.008646923376713,False,0.9552420697062947,1.0398804352445379,0.9995946906929623,879123.6715957016,542483.5780737503,256026.47622166254,159001.56004832327,1891544.922448693
P025,commercial,Commercial Building,27,10,26.65532524000226,False,0.9338252857572327,1.0447356092799258,1.0001716858156897,1030056.8061257892,653233.7270325768,306862.5518713283,190572.57354004247,2213255.3595026974
P025,commercial,Commercial Building,27,11,33.19322573793139,False,0.9194295054425954,1.0492694306185852,1.0019173150143237,1174246.414102098,759616.6608817092,355295.04572066525,220650.87713083267,2556557.6004077783
P025,commercial,Commercial Building,27,12,40.46678343061732,False,0.9094695522535097,1.0539483195781516,0.9993014743781894,1292223.252024913,848858.6105838364,395273.53066833946,245478.9401064179,2765455.834939485
P025,commercial,Commercial Building,27,13,48.208025639980285,False,0.9195124014287713,1.0587813093049652,1.0099622672997084,1390499.2093204695,907582.4237260569,420689.33376724675,261263.05900788854,2966412.3737841537
P025,commercial,Commercial Building,27,14,56.067995544019844,False,0.9187716461678783,1.0632351686834896,1.010080954053547,1410687.9824560143,925378.4279193319,427141.4603668779,265270.05941702763,2988576.647542618
P025,commercial,Commercial Building,27,15,63.676008669206354,False,0.9265572622502978,1.0677768674615788,1.0134635508039802,1377038.2914310603,899540.90282585,413449.1450294723,256766.6439443396,2943399.228068242
P025,commercial,Commercial Building,27,16,70.7069272624236,False,0.9261068205424298,1.0725234651163251,1.0216051207775245,1271966.4361687535,835002.982774438,382087.57441729965,237289.99166020687,2787164.4560597963
P025,commercial,Commercial Building,27,17,76.93188632501398,False,0.9359784176497322,1.0773701494519992,1.0142914646664958,1138163.9709308296,742626.7569150517,338288.58598457824,210089.25995419457,2406012.1554651447
P025,commercial,Commercial Building,27,18,82.23753516858228,False,0.9335592489339848,1.0821913392659122,1.0155921512689912,967571.0996444218,635787.0991170496,288329.6784725448,179062.9991160544,2001163.0908481323
P025,commercial,Commercial Building,27,19,86.61496228860139,False,0.9457803484005485,1.0869957748013224,1.0169636906818353,808745.187752574,526885.1215173001,237886.48500213478,147735.979450047,1689952.9964157136
P025,commercial,Commercial Building,27,20,90.13069155797791,False,0.941163429891434,1.0920839859184928,1.0217780535300724,646372.6439155868,425148.46760599286,191058.45858319025,118654.10727621012,1315890.5055606177
P025,commercial,Commercial Building,27,21,92.8938340019443,False,0.9653309803208018,1.0968102555397525,1.0211049838164008,521053.1401945249,335586.0747092403,150159.9513900078,93254.67771981737,1101027.9135536123
P025,commercial,Commercial Building,27,22,95.02874335096786,False,0.9671296278480679,1.102163690148714,1.016658403471504,403335.66519485967,260552.16921091548,116019.31155285439,72052.12447116229,810719.1646243375
P025,commercial,Commercial Building,27,23,96.65660682397295,False,0.952486820829612,1.1068545885430017,1.0198351354961943,302886.17650553264,199515.98784835517,88464.45846821029,54939.57934685431,640492.9744339838
P025,commercial,Commercial Building,27,24,97.88538854778595,False,0.9470635965974152,1.1116520575977815,1.0177804484582944,227329.80850558306,151256.05675814732,66776.7976709256,41470.769591485114,467828.0797541723
P025,commercial,Commercial Building,27,25,98.80588023756106,False,0.9598143630370983,1.1166860048522207,1.019871688577082,172587.61053286077,113820.39802846921,50023.11324678823,31066.13488609309,385751.3797956662
P025,commercial,Commercial Building,27,26,99.49149767351616,True,0.9494305272660075,1.1213023655361531,1.0185454565833658,44505.69515889133,63846.19353660995,11177.738709775915,18511.39688254398,146266.47893587846
P025,commercial,Commercial Building,27,27,100.0,True,0.9092004982333814,1.1264224291058857,1.014945766812267,0.0,19027.62760444678,0.0,8580.849800120683,27118.643061346243
P026,residential,Residential Building,26,1,7.503830050077746,False,0.9971999999999999,1.004,1.003,878567.1128745981,637538.7719366411,247815.5534004943,127529.37188740389,1899002.6795704407
P026,residential,Residential Building,26,2,9.211867754957696,False,0.995665444850695,1.0081229240808038,1.004356505647706,199673.5648533609,145713.85340459392,56408.30165914398,29028.50600422195,421099.15659348585
P026,residential,Residential Building,26,3,11.263754402796856,False,0.9779581581818393,1.0127819099488904,1.0022237618400764,235604.35972577365,175856.81378189236,67763.98475923348,34872.30036351471,485598.9774770579
P026,residential,Residential Building,26,4,13.707251181456567,False,0.9726029221285404,1.017377524595548,1.0018140524458439,279033.93526089354,210370.0011557316,80696.99105586854,41527.80744123317,617736.997371946
P026,residential,Residential Building,26,5,16.586980446628672,False,0.976671099298082,1.0218342038040134,0.9990095523533346,330224.7954275172,249012.98535007203,95103.65996159919,48941.682040009495,737051.7825555475
P026,residential,Residential Building,26,6,19.939499646390388,False,0.9946190582710519,1.0263941365950515,0.9997856531657664,391505.3792227062,291189.2484085967,110717.6462193629,56976.85914163846,812310.0640858632
P026,residential,Residential Building,26,7,23.787218504034712,False,0.9668800930784052,1.0312276131806304,1.0021951259492685,436803.02136159374,335774.541498791,127071.71826562981,65392.894807048026,979813.628550956
P026,residential,Residential Building,26,8,28.131733482418063,False,0.9449314412715522,1.0357288499546824,1.0056965798242596,482004.7097515254,380782.7550545511,143478.5138309005,73836.06273744251,1104022.888968946
P026,residential,Residential Building,26,9,32.94763519060319,False,0.9578332482778413,1.0403386914712829,1.0035777293884578,541598.1919373829,423976.96777942363,159046.15895770676,81847.39204080997,1221895.7293321495
P026,residential,Residential Building,26,10,38.17825177843225,False,0.9455287637880783,1.0448909136064581,1.0060059893965878,580680.5973686969,462502.1315625917,172742.20440603318,88895.56980608386,1378073.1058683402
P026,residential,Residential Building,26,11,43.73489415652705,False,0.970189567458446,1.0495203389925012,1.0028576805907565,632963.5921637578,493506.8730382114,183509.27416885388,94436.45545703931,1424509.6922018805
P026,residential,Residential Building,26,12,49.500752057994575,False,0.949244265717339,1.0545258927827301,1.0007928973053295,642616.097734604,514530.4509255234,190418.66049004978,97992.12291042754,1434060.026077796
P026,residential,Residential Building,26,13,55.3396065308285,False,0.9185730339395028,1.0590785682585613,0.996068581721722,629725.1320922744,523293.9696658765,192829.3874932974,99232.71695828911,1410722.090631536
P026,residential,Residential Building,26,14,61.10821672325313,False,0.9153555164895342,1.0638268042418675,0.9969557110523897,619970.0066130469,519316.3798086063,190509.5554732919,98038.89874818883,1416638.6520903732
P026,residential,Residential Building,26,15,66.67010127182762,False,0.9018153690127573,1.068454909570506,0.9967261071637465,588910.4832652042,502884.28938842344,183682.39794294987,94525.5473879786,1400034.0829179042
P026,residential,Residential Building,26,16,71.90797659542694,False,0.892117933312446,1.07295249594254,0.9927977332840413,548639.5475053958,475582.1550030435,172981.92566969345,89018.93374254042,1361470.411280928
P026,residential,Residential Building,26,17,76.73255573033137,False,0.8772154696588685,1.0775920448939023,0.9980773364125928,496907.32559320936,439950.3932769049,159332.73278602952,81994.8669665113,1114484.8290187812
P026,residential,Residential Building,26,18,81.0865400885627,False,0.8712067373867833,1.0822540320064953,0.994572437612211,445366.73204217845,398754.84811700485,143791.24207657322,73996.99709444649,1049301.7787365466
P026,residential,Residential Building,26,19,84.943946186923,False,0.8642695905692372,1.0871783131821273,0.9983209372028852,391430.1538381897,354883.69202535145,127391.64141193422,65557.5317611883,983449.413484681
P026,residential,Residential Building,26,20,88.305902416366,False,0.8543069261032347,1.0922254133558462,1.0026357050237633,337221.81802183494,310737.9036445669,111029.30609402907,57137.24369988469,792622.8512897181
P026,residential,Residential Building,26,21,91.1944790763917,False,0.8444430378175377,1.0965403156145546,1.0028786900184967,286394.0166229626,268039.2541434891,95395.84702302839,49092.045614475996,700400.3790473831
P026,residential,Residential Building,26,22,93.64602040963717,False,0.846952303498757,1.100925370376232,1.000322326147668,243785.4920077306,228395.21407157523,80962.66414990555,41664.526554884476,614932.1090280149
P026,residential,Residential Building,26,23,95.70504354814129,False,0.830698516997392,1.1058839434241017,1.0033313877236048,200823.41381654007,192690.66649001426,67999.66885277907,34993.5867154054,510045.1670450439
P026,residential,Residential Building,26,24,97.41928730999248,False,0.8181636976715475,1.1109997878511244,1.0077327789521833,164673.02621879932,161167.12289146826,56613.25798577997,29133.979414754805,408527.3230085141
P026,residential,Residential Building,26,25,98.8360888906433,True,0.8357951834052909,1.115949550022495,1.0079073976918451,48661.6268669391,100347.08401241945,14037.0503632623,19263.10318476429,179572.51248154018
P026,residential,Residential Building,26,26,100.0,True,0.8372501373253599,1.121451352479806,1.0092293315653822,0.0,33136.86409307013,0.0,9890.472713164294,41818.52118142346
P027,residential,Residential Building,20,1,3.004132634638475,False,0.9971999999999999,1.004,1.003,169886.10433431691,116494.85099626484,37622.41843578649,26702.9186090493,372601.3974688503
P027,residential,Residential Building,20,2,4.137677368120998,False,0.9819984154566401,1.0084345952962743,1.0038034810477687,63125.66048242304,44150.976547521066,14196.009119914826,10075.771092424797,135459.16036529376
P027,residential,Residential Building,20,3,5.675455599452649,False,0.9802514270732099,1.0129875699902742,1.0026552431817868,85484.55920602252,60166.08311822527,19258.449315293117,13668.89280338267,185872.66167430056
P027,residential,Residential Building,20,4,7.741473852373555,False,0.9547074587693758,1.016882058716323,0.9987526881556037,111856.429999363,81144.41868277072,25873.89195507906,18364.274804796143,236309.86118651697
P027,residential,Residential Building,20,5,10.481291350494585,False,0.9409958271359804,1.0214231495214936,1.0001306843124915,146206.2092717882,108088.93698369554,34312.25344829149,24353.49318881832,318718.4419888998
P027,residential,Residential Building,20,6,14.052607724359877,False,0.9168870650892851,1.0259829155516642,1.0011513798719258,185695.1904581225,141521.4821397053,44725.57484144011,31744.46073349436,406783.43485697015
P027,residential,Residential Building,20,7,18.604680072553055,False,0.9027383252598475,1.0306806876116357,0.9992250605142806,233038.4167732797,181212.10641831488,57008.12562635294,40462.13406650548,540202.3981744237
P027,residential,Residential Building,20,8,24.2440540210998,False,0.8949506813030965,1.0350937060891319,1.0032509417123197,286211.1056407887,225457.39038422448,70625.00635350002,50126.8625152294,608131.7653507482
P027,residential,Residential Building,20,9,30.989222179373254,False,0.8772362002354472,1.0397978116857625,1.005126900906741,335556.61977549497,270891.63505508576,84473.48027989003,59955.966743260215,761832.3582677618
P027,residential,Residential Building,20,10,38.72607729452754,False,0.8550758065032945,1.044110686335834,1.0046286021180717,375167.8093610559,312007.41766553855,96892.92581930856,68770.80260966378,892658.8528535077
P027,residential,Residential Building,20,11,47.18538231103058,False,0.865168925485724,1.048458074474783,1.0014636060744277,415042.03285879147,342562.3801555049,105940.56645076364,75192.46345525855,941720.4542852142
P027,residential,Residential Building,20,12,55.963693298661944,False,0.8473519097996935,1.0530504470259558,0.9955119915732237,421823.97482943063,357037.68139041634,109935.65507998074,78028.02084198006,982007.1070612649
P027,residential,Residential Building,20,13,64.59268932709318,False,0.8594752193290967,1.0578128689694815,0.9917658611660287,420581.44928706833,352551.87562911696,108065.70106763896,76700.8007463487,949613.9053252062
P027,residential,Residential Building,20,14,72.63484203956297,False,0.860593951370731,1.0624801741043612,0.9950527078876985,392488.6385418597,330025.1710083712,100716.3368835228,71484.50998684658,883789.3168444653
P027,residential,Residential Building,20,15,79.766362898848,False,0.8603117814142001,1.0672394173015964,0.9947170126445418,347932.11077504366,293966.55853127764,89311.98934358945,63390.15091027845,831438.0116200383
P027,residential,Residential Building,20,16,85.81674220741851,False,0.8731031039986124,1.0720185321715716,0.995963154781334,299574.3453868201,250517.9271369072,75772.25433312407,53780.17746878791,664852.3755218273
P027,residential,Residential Building,20,17,90.760210159235,False,0.8461281745425269,1.0766544252174692,0.9903614935585424,237205.28671542043,205571.05608512808,61909.78975517905,43941.14322441859,534317.8526919091
P027,residential,Residential Building,20,18,94.67650456971349,False,0.8343766756262303,1.0812606031455552,0.9945776370665963,185307.9162905111,163553.418652723,49045.92604530092,34810.87675233984,446625.8848639837
P027,residential,Residential Building,20,19,97.70387127186054,True,0.8236087820836744,1.0864164999310923,1.0028266504784773,49489.21073468054,95274.4741182146,11374.017463158669,21527.551936975462,166509.133952905
P027,residential,Residential Building,20,20,100.0,True,0.8102467352997798,1.0911371680346986,0.998273180605509,0.0,29030.24833300986,0.0,10204.832142970065,40856.734231217204
P028,residential,Residential Building,23,1,8.284599539467118,False,0.9971999999999999,1.004,1.003,386651.754471281,338325.26984243235,92650.10268211826,60089.23962640573,933158.7185416546
P028,residential,Residential Building,23,2,10.014813271434134,False,1.0129375200497925,1.0078528995145495,1.0032553435167928,82025.44733686179,70929.370875629,19349.69568113442,12549.457224790753,190805.18721598163
P028,residential,Residential Building,23,3,12.064984091662916,False,0.989837448590413,1.0122369019736022,1.0050132205574016,94977.36649945128,84411.46107626849,22927.908114952428,14870.146119303685,226817.91941042128
P028,residential,Residential Building,23,4,14.4762048384808,False,0.9700933235335354,1.016937381280408,1.0011755371078939,109475.43572605719,99737.93843943003,26965.678753411463,17488.88652462498,252748.4576702534
P028,residential,Residential Building,23,5,17.287276033904636,False,0.9633464206210649,1.0215128945229035,0.9990773118334686,126741.99183962056,116800.55376692108,31437.371675241626,20389.05198302134,307211.9316391822
P028,residential,Residential Building,23,6,20.531163210470073,False,0.9964481729395678,1.025990720489783,0.9924106431295098,151281.78879257443,135374.97126581677,36277.73178005974,23528.320583882218,341658.64313581656
P028,residential,Residential Building,23,7,24.230628065069176,False,1.00760814866749,1.0304126377632292,0.9934669907135304,174460.36302717734,155052.68318364816,41372.64535414602,26832.682627381448,372231.26241124695
P028,residential,Residential Building,23,8,28.39334601417433,False,0.9942385654917651,1.0350608913907116,0.9973245615700751,193701.85758606598,175255.6746152286,46553.39628475232,30192.715429309574,446492.3093597254
P028,residential,Residential Building,23,9,33.00710382964494,False,1.0112475246377763,1.0397049162310008,1.0082616686440848,218362.702409799,195116.54408097704,51597.561634376,33464.1641555855,476741.7701208458
P028,residential,Residential Building,23,10,38.03593927125649,False,0.9929158461700827,1.044271085158147,1.0094531047410786,233693.19230839855,213604.2459235793,56239.5463796618,36474.77424264192,540572.2323024124
P028,residential,Residential Building,23,11,43.41823038803105,False,0.9974100873817595,1.048740397576784,1.0071091606141163,251250.6160507119,229596.03577937096,60192.38736387868,39038.4325897959,566968.6696269071
P028,residential,Residential Building,23,12,49.067643010715926,False,0.9880604637883632,1.0535676097951334,1.0083812086341877,261248.0230887131,242100.06729471788,63179.71763051283,40975.89837815967,605936.8663520517
P028,residential,Residential Building,23,13,54.877426890990655,False,0.985064045708981,1.0582482365117645,1.0097219762505418,267849.37670230214,250078.7180396995,64973.21572443706,42139.091225393444,634007.1975387096
P028,residential,Residential Building,23,14,60.72785701209521,False,0.9872691352331056,1.0631399868558105,1.0093761906759362,270327.07879058906,252992.3873488989,65427.779444576496,42433.90350853407,611500.8243142115
P028,residential,Residential Building,23,15,66.49583451060232,False,0.9791335807786483,1.0675863674387782,1.010873733064919,264321.017855614,250470.03739520482,64505.67766842304,41835.86429451048,578042.0972973357
P028,residential,Residential Building,23,16,72.06506850900361,False,0.9633369774997133,1.0724896843740424,1.0114938299533556,251096.0562065553,242950.49769630798,62283.046917897635,40394.352759142086,600460.9828210325
P028,residential,Residential Building,23,17,77.33509383179171,False,0.9588581808645305,1.0768778692641992,1.0148086868065997,236501.15985732526,230838.56064568053,58936.87256307467,38224.1547041161,553097.9965944085
P028,residential,Residential Building,23,18,82.22771009360406,False,0.9428791872538361,1.081329636353533,1.0157475168235355,215905.34743019805,215193.16058741562,54716.15095957583,35486.75944510428,502054.4346180961
P028,residential,Residential Building,23,19,86.6901171940209,False,0.9420864038165686,1.0862837143079134,1.0204935081632887,196755.1546895665,197170.37401347925,49904.94399800857,32366.39843484451,479727.895326027
P028,residential,Residential Building,23,20,90.69480305261459,False,0.9307483662906793,1.0908590700058334,1.0172808504846422,174448.37638626018,177691.35734393087,44786.05806361019,29046.48885430534,413754.6162701923
P028,residential,Residential Building,23,21,94.23685315225504,False,0.911188803178526,1.0955365363142735,1.0187063030212524,151052.9701036513,157837.70927485498,39612.2110517853,25690.93366457631,378071.02010511083
P028,residential,Residential Building,23,22,97.32965827783754,True,0.897728416718196,1.1003044776345767,1.023538814148368,45481.18465838226,103813.99495612405,10376.4356175301,17946.00281387713,181354.39626272093
P028,residential,Residential Building,23,23,100.0,True,0.8924062115509872,1.1055003363938831,1.021107478091635,0.0,36022.6931633668,0.0,9684.161730630261,44952.67665866502
P029,infrastructure,Infrastructure,31,1,3.719773792078914,False,0.9971999999999999,1.004,1.003,1723341.770234493,1043812.0926832922,431641.38391874946,212852.9998538905,3506161.3510442507
P029,infrastructure,Infrastructure,31,2,4.835278655582063,False,0.9741065402364645,1.0085695170871294,1.0064852349346103,504836.26132711786,314448.39828949375,129442.83442071744,63831.45046450523,1060089.555331844
P029,infrastructure,Infrastructure,31,3,6.263702008772825,False,0.9632249282285975,1.0128180556574466,1.00635017424473,639230.1781169334,404352.8026564859,165753.79779976694,81737.28102376946,1330747.95158713
P029,infrastructure,Infrastructure,31,4,8.078547371497107,False,0.9473470090572382,1.0172856343582182,1.0026542341943003,798769.2338961682,516005.842002794,210594.0865632657,103849.13204920778,1687449.7227892189
P029,infrastructure,Infrastructure,31,5,10.361534957824132,False,0.943187695189828,1.0216892712518073,1.00942780571101,1000401.3999821314,651920.2386222249,264917.16333126347,130637.1794472257,2116957.7958114035
P029,infrastructure,Infrastructure,31,6,13.197766063839406,False,0.9345630454668497,1.0262824065128373,1.0121621394989357,1231467.1587104143,813543.1271995746,329115.36780026485,162294.89558741997,2575150.7956024604
P029,infrastructure,Infrastructure,31,7,16.667123927036638,False,0.9262548346676012,1.030599706998256,1.0085067071281704,1492973.8528381353,999335.2229573235,402583.19808821287,198523.69257526824,3079460.4569606595
P029,infrastructure,Infrastructure,31,8,20.831382428441383,False,0.9093497605012317,1.0350212802149639,1.0118816264822728,1759305.466951841,1204644.8850170944,483219.2501515505,238287.31630900814,3632149.6658836524
P029,infrastructure,Infrastructure,31,9,25.717677342431884,False,0.8973488404865883,1.0398547540258796,1.0141452648370792,2037105.8495411784,1420118.0189427799,567004.1289610928,279603.7040823425,4379137.078150707
P029,infrastructure,Infrastructure,31,10,31.30096847904876,False,0.9064512708130567,1.0445769547792765,1.0106709646969143,2351296.2490372653,1630057.0166188113,647883.3519829983,319487.2414062451,4811200.1214342415
P029,infrastructure,Infrastructure,31,11,37.49037880909907,False,0.9033438691577667,1.0487200969615975,1.0086381509496956,2597616.243058869,1814182.3894737263,718217.2330459933,354170.6108267344,5279932.492237801
P029,infrastructure,Infrastructure,31,12,44.12555746593959,False,0.8873900479116399,1.0531879638624324,1.0036089210880328,2735519.33826728,1953127.473840567,769944.0498466836,379678.378476261,6028143.977657038
P029,infrastructure,Infrastructure,31,13,50.98787154212392,False,0.8917846710089524,1.0578000766563447,1.005204197304098,2843172.490961492,2028832.8402209547,796300.7726536711,392675.5277876921,6290598.984205018
P029,infrastructure,Infrastructure,31,14,57.82666429073365,False,0.8868107080434791,1.062560472553361,1.0182882305709933,2817623.659973592,2030977.8145801357,793571.3651806895,391329.5897240769,6234663.790224616
P029,infrastructure,Infrastructure,31,15,64.39466790380011,False,0.8959289954877137,1.066963045035189,1.0216758488433624,2733880.892330315,1958641.0007727908,762149.0788403313,375834.48624467524,5817260.693692306
P029,infrastructure,Infrastructure,31,16,70.48242009144012,False,0.8723551631505335,1.0718415110725439,1.0226954038739484,2467305.4367901054,1823726.1230341143,706420.8540914373,348353.5257615934,5327139.522055738
P029,infrastructure,Infrastructure,31,17,75.94201052322408,False,0.8839128044619278,1.076314255790368,1.0211195412407412,2242033.531846223,1642370.8844394248,633529.1609997988,312408.8362183292,4967339.486921085
P029,infrastructure,Infrastructure,31,18,80.69534824979858,False,0.874739557828025,1.0808302107326988,1.013312677560559,1931746.1415425565,1435913.3338248776,551575.8186427613,271995.6241894475,3939158.902173997
P029,infrastructure,Infrastructure,31,19,84.72823139514315,False,0.8576934810677834,1.0854566476497287,1.0183510717235784,1607016.5965432697,1223489.374061561,467974.49504752,230769.75201414985,3336952.715314404
P029,infrastructure,Infrastructure,31,20,88.07552088691438,False,0.8442161832600115,1.0899520194324606,1.017757648117405,1312863.4619304244,1019700.7420348149,388418.42256147886,191538.69281516684,2658549.816505253
P029,infrastructure,Infrastructure,31,21,90.80348443528202,False,0.844651126142148,1.0948166222569609,1.0132900357457275,1070504.6122213674,834741.5400897686,316552.03437497775,156099.6063789126,2456688.745396352
P029,infrastructure,Infrastructure,31,22,92.99380807574893,False,0.8308877851610716,1.0998003553977722,1.0126736188837102,845518.8214127605,673277.6952195636,254164.4681228607,125334.76054836054,1912727.9220019537
P029,infrastructure,Infrastructure,31,23,94.7314931661932,False,0.8450856331043877,1.1044792376566224,1.0083953805899648,682251.3564840571,536414.7508066363,201640.43277350764,99433.86479308688,1512672.4650395762
P029,infrastructure,Infrastructure,31,24,96.0970124713966,False,0.8306653718908901,1.1092171124099417,1.004529577109364,526982.9511101483,423337.25193076563,158454.43180466807,78137.78383241412,1194210.153222886
P029,infrastructure,Infrastructure,31,25,97.16206521301632,False,0.8465615997758669,1.114179860694132,1.0035502648456958,418892.2196440339,331664.12633325584,123588.38602448053,60944.47773655338,975368.5892984807
P029,infrastructure,Infrastructure,31,26,97.98792190352295,False,0.8291562591811336,1.1193099340896517,1.0068372031204125,318136.6396289091,258361.1033433363,95832.1512904725,47257.19461706811,651899.7823358094
P029,infrastructure,Infrastructure,31,27,98.62540351666864,False,0.8328225892781209,1.1240442393260321,1.0016248839763084,246656.61875947192,200273.34337284951,73973.16640783721,36477.990677471855,526715.4751291237
P029,infrastructure,Infrastructure,31,28,99.11575639719217,False,0.827741201197085,1.1290698979601241,0.9999179018820257,188571.44032511945,154739.66081798286,56900.39442947654,28058.986228863287,416376.3270047829
P029,infrastructure,Infrastructure,31,29,99.49192164676022,True,0.8340470812007625,1.1344794010618322,0.9953327834048996,58304.46911171618,95419.54804286509,16005.035770060016,17937.448683449456,189573.05981284045
P029,infrastructure,Infrastructure,31,30,99.77989342248489,True,0.8488686777759653,1.1395537259929647,0.9948663205453647,34070.95465613557,64202.93037078001,7797.102720566895,12633.385563532647,116478.74056793955
P029,infrastructure,Infrastructure,31,31,100.0,True,0.8560504375959033,1.1449110965239462,0.9922652725324721,0.0,21129.93305315245,0.0,6297.472363968737,27640.632155375395
P030,municipal,Municipal Engineering,31,1,0.2966659514568837,False,0.9971999999999999,1.004,1.003,71270.77089929579,43423.93776449718,20521.863041921093,10897.844156118868,146251.15865414072
P030,municipal,Municipal Engineering,31,2,0.41318704176198046,False,0.9905153889056468,1.0084689008668724,0.9971381530510008,27805.27845003742,17131.478105368722,8060.344791822353,4280.331722632989,55516.249182500855
P030,municipal,Municipal Engineering,31,3,0.5752140803760081,False,0.990691413802369,1.0129305799451283,0.994078002490512,38671.17562557309,23927.369856909998,11208.218129502447,5951.965189202897,75692.04125306378
P030,municipal,Municipal Engineering,31,4,0.8002758029981396,False,0.9970492782184219,1.0175730308521718,0.9940855076106213,54060.460858763516,33388.354243703834,15568.641513960456,8267.506151612097,113023.03606277944
P030,municipal,Municipal Engineering,31,5,1.112426798204973,False,1.0011443966256606,1.0223480616271001,0.9930060833154338,75287.50872008894,46525.52555196565,21593.040726701034,11466.67786524157,152197.68729563826
P030,municipal,Municipal Engineering,31,6,1.544467914857013,False,0.9635810022467356,1.0269753164989883,0.9841383767193069,100293.96257390616,64686.3834853722,29886.438200510565,15870.768907546155,204578.28986951968
P030,municipal,Municipal Engineering,31,7,2.1407290284863754,False,0.9772443382204379,1.0312439052709315,0.9817537808630585,140378.67259870385,89644.91660707079,41246.35419411625,21903.291094836215,304275.39949079347
P030,municipal,Municipal Engineering,31,8,2.9603728254241934,False,0.9597331412394787,1.0358465353243083,0.9768616869532185,189512.1811667997,123779.39626102684,56698.84818704156,30109.118753575865,412479.67252295633
P030,municipal,Municipal Engineering,31,9,4.080964624067789,False,0.9727320842141041,1.0404616394310189,0.9808559672148072,262604.49882761156,169981.35950381245,77516.92199502757,41164.261433680884,571968.6476767465
P030,municipal,Municipal Engineering,31,10,5.60164414773453,False,0.9688942943913493,1.044830854330085,0.9863202745997114,354956.86348518514,231638.88882534424,105192.98477661055,55861.24184099281,746929.4250549575
P030,municipal,Municipal Engineering,31,11,7.644547382391235,False,0.9656015581552059,1.0493283237630016,0.9828153734836891,475233.7061474863,312526.59298994316,141317.80267886794,75044.81376439848,1003350.6888093608
P030,municipal,Municipal Engineering,31,12,10.352142080842459,False,0.9405155856380887,1.05400835577657,0.9832020449134838,613495.1496174895,416059.5496933915,187297.8253883754,99461.85235194923,1332123.0922153937
P030,municipal,Municipal Engineering,31,13,13.87707617853781,False,0.9364413291144995,1.0587665385611826,0.9863555633886012,795230.5506052575,544100.3370867063,243837.26689719237,129486.3204510895,1684611.1835306925
P030,municipal,Municipal Engineering,31,14,18.360727261850386,False,0.935425497518206,1.0634830472046886,0.9852722691914845,1010421.302407507,695168.6293931566,310156.5009656143,164704.20861038862,2210450.12976114
P030,municipal,Municipal Engineering,31,15,23.898342356089074,False,0.9270949228864038,1.0680783037396893,0.9801818221338504,1236825.5553339797,862290.585969992,383064.4466773522,203420.93859178683,2493038.712032273
P030,municipal,Municipal Engineering,31,16,30.494200155223574,False,0.9108516334062748,1.0729452398406099,0.9723406503851062,1447372.801132885,1031755.1069882209,456268.37098458817,242294.84380628628,3130141.9123828774
P030,municipal,Municipal Engineering,31,17,38.019656608155785,False,0.9311029630398451,1.0776601944291229,0.9667251570638009,1688076.1628965149,1182340.2500970378,520573.3448567364,276443.0876713991,3692999.1865502843
P030,municipal,Municipal Engineering,31,18,46.19558828868942,False,0.9290166184630422,1.082479997996789,0.9646005416264086,1829878.3472013043,1290282.8351440453,565569.9596264601,300337.9014274245,3877318.109654824
P030,municipal,Municipal Engineering,31,19,54.61913601892334,False,0.9297859790059373,1.0872114764304346,0.967122509042014,1886859.2944782197,1335170.8895828198,582698.7964005355,309433.92713221343,4250359.01497702
P030,municipal,Municipal Engineering,31,20,62.8363944889355,False,0.906974199955671,1.0922228911917884,0.9744717554656698,1795491.5372920702,1308476.7432356116,568428.7397105093,301856.01602398645,3801713.4986412767
P030,municipal,Municipal Engineering,31,21,70.4361355151446,False,0.8814653778832853,1.0971413396706917,0.9704067246437089,1613858.7960885894,1215595.709041772,525711.9791739865,279171.8865065868,3650861.2608766113
P030,municipal,Municipal Engineering,31,22,77.125868008769,False,0.8919614642261289,1.1020895659971168,0.9699985119752584,1437528.0414792928,1074863.7792394997,462762.1516626987,245743.27388641608,3178140.4340410656
P030,municipal,Municipal Engineering,31,23,82.76317276659485,False,0.9039291034296835,1.1068804601435032,0.9665925334212656,1227629.6380440276,909703.8244275962,389960.4777614185,207082.97804192788,2769602.8070360227
P030,municipal,Municipal Engineering,31,24,87.34157137992008,False,0.9109801526858066,1.111787372375054,0.963074066477375,1004810.1147788016,742101.1835307252,316710.6600288008,168184.70177512296,2226503.9431569492
P030,municipal,Municipal Engineering,31,25,90.9498460504501,False,0.9111167180725108,1.117044449826939,0.9543393105117103,792018.0639191136,587621.7071403015,249602.34985716577,132547.78594847376,1741819.372971321
P030,municipal,Municipal Engineering,31,26,93.72676607521304,False,0.8899921070954854,1.1221537818372458,0.9494137201114295,595402.986884785,454300.8354985509,192093.40386618505,102008.4762516824,1348266.6071069036
P030,municipal,Municipal Engineering,31,27,95.82503694105368,False,0.8847334247126359,1.126840596815421,0.9440094351449079,447234.67422118894,344708.36408049974,145147.85779147007,77078.71018214677,1037205.74622921
P030,municipal,Municipal Engineering,31,28,97.38864314316076,False,0.8965312952004554,1.1319362961680226,0.9417279537889057,337718.08664393646,258034.13158467674,108162.43715721203,57438.12739016085,756922.3522371659
P030,municipal,Municipal Engineering,31,29,98.5418044211058,True,0.8989428386780103,1.1367463178249773,0.9394516011298081,99894.9653815731,152887.28895438294,29248.968932364467,35300.56795137565,316461.22277122934
P030,municipal,Municipal Engineering,31,30,99.38577462427764,True,0.9158518497973815,1.1415563944311837,0.938048254570202,55864.39208520123,98321.91096414092,13622.379632860757,23768.76316413247,198572.27125472898
P030,municipal,Municipal Engineering,31,31,100.0,True,0.9008711156701951,1.1464482108758136,0.9366052475468886,0.0,30798.618486673513,0.0,11281.598694565095,41702.941039602774
P031,municipal,Municipal Engineering,24,1,11.279248169692213,False,0.9971999999999999,1.004,1.003,2976051.3616249487,1924902.767981014,1116858.4891717213,387118.335188859,6435280.438118092
P031,municipal,Municipal Engineering,24,2,13.467906339339674,False,0.9978426101937807,1.0089383385764497,0.9953393338112497,577853.812608443,375350.9286164319,216718.47448432478,75117.56937914249,1236522.1194131977
P031,municipal,Municipal Engineering,24,3,16.011432169404717,False,1.0072848301403303,1.0133758695067927,1.0023209437415244,677901.2673814709,438128.63948927034,251857.07176555617,87297.08487932918,1471142.5113874213
P031,municipal,Municipal Engineering,24,4,18.939752250627706,False,1.0086130672248212,1.0176050977102795,1.0056533936681122,781485.8811762523,506515.51369341684,289958.966459656,100503.71954659121,1578335.4160741803
P031,municipal,Municipal Engineering,24,5,22.274875052303877,False,1.0198590828629142,1.0222275960240264,1.003727802243433,899974.0719809737,579501.2305684107,330240.1150717699,114465.71324713691,1871037.8872745004
P031,municipal,Municipal Engineering,24,6,26.026924722006626,False,1.0205658194119005,1.0268895337628945,1.003799819744985,1013182.3087210367,654918.4697090952,371523.7454089832,128775.18074157885,2014572.8424625092
P031,municipal,Municipal Engineering,24,7,30.190114956601132,False,1.0118523957765295,1.0310958624568707,1.0023844659385563,1114606.1128426308,729659.4849053215,412234.42250677623,142886.0548543741,2381618.6281719273
P031,municipal,Municipal Engineering,24,8,34.73928852338825,False,1.0034960523316059,1.0357034143049388,0.9977486421977535,1207886.6335124713,800871.5144934742,450454.0586698013,156133.50031537135,2602911.2420947105
P031,municipal,Municipal Engineering,24,9,39.62779037958951,False,0.9936521448006861,1.0401501016670858,1.0003103185884874,1285251.6165298985,864304.4165747734,484053.9648822255,167779.68457377434,2878766.990932783
P031,municipal,Municipal Engineering,24,10,44.78742765414521,False,0.9857309077514742,1.0445782772123007,1.0006696722706976,1345722.5992163566,916125.7571286029,510901.48957079166,177085.4016025156,2984724.698791155
P031,municipal,Municipal Engineering,24,11,50.131029966970296,False,0.9967836898525437,1.049224050879502,0.9987816944605219,1409331.153891769,953009.6500550839,529117.5011001816,183399.31883142807,3061773.9630226195
P031,municipal,Municipal Engineering,24,12,55.557659006255086,False,0.9883302171223147,1.0536912754900982,0.9992845233194665,1419090.8774179427,971937.7503984135,537338.714329963,186248.90309801305,3056642.5816094205
P031,municipal,Municipal Engineering,24,13,60.959927104966596,False,0.9666174501768994,1.0582417495166327,0.9970778120930806,1381684.1140568636,971753.1482695666,534926.5213474031,185412.80421832833,3191495.017042615
P031,municipal,Municipal Engineering,24,14,66.23235408525625,False,0.973818806320115,1.0630639441197678,0.9961148654638611,1358522.1731424336,952719.1486568735,522069.79958977294,180956.48967977724,3089398.232298286
P031,municipal,Municipal Engineering,24,15,71.27941377660353,False,0.9821233038273897,1.0674770457519562,1.0002326121615404,1311542.7687997213,915781.6100527477,499754.18368611287,173221.59384373843,2811266.9151444216
P031,municipal,Municipal Engineering,24,16,76.02200573498077,False,0.9807741309296434,1.0724417537659958,0.9995689422662365,1230729.9317627123,864538.6363227685,469606.13063057535,162771.86881483137,2650866.6239746865
P031,municipal,Municipal Engineering,24,17,80.40150018805447,False,0.9633974991317811,1.0772983169502512,1.0089103627566984,1116368.298315029,801964.0380280606,433652.62334939,150309.89443057883,2448634.1579411454
P031,municipal,Municipal Engineering,24,18,84.38108677656784,False,0.935433775755588,1.0822463707472334,1.0104300343674715,984983.6137070325,732080.8197646795,394054.1956260869,136584.5410711663,2218237.693141913
P031,municipal,Municipal Engineering,24,19,87.94470943710778,False,0.9320250577074871,1.087129485765409,1.012036446610178,878814.6752385148,658518.4070087511,352865.91453172715,122308.12292049787,2029338.9984992137
P031,municipal,Municipal Engineering,24,20,91.09423905556956,False,0.9298561403888265,1.0922734901757207,1.0183845320829934,774888.9363762855,584752.4123362561,311862.88645804266,108095.91598516943,1719857.2291844783
P031,municipal,Municipal Engineering,24,21,93.84566861323073,False,0.9039657469804385,1.0971318992263637,1.0205783961429993,658094.6694128582,513112.00154523697,272443.4654331861,94432.60878089846,1528916.736260648
P031,municipal,Municipal Engineering,24,22,96.2250486446535,False,0.9054489873545952,1.1019171958778422,1.0239379831497046,570040.6149498601,445664.1549762864,235603.5390905595,81663.38949975722,1340165.383955384
P031,municipal,Municipal Engineering,24,23,98.26469693577012,True,0.898321183349744,1.1072733756764581,1.0144355527318571,169680.90473905558,287916.3570678499,60589.10508714408,56002.686629381256,577627.9086893309
P031,municipal,Municipal Engineering,24,24,100.0,True,0.8905693913884345,1.1119793301489784,1.0155257786147933,0.0,98398.44490080376,0.0,29778.918912249028,127623.97505205136
P032,municipal,Municipal Engineering,34,1,0.19440863725695412,False,0.9971999999999999,1.004,1.003,55178.53084770417,32643.400251850195,18486.64006483644,7347.056524542871,111670.58039400417
P032,municipal,Municipal Engineering,34,2,0.27874825873443965,False,0.995903766455317,1.0084805260483674,1.0009286352370046,23906.79346232593,14224.771051303598,8019.994622965503,3187.347923408535,47778.70408489957
P032,municipal,Municipal Engineering,34,3,0.39953067798247,False,0.9932495268246944,1.01316428479173,1.002039726798728,34145.57246146608,20465.846735671807,11485.400763584848,4564.587633076326,71835.07016091107
P032,municipal,Municipal Engineering,34,4,0.572349117313703,False,1.0059033454324662,1.017585501200274,1.0012355881531416,49478.74079345415,29410.818464675784,16433.592301048833,6531.123617576992,98256.19115460926
P032,municipal,Municipal Engineering,34,5,0.819307992571185,False,0.9847619794917302,1.0218773072164964,0.9975026964325258,69219.46182336494,42205.54519649055,23483.729437739283,9333.025740806428,151396.14064752613
P032,municipal,Municipal Engineering,34,6,1.1715741270368956,False,0.9637431110850014,1.0263875706010948,0.9998062087905669,96628.33307400726,60468.389125857684,33497.57154200677,13312.77888739594,199990.25550885528
P032,municipal,Municipal Engineering,34,7,1.6727534364800605,False,0.9762687068622381,1.030695714341321,0.9988471916407244,139262.69947473443,86391.24343889019,47657.97256925968,18940.4790207107,303586.35575374454
P032,municipal,Municipal Engineering,34,8,2.3831765401158984,False,0.9731073625667441,1.0350624292805404,1.0042961594084594,196766.0386203215,122978.65609262978,67555.31233574315,26848.183148647488,415960.2650871503
P032,municipal,Municipal Engineering,34,9,3.3849676352003124,False,0.9809101321667195,1.0398388769621045,1.0032142185310202,279691.13069258526,174216.5217569084,95261.97835801884,37859.51028318117,559648.2432035885
P032,municipal,Municipal Engineering,34,10,4.787291499977054,False,0.950037178500218,1.044246997563184,1.0051788770204104,379193.80479361134,244905.0167132945,133349.3043737215,52996.37323527194,871762.0213601734
P032,municipal,Municipal Engineering,34,11,6.730243565233704,False,0.9382038336844817,1.048711717728285,1.0060577498242125,518837.7850280295,340772.3334176417,184758.5374828579,73427.69770589136,1112169.4510098277
P032,municipal,Municipal Engineering,34,12,9.384312301809747,False,0.938042170313302,1.0535412592433056,1.0146736333674844,708609.2811164428,467638.0445821237,252379.80232105876,100302.09204065987,1503463.8545021648
P032,municipal,Municipal Engineering,34,13,12.940333648564865,False,0.9448851113466361,1.0581599641410544,1.016578515962719,956347.3798909195,629305.9043498776,338147.9734022736,134388.5241197346,2105390.6272862526
P032,municipal,Municipal Engineering,34,14,17.583361843164226,False,0.9479601889201229,1.063122187856074,1.0189761930914865,1252748.0255527114,825525.7498466426,441513.25916140823,175468.49292339006,2646860.0453361417
P032,municipal,Municipal Engineering,34,15,23.445442344897547,False,0.9414965237999849,1.0678930865513256,1.0190978554824681,1570879.2612176246,1046949.3566074282,557434.9668600601,221538.70015934552,3392585.862283134
P032,municipal,Municipal Engineering,34,16,30.540661292746396,False,0.9590219187873236,1.072526615559958,1.0111946479653655,1936719.1289374267,1272682.2916125297,674696.1488996152,268141.2482458436,4312391.80705483
P032,municipal,Municipal Engineering,34,17,38.702401935710256,False,0.9365562737759532,1.0773695328705284,1.0114711858400363,2175649.7173194056,1470596.7476659871,776113.46747724,308447.04581338953,4868449.8286867635
P032,municipal,Municipal Engineering,34,18,47.559191271833775,False,0.9500203068667238,1.0821477496867797,1.010122172146127,2394867.611339194,1602909.4776269728,842206.8015969301,334714.2019850785,5009834.51650121
P032,municipal,Municipal Engineering,34,19,56.58230748336462,False,0.9410560446012662,1.086731656640095,1.0155701424609882,2416820.2247672137,1639928.790494913,858023.1003074666,340999.997577345,5131621.641157256
P032,municipal,Municipal Engineering,34,20,65.2026572037908,False,0.9169011055521781,1.0915512074005709,1.016758226572034,2249674.515918236,1573675.2727489339,819723.3660143449,325778.71822427463,5082774.838835893
P032,municipal,Municipal Engineering,34,21,72.94709174361631,False,0.9227298773549804,1.0963797815180218,1.014281256496329,2033932.8160049608,1420027.8191808702,736431.1373378558,292676.2880371193,4582038.16117352
P032,municipal,Municipal Engineering,34,22,79.529588505156,False,0.9426696990737696,1.1013715243081175,1.016161293587734,1766129.353810507,1212468.931798566,625940.5450062271,248764.54288258517,3854706.979949774
P032,municipal,Municipal Engineering,34,23,84.8660602426844,False,0.9387028350242337,1.1062738752635835,1.0228796142905048,1425786.9992917536,987331.4966852856,507453.9568808742,201674.98754402288,3131386.795380708
P032,municipal,Municipal Engineering,34,24,89.02894316394196,False,0.9414549621487144,1.1110097820073424,1.0287043865171162,1115490.9540534308,773496.2290845204,395855.4480047431,157322.9284412327,2449299.6903974903
P032,municipal,Municipal Engineering,34,25,92.17983565619961,False,0.94233800006629,1.1157725560279212,1.0333636874694128,845108.7477017441,587970.2899466363,299623.5980522476,119077.9667509177,1894077.3142590576
P032,municipal,Municipal Engineering,34,26,94.51072118149123,False,0.9351865213502685,1.1206484825191412,1.029712729652225,620428.1450748104,436854.1578688066,221647.77422646087,88088.40979591671,1330660.1166437098
P032,municipal,Municipal Engineering,34,27,96.20593458961481,False,0.9275025717468584,1.1255962904806143,1.0252309164413682,447519.3398508861,319119.3606179591,161200.65729201236,64065.20258760484,949629.864135703
P032,municipal,Municipal Engineering,34,28,97.42364828598646,False,0.9112326639965754,1.1305407038847997,1.0256058838309021,315825.1979847489,230238.27107735237,115794.41697896432,46019.61869691785,698673.9989258143
P032,municipal,Municipal Engineering,34,29,98.29059578061317,False,0.9038628138439033,1.1352811215025087,1.0274154736248728,223032.22775125032,164604.73852208935,82439.47652949601,32763.524999224424,499854.7506803237
P032,municipal,Municipal Engineering,34,30,98.90390479167041,False,0.8857455486445858,1.1403430302417292,1.0201292619821516,154618.20646021867,116966.36122232137,58320.57204819692,23178.064693151086,344234.1242993287
P032,municipal,Municipal Engineering,34,31,99.33583224949496,False,0.8768965078853749,1.1453682696206178,1.0208087848314922,107803.15245122893,82737.44055774997,41072.69903017919,16323.325403205634,241374.32529899242
P032,municipal,Municipal Engineering,34,32,99.63905688565751,True,0.8788104550614034,1.1504799237214014,1.0228180572734733,30338.352783228238,46674.49592503478,10572.51581905598,9549.509446330285,98915.5869970051
P032,municipal,Municipal Engineering,34,33,99.85145489716146,True,0.886063421467104,1.1554728673557288,1.025521465887906,16069.738763967329,28731.239321840014,4712.698556322531,6153.962605002136,54960.596893701426
P032,municipal,Municipal Engineering,34,34,100.0,True,0.8820031308516321,1.160581252734585,1.0248447546744326,0.0,8649.704396924137,0.0,2806.8950083639625,11559.780401161237
P033,infrastructure,Infrastructure,27,1,2.0266643341053987,False,0.9971999999999999,1.004,1.003,753756.2208310517,420257.8054691819,181001.55208455343,70892.03283337553,1474377.2667114008
P033,infrastructure,Infrastructure,27,2,2.6192249087932957,False,0.9889372964005443,1.0081798632339343,1.0005750882834072,218558.81320938983,123387.4595491456,52921.63182511821,20727.568453056712,426992.8458085271
P033,infrastructure,Infrastructure,27,3,3.3793862127727134,False,0.9992370445607032,1.0126024506607882,1.0012274664999086,283296.42832427926,158980.91164096005,67890.06622333796,26590.185268226993,548939.1735485374
P033,infrastructure,Infrastructure,27,4,4.350842692019723,False,0.9917219867610536,1.0173799299039576,1.001546737953419,359318.9367282497,204129.96729743347,86760.85504999076,33981.219022820595,699630.370515076
P033,infrastructure,Infrastructure,27,5,5.586296477031522,False,0.9857771154652107,1.021899914763399,1.006509754109858,454226.0641796273,260756.48494884116,110338.47532259484,43215.755474295314,869487.8330816907
P033,infrastructure,Infrastructure,27,6,7.147797923886117,False,0.9894517309316827,1.0263858787535038,1.0055813332253882,576240.5528907378,331019.2955456544,139457.81780766207,54620.792391179646,1130782.880927602
P033,infrastructure,Infrastructure,27,7,9.106031888343502,False,0.9754360490274434,1.0308890793077081,1.00621549884749,712410.3092553746,416943.0785046895,174890.03035519045,68498.36165149807,1364316.4570047455
P033,infrastructure,Infrastructure,27,8,11.537872098782989,False,0.9863483513643103,1.0352534246177771,1.0049424124590354,894606.7550595945,519974.3993356211,217187.84166864547,85064.94792592191,1744969.9539830638
P033,infrastructure,Infrastructure,27,9,14.521410853597793,False,1.002422641206353,1.039550982004866,1.0051471873855564,1115448.093893158,640586.4195224066,266460.082332416,104363.17638132359,2163411.558905069
P033,infrastructure,Infrastructure,27,10,18.127753133364426,False,0.9721842847804751,1.0437624970501895,1.005415538263414,1307622.4098208067,777443.5819330562,322082.7144392626,126148.63300412262,2607286.393681616
P033,infrastructure,Infrastructure,27,11,22.409333159192222,False,0.9328955638313627,1.0484218002508263,1.0103245309408608,1489717.4621654938,927129.4133785178,382388.25098342594,149768.22094404284,3017315.9127972405
P033,infrastructure,Infrastructure,27,12,27.385539642959326,False,0.9510208891278576,1.0529189324352233,1.0108551729300084,1765042.8936213208,1082165.2360905274,444425.3949199969,174066.01946670836,3370288.473709845
P033,infrastructure,Infrastructure,27,13,33.02800346173391,False,0.9508727001449521,1.0573868465253093,1.0128767870791469,2001050.1669752859,1232261.6632935705,503928.89024217747,197371.47566583572,3987782.946465841
P033,infrastructure,Infrastructure,27,14,39.24956378054349,False,0.9348812237277775,1.062042733454991,1.0161821157768691,2169314.745843635,1364713.7230796115,555648.0444943967,217628.07534211903,4212064.903632248
P033,infrastructure,Infrastructure,27,15,45.90172925032123,False,0.9462480694271607,1.0667019251821248,1.018603394502721,2347658.1864619413,1465569.3481907072,594105.4246087236,232690.4978592303,4664607.097015777
P033,infrastructure,Infrastructure,27,16,52.78428712159007,False,0.9458969227540686,1.0710582791028733,1.02702683052209,2428066.0653520324,1522520.7675429278,614681.7882208966,240749.54612697236,4828097.268058775
P033,infrastructure,Infrastructure,27,17,59.667221724343364,False,0.9469144811542582,1.0756671421358852,1.0325092460893086,2430811.1308898674,1529156.0125364684,614715.4341395914,240762.72406685934,4781800.909362744
P033,infrastructure,Infrastructure,27,18,66.3204674437295,False,0.946828243162652,1.0804578996926486,1.0350945533296492,2349479.079289753,1484710.101070681,594201.9017867483,232728.28462510844,4867344.871992364
P033,infrastructure,Infrastructure,27,19,72.54367524915611,False,0.9242644301046401,1.085267402704474,1.0406506516751337,2145247.269301986,1394926.4610270588,555795.1816545571,217685.70386667573,4313754.219812896
P033,infrastructure,Infrastructure,27,20,78.18816582136854,False,0.8973620783218939,1.089804141292708,1.0437263797332716,1889118.841652295,1270496.4524793436,504109.899752126,197442.37081548854,3633044.326169722
P033,infrastructure,Infrastructure,27,21,83.1665802139659,False,0.8985012467641962,1.094567985744171,1.043192515164839,1668309.1913632848,1125470.2924259438,444622.5834323768,174143.2513707059,3404010.6106059556
P033,infrastructure,Infrastructure,27,22,87.45037539866925,False,0.8958110961918551,1.0995326255053957,1.0427326443863358,1431238.3046507055,972830.2568353352,382586.0869979267,149845.70645217295,2889054.3529852508
P033,infrastructure,Infrastructure,27,23,91.05880989946948,False,0.8879036535594365,1.1050618563552488,1.0416031240507082,1194954.8174931041,823579.7616945405,322269.5708653672,126221.81818812783,2535555.732265723
P033,infrastructure,Infrastructure,27,24,94.04423605474742,False,0.8868825091062988,1.1098446454350661,1.042808066970996,987504.8520254481,684335.0361070496,266628.6462171605,104429.19701105969,2004818.8032255888
P033,infrastructure,Infrastructure,27,25,96.4777194915438,False,0.8978154944578711,1.1148062114911315,1.0384688890938758,814858.6980205025,560309.5507803087,217334.59834463795,85122.42742802096,1762891.2877735589
P033,infrastructure,Infrastructure,27,26,98.43734509816906,True,0.9038634575188129,1.1197328352589193,1.0464059068346605,231212.2253115011,339898.33231399924,52504.29540820452,54837.63265901595,652735.2316350233
P033,infrastructure,Infrastructure,27,27,100.0,True,0.884654131695128,1.124738415336542,1.048472284844906,0.0,108902.0644812255,0.0,27330.56992803254,133036.70886086207
P034,residential,Residential Building,20,1,8.961602711504288,False,0.9971999999999999,1.004,1.003,748986.5815886061,647640.1563331644,225213.295017059,117724.90035288705,1715073.7394125941
P034,residential,Residential Building,20,2,11.042716952554745,False,0.9934934626927918,1.008148517525558,1.0051278033606914,173287.41191530562,151020.1183732651,52300.30951184898,27338.744478833723,410928.995128962
P034,residential,Residential Building,20,3,13.545644029529397,False,0.9641895880424609,1.012710173432179,1.0014898492684967,202263.12579725037,182451.6262834658,62900.85293217116,32879.926751174055,502120.8192242456
P034,residential,Residential Building,20,4,16.526085144674752,False,0.942102939567995,1.0170306725411804,0.999216663572579,235334.16730810318,218187.04788217886,74901.21864970848,39152.83287862215,565484.8958517706
P034,residential,Residential Building,20,5,20.03339117912496,False,0.9374918865953055,1.0214930637305664,1.0028258349504793,275579.7240737627,257883.4394366623,88141.81727089247,46074.04129650613,690887.8777654134
P034,residential,Residential Building,20,6,24.10368119671577,False,0.9263086924583597,1.0258411115610864,1.0019464826202713,316000.06717047945,300552.13963788963,102290.12109183265,53469.7310463337,789328.982578813
P034,residential,Residential Building,20,7,28.751761779762592,False,0.9111323637694241,1.0308157503740993,1.0028687946583463,354945.114272338,344880.8370375525,116810.52790579144,61059.92879699136,864882.4823875111
P034,residential,Residential Building,20,8,33.96291065527837,False,0.906359237999924,1.0352517933206404,1.0011099553115117,395858.4563659304,388323.6503059608,130960.950497475,68456.72608389668,1054629.668803145
P034,residential,Residential Building,20,9,39.6862175091337,False,0.9025274832783442,1.0396219778226432,1.0006970762634644,432925.87905563373,428288.93318617484,143831.95020415165,75184.73544851155,1138395.235080836
P034,residential,Residential Building,20,10,45.83154333560112,False,0.8858704633918373,1.0441967749485896,1.0052160843967588,456269.26664411713,461893.2665374881,154437.67402849303,80728.6256539999,1165870.4598900964
P034,residential,Residential Building,20,11,52.271931744471125,False,0.8872093727993016,1.0489141848843317,1.0128061747385613,478899.3654101028,486257.5837463076,161852.86733245672,84604.74181641561,1223013.5998475216
P034,residential,Residential Building,20,12,58.852285039310345,False,0.883886876757545,1.053302483670559,1.0108593732135767,487474.5844725957,498903.6587446216,165370.31328164492,86443.40313449402,1224336.189715383
P034,residential,Residential Building,20,13,65.40346822942178,False,0.8720914956566936,1.0579544071643412,1.0115597467795305,478837.19249338086,498885.71109195397,164637.24179731036,86060.20742911485,1178854.4412860337
P034,residential,Residential Building,20,14,71.7593083142821,False,0.8594797906698726,1.062491473294129,1.012761472592488,457841.03186326247,486085.6324270868,159728.09040902232,83494.06515070419,1195030.1728676793
P034,residential,Residential Building,20,15,77.77297268171128,False,0.8728331154488089,1.0670660963927558,1.0059877884433643,439922.81076901965,461896.71818308,151128.90081333037,78999.04305091326,1225648.5908526327
P034,residential,Residential Building,20,16,83.3294255316058,False,0.8518383325682721,1.0714011716583633,1.005620722402844,396698.8060900136,428513.11638424173,139638.7560592514,72992.84281254928,1066321.105315151
P034,residential,Residential Building,20,17,88.35196613731686,False,0.8477715401418406,1.0760140958875466,1.0069065801417083,356868.627294304,389005.54026809224,126221.0517006159,65979.05657730409,926647.990242297
P034,residential,Residential Building,20,18,92.80261774304479,False,0.8225932457995306,1.0806281452387883,1.0083019048356845,306842.0101616646,346189.7804965691,111848.95663944227,58466.385272482905,805216.0303562138
P034,residential,Residential Building,20,19,96.67761698106104,True,0.8296239295159664,1.0854905292706982,1.0074087205002722,94303.32740887924,227077.07578282076,29214.685408735542,40723.42091910482,376960.47169157484
P034,residential,Residential Building,20,20,100.0,True,0.819490721163271,1.0903728454083652,1.0064237862464755,0.0,78227.66185529264,0.0,21822.391732263022,105822.95027003359
P035,municipal,Municipal Engineering,27,1,0.41712530301903467,False,0.9971999999999999,1.004,1.003,113468.95638376773,58201.0015033145,34858.1943239279,13992.196337983816,226026.93381088597
P035,municipal,Municipal Engineering,27,2,0.6085344651497189,False,0.9926699564647109,1.0085793559580256,1.0019548644300174,51831.74803097141,26828.90864899356,15995.619830876436,6420.695551282092,104875.68670302308
P035,municipal,Municipal Engineering,27,3,0.8870042299691014,False,0.9739567134555471,1.0129699492636415,1.0067279284255792,73985.38857465495,39201.69268445224,23271.072517433888,9341.086707864315,145874.91839914117
P035,municipal,Municipal Engineering,27,4,1.29126881956063,False,0.9535439536936563,1.0174776072531482,1.0023149251979273,105156.1493173289,57163.758022155576,33783.4543248061,13560.792090814475,210345.9074889511
P035,municipal,Municipal Engineering,27,5,1.8763380665291016,False,0.9555065392215564,1.022370929363397,1.0024436676242567,152499.7704567527,83127.73987966187,48892.88028362664,19625.76644391584,312868.17777122185
P035,municipal,Municipal Engineering,27,6,2.719288568858548,False,0.9399674737710126,1.0267440276774298,0.9930650431945653,216143.98542163137,120280.29070927466,70443.41880720579,28276.22502501957,461705.48932180146
P035,municipal,Municipal Engineering,27,7,3.9259760225970997,False,0.9020381569923566,1.031409836450976,0.9990890863000236,296925.81812570826,172964.22136671765,100840.07238646162,40477.543915673465,593829.3598349917
P035,municipal,Municipal Engineering,27,8,5.637495685015632,False,0.8940277216955119,1.0360744774305395,0.9986609672506476,417408.35112235375,246435.39126969612,143027.72943766063,57411.81122207558,842119.0580958865
P035,municipal,Municipal Engineering,27,9,8.033559925087282,False,0.8764820081081446,1.040760093935909,0.9980435683439719,572887.9911832816,346560.6896437788,200233.53243862267,80374.41277920896,1124798.0920758676
P035,municipal,Municipal Engineering,27,10,11.327358645732723,False,0.8711651026091609,1.0452016070887473,0.9976025304960473,782754.876743231,478439.8386993964,275255.12127209536,110488.3306371079,1717596.3670339477
P035,municipal,Municipal Engineering,27,11,15.74354962713379,False,0.8629018985933479,1.0495190140682065,1.002258785804329,1039531.1952272519,644122.3482162806,369050.83984855155,148138.24726182438,2177900.5407143603
P035,municipal,Municipal Engineering,27,12,21.470393966703856,False,0.8492675803238432,1.0541778166899984,1.009242593048243,1326747.2010229074,838995.1721119212,478579.1017873357,192103.2596593139,2897929.485528506
P035,municipal,Municipal Engineering,27,13,28.584045471900765,False,0.820953833116193,1.058790396202222,1.0087042344835622,1593087.3018079805,1046725.4622337488,594471.3608264147,238622.80187823361,3415071.1650480786
P035,municipal,Municipal Engineering,27,14,36.962653739622056,False,0.7913947786285829,1.063538065203284,1.0025004800341066,1808811.548281926,1238383.4354924131,700180.8642305501,281054.9517674813,4206401.972111471
P035,municipal,Municipal Engineering,27,15,46.2346149764096,False,0.8059140282765311,1.068186749170852,1.0008703050101067,2038396.093231904,1376413.7533356075,774836.3003073881,311021.89467845904,4662111.219629797
P035,municipal,Municipal Engineering,27,16,55.81320527244794,False,0.7987744339038382,1.072759989411788,1.0022289693489523,2087151.667883795,1428020.279294813,800460.5797633862,321307.56655910425,4518769.334433792
P035,municipal,Municipal Engineering,27,17,65.03060240306475,False,0.7825221199074441,1.0776528174404985,0.9986164672520713,1967583.526282061,1380439.501027427,770276.5044804629,309191.5773109395,4541656.297175808
P035,municipal,Municipal Engineering,27,18,73.31412714420996,False,0.7882103257730761,1.0825998754385306,1.0049786448097626,1781088.7036879575,1246273.4882729815,692234.9543986503,277865.436859776,4076478.1797190625
P035,municipal,Municipal Engineering,27,19,80.3131996959931,False,0.7920881251768563,1.08768904863746,1.0047192245124426,1512314.977883174,1057975.1359186205,584896.2633805833,234779.32558762626,3426415.7882274035
P035,municipal,Municipal Engineering,27,20,85.92536400806279,False,0.7813670399607872,1.0922962456829535,1.0107549892695475,1196227.331292868,851924.344237952,468995.5578144604,188256.39290436768,2629573.36347727
P035,municipal,Municipal Engineering,27,21,90.23952575256409,False,0.7727271871286105,1.0971521794353858,1.0142056747347468,909391.4598616067,657799.4462205435,360524.4931109337,144715.74302968223,2158361.4811639013
P035,municipal,Municipal Engineering,27,22,93.44955087538852,False,0.7552687850218976,1.1019738021685368,1.0190039349371818,661360.4539741604,491597.7779979025,268254.3559602734,107678.19991579515,1640592.1279753628
P035,municipal,Municipal Engineering,27,23,95.78056657708818,False,0.75013666920545,1.1065808229199372,1.0175112049067976,476995.0258712837,358474.73179321433,194797.5769244224,78192.40196899825,1085521.4007536257
P035,municipal,Municipal Engineering,27,24,97.44350842616113,False,0.7556005983894927,1.1115747063512607,1.0186458695812852,342765.901407357,256889.2487285163,138968.1942208424,55782.30014451269,805107.060032421
P035,municipal,Municipal Engineering,27,25,98.61488982961757,False,0.7346711748553811,1.1165676833365046,1.0213338673791754,234757.55677588333,181766.39292532744,97889.62763368174,39293.22547732762,536316.7216625913
P035,municipal,Municipal Engineering,27,26,99.43265881477704,True,0.7106080636233476,1.1213100601173955,1.0246997441288275,55482.633475913426,95575.77478117647,20501.717342812026,21945.22195924991,196936.88387904572
P035,municipal,Municipal Engineering,27,27,100.0,True,0.7115957997102316,1.1260635429175834,1.0245908858507617,0.0,26635.366339967357,0.0,9515.54508538388,36960.54748855769
P036,commercial,Commercial Building,24,1,4.433011252557412,False,0.9971999999999999,1.004,1.003,811259.5246020583,485681.0897533288,226886.4527686189,144429.43126985192,1623640.556326815
P036,commercial,Commercial Building,24,2,5.904513461072577,False,0.9712071642462108,1.008586932270498,1.0024184370536875,262271.7419703729,161954.4565043897,75313.12178343507,47942.180829242985,550958.4361997324
P036,commercial,Commercial Building,24,3,7.825344827938725,False,0.9635180239677203,1.0127629067802717,1.0028042708466007,339647.00346191216,212283.22337825544,98310.28850728457,62581.51989163651,693592.1805202748
P036,commercial,Commercial Building,24,4,10.304139260380568,False,0.9331805575999617,1.017110974862352,1.0034744472718424,424507.04205548676,275123.3812579209,126867.45958401963,80760.1988165299,913354.7219529309
P036,commercial,Commercial Building,24,5,13.456091517809355,False,0.944738905143532,1.0217674523113474,1.009316376068476,546474.7953469452,351439.3142624062,161320.42673509914,102691.97301665766,1160157.9333390645
P036,commercial,Commercial Building,24,6,17.389612674959583,False,0.9194348078775135,1.0263290636528968,1.0132464318415852,663714.2419292788,440541.4386550783,201321.9934240557,128155.82710000791,1410035.9105701745
P036,commercial,Commercial Building,24,7,22.185309506833317,False,0.8851772665049907,1.030583323244537,1.0180925400421483,779041.6507434924,539328.6346239845,245449.10462607583,156245.8849096242,1741062.7651870686
P036,commercial,Commercial Building,24,8,27.86861281190472,False,0.8787737511180428,1.0350674699662874,1.0154234609826702,916550.957065821,641930.6933924416,290877.79241524014,185164.48917470954,2017987.0504577537
P036,commercial,Commercial Building,24,9,34.38169014035748,False,0.8700820654634158,1.0398774063212233,1.00628043795625,1039980.404967063,739072.4686732463,333346.55101717944,212198.8871159122,2420911.5521808364
P036,commercial,Commercial Building,24,10,41.5649547572879,False,0.8430968138102276,1.044306473813288,1.0096223597703418,1111419.5158163214,818593.8609808476,367647.4828015491,234033.87994686232,2533611.211716812
P036,commercial,Commercial Building,24,11,49.159996332630634,False,0.8080193512107434,1.048946249743222,1.0116751300078934,1126239.1562156037,869364.7720147514,388722.68611219357,247449.75203137615,2551594.8363416633
P036,commercial,Commercial Building,24,12,56.84039167900071,False,0.7967468972832714,1.0534973668503809,1.0102715194442908,1123007.513333247,882949.1200465106,393091.18716836534,250230.61494912856,2643590.4268817166
P036,commercial,Commercial Building,24,13,64.26492980886255,False,0.7814539277387141,1.0577673942439239,1.0094620270930728,1064759.504576861,856994.9554330535,379996.1298897901,241894.67575085684,2603651.8966859365
P036,commercial,Commercial Building,24,14,71.1360193769328,False,0.776880329908594,1.0622777080862882,1.0145025402295789,979621.7986210271,796493.66425564,351670.016144343,223863.08131929234,2395021.967290788
P036,commercial,Commercial Building,24,15,77.24311961119531,False,0.7887846985061935,1.066689744658506,1.0200332819272364,884040.6401498105,710872.6663496612,312568.1912164917,198971.9771258559,2018091.1373635926
P036,commercial,Commercial Building,24,16,82.47929389536729,False,0.784508076902744,1.0712506889361206,1.0178937570084368,753859.1627783156,612102.0803016456,267993.2311763643,170596.8315457121,1838248.0560155825
P036,commercial,Commercial Building,24,17,86.8319833114228,False,0.7736397855535887,1.0760739165247417,1.0155992164271865,617981.0820196847,511114.77053373534,222775.49172531816,141812.51096363185,1538526.2555227564
P036,commercial,Commercial Building,24,18,90.35815766955209,False,0.757739203183796,1.0808836763780665,1.017172600750536,490345.5576110081,415911.9406263876,180473.53060474867,114884.29153188852,1212947.349763473
P036,commercial,Commercial Building,24,19,93.15557050052598,False,0.7506745500994503,1.0858227973996537,1.0152211310054398,385378.03683221457,331462.32016846834,143174.70405312677,91140.92457389137,980368.6934410908
P036,commercial,Commercial Building,24,20,95.33819893557272,False,0.7425571546638823,1.0903534761584905,1.0199309632509803,297432.48593396915,259696.30421628107,111709.3540094197,71110.98203627334,743847.2458774074
P036,commercial,Commercial Building,24,21,97.01913835818863,False,0.7199279756269139,1.0950894086191936,1.0228957765432867,222085.30242881988,200872.40954116662,86032.35164274219,54765.73619510426,548499.9645226541
P036,commercial,Commercial Building,24,22,98.30077744094623,False,0.7176701913078383,1.1000517618568872,1.0219410251269694,168798.80030112382,153850.00377115005,65595.71556439056,41756.35776000048,432860.1219470236
P036,commercial,Commercial Building,24,23,99.27051062077943,True,0.6773739001950343,1.1049385375082428,1.0320145502235456,42191.74268505632,87694.08228823196,14889.60722877422,25275.462419097486,166194.13737730897
P036,commercial,Commercial Building,24,24,100.0,True,0.665195797146669,1.1096313380397864,1.0348958740524126,0.0,26499.494491726986,0.0,11883.540347144648,37623.21510575235
P037,infrastructure,Infrastructure,27,1,4.5125756499378475,False,0.9971999999999999,1.004,1.003,1076951.2413902243,656563.340433298,315520.78276999376,116599.76513488736,2143983.0478081917
P037,infrastructure,Infrastructure,27,2,5.784896110488084,False,1.01525455604359,1.0082871833061595,1.0009921077197372,309143.93749139283,185908.4712419254,88961.06764495328,32875.297476400796,593443.8218761822
P037,infrastructure,Infrastructure,27,3,7.3888749441142725,False,1.0379721007352138,1.012434354566607,0.9990720304223181,398449.7779822804,235333.5943678584,112150.73084463566,41444.96841503809,796317.9123121544
P037,infrastructure,Infrastructure,27,4,9.394354942823167,False,1.0563680101590545,1.0171244238283594,1.0044081043358117,507017.385941107,295604.362857843,140223.82517419112,51819.296776862255,984049.419267616
P037,infrastructure,Infrastructure,27,5,11.876136120899279,False,1.0451323845026614,1.0215800026842363,1.003735932623454,620760.490072464,367412.8075586657,173526.9612557514,64126.37148450782,1291870.7254523605
P037,infrastructure,Infrastructure,27,6,14.908477715551664,False,1.023987792297291,1.0264673527353438,1.0047376941392092,743125.5238238237,451067.6547905801,212022.3277772438,78352.21948026236,1459795.628284409
P037,infrastructure,Infrastructure,27,7,18.556393785433723,False,0.9783731362112656,1.0310894312774337,1.0065724319094342,854158.8262767913,545079.1808644179,255063.49879459184,94257.95598260783,1757488.3758863832
P037,infrastructure,Infrastructure,27,8,22.863707375588525,False,0.9621917766500996,1.0356073894625646,1.008912330362841,991876.0595194977,646427.8421550964,301168.79162351403,111296.02957044625,2092767.8751801625
P037,infrastructure,Infrastructure,27,9,27.838947192598614,False,0.9311759701351353,1.040268192165647,1.0039513441162828,1108753.6316527133,750028.4901203383,347870.4144390542,128554.47512799177,2333212.824025129
P037,infrastructure,Infrastructure,27,10,33.44173955133646,False,0.9281455899317745,1.0447728965685468,1.003089040037286,1244543.0071095484,848290.975706767,391749.0958297958,144769.71109334694,2609424.9165205383
P037,infrastructure,Infrastructure,27,11,39.573822535713,False,0.9106185075505389,1.0494265196343138,1.0008795863785571,1336391.7070169575,932563.6428366456,428757.2715302167,158445.97215246502,2879212.9683071775
P037,infrastructure,Infrastructure,27,12,46.07919815025362,False,0.8961656372146016,1.0539952797225218,1.0035113636913782,1395243.282910108,993640.9123152427,454858.01576333825,168091.42441304165,2970631.547925895
P037,infrastructure,Infrastructure,27,13,52.756282484856975,False,0.8822141139888207,1.058519165782976,1.0022321364328677,1409776.0844339433,1024245.3691024896,466863.94629291823,172528.1802669192,3041552.22204732
P037,infrastructure,Infrastructure,27,14,59.38117843408378,False,0.8763118550525181,1.0635422877634775,0.9954274792855649,1389399.1358374134,1021062.3107450153,463214.91711692244,171179.69240771653,2913505.388023694
P037,infrastructure,Infrastructure,27,15,65.73686005456283,False,0.8552049102116788,1.0682432816499914,0.9991497139756703,1300833.148129356,983899.467265217,444391.36216099374,164223.50376113568,2932619.567078975
P037,infrastructure,Infrastructure,27,16,71.64050545688224,False,0.8428094672987034,1.072916465244998,0.9960706060295174,1190800.3269975628,917919.4996044459,412784.84019696113,152543.40774532632,2659050.3404435334
P037,infrastructure,Infrastructure,27,17,76.96203071154235,False,0.8465312015020239,1.0777662852445988,0.9995751228424803,1078123.1544458733,831149.4905034536,372082.806834225,137502.09259345886,2459873.023361819
P037,infrastructure,Infrastructure,27,18,81.63054261681812,False,0.8388402065906813,1.082561167090047,1.0002715126718598,937231.7337489752,732401.6879877084,326423.8973465044,120628.97863930064,2211292.847633611
P037,infrastructure,Infrastructure,27,19,85.62975969688627,False,0.8154131204852888,1.0874711067876115,1.0100356635145176,780444.3655650947,630247.4933998412,279626.581681264,103335.17007427849,1731594.565521277
P037,infrastructure,Infrastructure,27,20,88.98631509492586,False,0.7816177262211956,1.0923758867666487,1.005455268391621,627881.2226393515,531354.4791196922,234691.46420069167,86729.53129972363,1527150.171427118
P037,infrastructure,Infrastructure,27,21,91.75548386393953,False,0.7592735840179485,1.0971879986833164,1.0107375715862161,503195.7811417332,440300.2125232016,193621.19671798637,71552.13632602603,1230999.3999331207
P037,infrastructure,Infrastructure,27,22,94.00784805545955,False,0.7461696347928224,1.102055999428321,1.0134040079980455,402221.66696293926,359716.7814892121,157486.049635819,58198.500391474154,941571.295343823
P037,infrastructure,Infrastructure,27,23,95.81879442003658,False,0.72584597032174,1.106919574147171,1.0096507528370007,314585.9582717233,290495.9465313195,126621.9690995521,46792.77139308877,792421.2955413178
P037,infrastructure,Infrastructure,27,24,97.26134162476829,False,0.7193217436607328,1.1118781707280712,1.0083431416047233,248337.61030460006,232437.2127843218,100863.37793049208,37273.760777843774,646508.089927808
P037,infrastructure,Infrastructure,27,25,98.40193613220757,False,0.6913957008900048,1.1170270354621028,1.009280827532687,188732.7319401084,184634.72419242573,79750.74541195824,29471.65033862505,450229.91986827774
P037,infrastructure,Infrastructure,27,26,99.29850161794728,True,0.6927179280397625,1.1217383427251149,1.0105471704105728,52023.04444400671,109308.33174395186,18806.446637789806,18532.976849571234,196410.11365351846
P037,infrastructure,Infrastructure,27,27,100.0,True,0.6871303487088702,1.1266434274489963,1.0100950037453915,0.0,34359.974867949066,0.0,9062.955719199697,43609.67569134113
P038,residential,Residential Building,29,1,3.259470806213374,False,0.9971999999999999,1.004,1.003,135893.38697714798,89539.34158639563,38120.02155375516,23387.89193818798,286953.5225006009
P038,residential,Residential Building,29,2,4.213316736548736,False,1.0037701595209827,1.0081910426537446,1.0016094606330168,40029.620182743616,26312.017773157597,11155.377539824281,6844.192468862822,87019.46635532293
P038,residential,Residential Building,29,3,5.430901193113735,False,1.0006552782523657,1.0126003643738808,1.0060496323007295,50939.24966181875,33734.188147691064,14239.840908928405,8736.612594128994,108093.86981797745
P038,residential,Residential Building,29,4,6.975183439694745,False,0.9961746849199695,1.0170057563500785,1.0079688297893494,64317.79356877686,42971.763605952554,18060.62272824537,11080.788401678496,137640.82924081502
P038,residential,Residential Building,29,5,8.917922827368411,False,0.9975518128023486,1.0215466961799753,1.0030314501661504,81024.98607722369,54300.75361347353,22720.64139684192,13939.863727682303,169870.01546365864
P038,residential,Residential Building,29,6,11.337024028724432,False,0.9836626625594391,1.025922472712011,1.000134921375641,99487.65210454015,67904.98668165239,28291.767412249614,17357.933495524485,216204.9927101116
P038,residential,Residential Building,29,7,14.311163485292388,False,0.9743771202901566,1.030585782288177,0.9988399779208608,121159.46969791556,83864.57751998771,34783.02673308937,21340.535428854204,261506.19334533205
P038,residential,Residential Building,29,8,17.910952029183772,False,0.9720810519832569,1.0352661616628047,0.9983628065092247,146301.3811161335,101967.57657342465,42100.09079403835,25829.795838136833,300016.7299460644
P038,residential,Residential Building,29,9,22.18644047090317,False,0.9767158979751469,1.0399742956892735,0.9985475896648941,174591.44165672787,121658.21220892457,50002.506922439774,30678.18906900162,368029.8719232644
P038,residential,Residential Building,29,10,27.151954615459672,False,0.9711450980578833,1.0445319653828873,1.0019868720384257,201612.42962466518,141911.9757636815,58072.46558402794,35629.375176195084,440592.59869204304
P038,residential,Residential Building,29,11,32.770996953478715,False,0.9527201789503249,1.048879307020298,0.9955728635700196,223818.8324135045,161257.86663637808,65715.58015750078,40318.67834102931,474656.7549054233
P038,residential,Residential Building,29,12,38.945711851883665,False,0.9429747101535356,1.0533915959805082,0.9982428691648725,243436.62202313592,177967.1506937245,72214.25777669049,44305.83164534733,538810.9427936313
P038,residential,Residential Building,29,13,45.51605281141424,False,0.9345943111756407,1.057959770289821,0.9959294896726911,256731.99646495839,190191.08197559018,76841.16652168908,47144.592939941205,579566.5755182551
P038,residential,Residential Building,29,14,52.27212845914488,False,0.9185210645234018,1.0626181701908308,0.9969226699100738,259449.3468999429,196428.64901739862,79013.36278863209,48477.30707516691,585323.3506787143
P038,residential,Residential Building,29,15,58.979058997917896,False,0.9234563828448297,1.067192496859511,0.9906766613434972,258945.96830320486,195839.21509350886,78438.6030426159,48124.67299254209,579854.0029778014
P038,residential,Residential Building,29,16,65.40867496445443,False,0.9144452573834274,1.0718524865551842,0.9887827958392346,245816.880637974,188561.55097514865,75195.3656892781,46134.839785265554,548522.7587520031
P038,residential,Residential Building,29,17,71.36934324246053,False,0.9229750868057187,1.0763559740705337,0.9913699791191553,230013.7981603755,175543.1822467682,69710.9490286696,42769.96906971703,510223.1615248513
P038,residential,Residential Building,29,18,76.72605833030029,False,0.9174873970122637,1.0811870755951254,1.0000953704348021,205479.08007386056,158464.6812820481,62647.621882829684,38436.38463619248,454852.7515376605
P038,residential,Residential Building,29,19,81.40713067876828,False,0.9220390717153821,1.0859520733282493,1.0021112606377833,180452.804436402,139087.82004870256,54745.874231525646,33588.40153809991,413008.37057018303
P038,residential,Residential Building,29,20,85.3987588880204,False,0.9317573537103043,1.0908358799747508,0.9975554570250827,155496.94815373226,119135.88236373893,46682.71704756818,28641.388362016212,355666.741652495
P038,residential,Residential Building,29,21,88.73197794725822,False,0.9582241701842593,1.0955296483210726,0.995978352744815,133536.48344912342,99912.78848634704,38982.51892280181,23917.06255357677,289143.82669476455
P038,residential,Residential Building,29,22,91.46707763092388,False,0.9531610314355474,1.1001386187648714,0.9991914026196,108995.45670231542,82329.15493955002,31987.41915229131,19625.337867670154,230895.0786611723
P038,residential,Residential Building,29,23,93.67932041159958,False,0.9385257731162525,1.1049892303368047,0.9954862791702856,86805.64082836558,66884.25899185373,25872.525785701542,15873.648874796127,194047.86933650725
P038,residential,Residential Building,29,24,95.4479241089602,False,0.9248253595000938,1.1097564904042434,0.9936328857989747,68384.74253675657,53702.10512691623,20684.09722673991,12690.376633071766,151855.31382333438
P038,residential,Residential Building,29,25,96.84872615763501,False,0.9294521928012169,1.114952318560202,0.9946624445233143,54434.317515195464,42733.27241507189,16382.599342886379,10051.265646787439,127438.79870002354
P038,residential,Residential Building,29,26,97.95003963823616,False,0.9004901554599274,1.1196233158316473,0.9962391202505774,41462.82437378911,33737.73924657987,12880.033635499525,7902.325931335021,98751.40049083681
P038,residential,Residential Building,29,27,98.81087049492696,False,0.8929037930174932,1.124559437699961,0.9907513077264685,32135.972822576383,26487.033986891907,10067.551686193125,6176.775387883068,68944.7782311118
P038,residential,Residential Building,29,28,99.48067488720447,True,0.9004104971328577,1.1292839548944884,0.9916266206841399,8825.220040477316,15521.922128054914,2350.0401803028426,3844.872662506552,30216.444080609825
P038,residential,Residential Building,29,29,100.0,True,0.8974100550032016,1.1340150740838695,0.9943566237405148,0.0,4834.0650974731425,0.0,1863.173554997947,6609.73228956048
P039,residential,Residential Building,18,1,11.52446842476153,False,0.9971999999999999,1.004,1.003,665378.939922244,517790.3052702031,191512.79169735042,125996.36102603092,1428769.3784333619
P039,residential,Residential Building,18,2,15.054123055844451,False,0.9753943690991127,1.0082560267467833,1.0038451860960464,199332.60178706737,159258.39659285304,58655.54810960052,38589.514310229744,448310.92514653713
P039,residential,Residential Building,18,3,19.438674257335226,False,0.9543110824270936,1.0127193435354631,1.0051601075445293,242259.597837202,198707.17585692875,72862.1581480749,47936.050129061,580989.6283164882
P039,residential,Residential Building,18,4,24.746717906228668,False,0.9419916257194837,1.0171951279242657,0.9963540653052099,289499.2253920673,241622.879941273,88208.68956235684,58032.54078868696,674861.3851081381
P039,residential,Residential Building,18,5,30.97604262373706,False,0.9353479485930807,1.021734229319224,0.9952928412015379,337349.4812981885,284825.06991176703,103518.47244217059,68104.8545691865,813490.8278214651
P039,residential,Residential Building,18,6,38.02529676136831,False,0.9362797719154756,1.0259327764277197,0.9957506233418203,382133.126126669,323639.3888236617,117144.0008791377,77069.09651302273,937422.2368166401
P039,residential,Residential Building,18,7,45.68131639728772,False,0.9225676944052684,1.030264194578954,1.000243334432666,408947.12568911986,352980.6878018401,127227.18651511247,83702.82936409234,977999.0124202548
P039,residential,Residential Building,18,8,53.63408821934399,False,0.8793666203066539,1.03496487428827,1.0023202617788578,404906.15348551684,368335.3763105168,132158.59311146798,86947.2042195457,987065.9037309177
P039,residential,Residential Building,18,9,61.521906366354116,False,0.871191233389519,1.039626020928189,1.001241047479768,397865.4841211286,366972.33900906605,131079.19758704098,86237.06936651452,972402.5545624011
P039,residential,Residential Building,18,10,68.99462131652669,False,0.852859778445451,1.0441610829539247,0.9963348969633966,368996.229162975,349176.6695624253,124181.04236297481,81698.76960950113,928516.8548595912
P039,residential,Residential Building,18,11,75.77273397165085,False,0.8457432678059462,1.0491806766137406,0.9952732932214973,331904.5535838452,318242.63790955016,112638.19112323427,74104.72203083885,844958.2195375818
P039,residential,Residential Building,18,12,81.68249230036373,False,0.8392037542973583,1.0537599511768594,0.9980202761557249,287146.16344523884,278683.14942558017,98207.94105840859,64611.053327304224,727647.5871302944
P039,residential,Residential Building,18,13,86.66013012910426,False,0.8297160288850342,1.0582599540910853,0.9959905696053233,239121.51467596783,235730.05421659912,82718.02928386809,54420.232657264496,602434.9275751711
P039,residential,Residential Building,18,14,90.73207952381084,False,0.8345279504500849,1.0628943895717398,0.9939045092004797,196747.46144267925,193683.12618268369,67667.36368985532,44518.392268127034,501755.78794889705
P039,residential,Residential Building,18,15,93.98434312872733,False,0.819196060305732,1.0679310106265532,0.995252218158767,154255.07907982726,155427.6341687096,54045.883884326315,35556.81392093004,395489.35022034857
P039,residential,Residential Building,18,16,96.53261728149279,False,0.8127094635291794,1.0724820503822836,0.9926675072020797,119907.77510030019,122302.54126635997,42347.03753951346,27860.137084959217,311582.41198465816
P039,residential,Residential Building,18,17,98.49946947111953,True,0.7942012605566142,1.0771982107057216,0.9875916892763791,31654.555438243595,71109.54666412325,9805.502687190276,17202.78693542794,139993.48693797577
P039,residential,Residential Building,18,18,100.0,True,0.7771246380409949,1.0815733674934969,0.9877907697153354,0.0,21788.20108669638,0.0,8202.607672610171,30489.758493522975
P040,industrial,Industrial Building,35,1,1.6400943923203186,False,0.9971999999999999,1.004,1.003,210454.44886672407,177462.0734460459,109748.41354407849,35650.27892004285,531179.6305185122
P040,industrial,Industrial Building,35,2,2.1858120939184196,False,0.990510288432245,1.0083343867620191,0.9999215519006289,69555.90883595453,59302.856678224394,36517.198201367464,11862.114988426445,186952.98183928232
P040,industrial,Industrial Building,35,3,2.907757087244153,False,0.9753224498643798,1.012640509920967,1.0003732224424313,90606.49427889008,78788.42172903387,48309.608309492425,15692.718966363132,230672.30532634916
P040,industrial,Industrial Building,35,4,3.858771605225906,False,0.9590441202607792,1.0173573151410427,1.0008703208968164,117363.41318748116,104271.02768595466,63638.004674976946,20671.939969927047,313031.9460020282
P040,industrial,Industrial Building,35,5,5.104521463876523,False,0.9405337989399173,1.0220132839865437,0.9953798061907804,150769.0682251769,137211.45897867717,83360.48906687762,27078.520683597762,395999.66266695
P040,industrial,Industrial Building,35,6,6.724398277182281,False,0.9307438713521188,1.0268346114014253,0.999644321811341,194007.79136502751,179260.86302129072,108395.53578720076,35210.81498776431,509460.256108977
P040,industrial,Industrial Building,35,7,8.810744314982752,False,0.9187197845412985,1.0312147451103684,1.0009355254758903,246647.32386571637,231866.73714442036,139609.74979533747,45350.32771259334,656515.3003049563
P040,industrial,Industrial Building,35,8,11.465087517450586,False,0.9167649428882947,1.0358732252875675,1.0057042117202928,313128.12005677854,296323.8983570773,177617.79860744698,57696.725237639075,810440.1214404496
P040,industrial,Industrial Building,35,9,14.789794795350913,False,0.9039511925334793,1.0404839838173694,1.0034775699033263,386727.8008324671,372813.65303336387,222475.82270664186,72268.24403500202,1072602.0729968878
P040,industrial,Industrial Building,35,10,18.873750678327593,False,0.9172803194677623,1.0444657903361458,0.9984104828246118,482047.8109276059,459703.9727120447,273281.63625179906,88771.8213091928,1329958.6944705388
P040,industrial,Industrial Building,35,11,23.77186528319262,False,0.934288084797575,1.0490667678332612,0.9944570726056204,588866.366462865,553777.1949041393,327761.81039220915,106468.96462997586,1608369.3371947836
P040,industrial,Industrial Building,35,12,29.480827791699326,False,0.9250336745662253,1.0536083158296934,0.9944362205155063,679550.4919337101,648245.298431229,382020.43810711696,124094.14160876052,1716306.0914942157
P040,industrial,Industrial Building,35,13,35.91723685131399,False,0.9030404854274516,1.0584807528647528,0.9924808560047388,747924.6656903173,734225.7266247502,430698.18817811226,139906.44641746863,2046569.1739720923
P040,industrial,Industrial Building,35,14,42.90731614205068,False,0.8982416632772335,1.0633325315835802,0.984820816883272,807945.9245053016,801039.9903735004,467747.5371526308,151941.42334419303,2217853.545296851
P040,industrial,Industrial Building,35,15,50.19690260906871,False,0.8918579146343406,1.0682585574502295,0.9928745979483566,836576.305614702,839232.448390441,487789.333280864,158451.7281309058,2355522.525299175
P040,industrial,Industrial Building,35,16,57.48420631125657,False,0.8746063216184415,1.073266726333067,0.9973382668299821,820137.1387835146,842902.8645521041,487636.57998826256,158402.10830214163,2236414.8217233527
P040,industrial,Industrial Building,35,17,64.46781125128354,False,0.8627648921024857,1.0781018068171302,0.9958400079121776,775316.676077247,811413.8797940046,467314.3000642975,151800.69217060402,2225490.7855755417
P040,industrial,Industrial Building,35,18,70.89455189994118,False,0.8501442591863967,1.0829139583005734,0.9978156908901461,703056.775717062,750045.6918150213,430051.2176323967,139696.286838273,1947084.2348518095
P040,industrial,Industrial Building,35,19,76.59196696719333,False,0.8389757803970448,1.087948523665488,0.9929207193073829,615083.7888024555,668019.5951272614,381247.7305336285,123843.1380668512,1790661.1153291168
P040,industrial,Industrial Building,35,20,81.47794910635646,False,0.8364059040994278,1.0927938805127118,0.9955270948573373,525867.0533148322,575430.8271956348,326949.9553737448,106205.24457320012,1577576.598535507
P040,industrial,Industrial Building,35,21,85.55021912447339,False,0.8425646484938925,1.0975634520371524,0.9883218343369825,441516.3569902819,481691.73955451767,272499.6659363987,88517.80889160083,1256361.4589185636
P040,industrial,Industrial Building,35,22,88.86435935532452,False,0.8335781653219132,1.1026147685456553,0.9886573676128606,355487.39690290985,393819.9211035297,221768.71910643234,72038.55105121496,1046589.8719666628
P040,industrial,Industrial Building,35,23,91.50958753534982,False,0.8296820130197253,1.1077270726948376,0.9909588614164062,282411.13287953753,315790.3870439688,177007.8585593793,57498.594511773204,830036.6729602328
P040,industrial,Industrial Building,35,24,93.58834627435543,False,0.8271564462664125,1.1122917029910202,0.9943867771797101,221257.8785473785,249187.22893980218,139102.03876984978,45185.40469380047,647465.1138902192
P040,industrial,Industrial Building,35,25,95.20207561573265,False,0.8152643722779931,1.1170979736736217,0.9936581578053432,169291.89119599748,194278.59522199343,107984.17209092659,35077.189087979765,516659.28366751526
P040,industrial,Industrial Building,35,26,96.44294530340812,False,0.8098548477970782,1.1219219496399424,0.9913258221521795,129312.45568589734,150034.7349320841,83033.92797084933,26972.441754692172,399641.8892510472
P040,industrial,Industrial Building,35,27,97.39014501999382,False,0.8281315183483946,1.1267831589179138,0.9906342452294342,100936.41387047675,115023.05591913071,63382.73375693533,20589.01868537742,311236.7229235984
P040,industrial,Industrial Building,35,28,98.10914249075203,False,0.8117163986929985,1.1317494483080337,0.9891118112506502,75099.78261241168,87696.1745317955,48112.37214602167,15628.649482224051,223483.9331966795
P040,industrial,Industrial Building,35,29,98.65260261735271,False,0.7862688773966378,1.1367670362147013,0.9891388331170743,54985.19485562996,66579.74876888744,36366.13050942013,11813.042704100744,176602.43225001806
P040,industrial,Industrial Building,35,30,99.06206344898617,False,0.7520057730141444,1.1419345513901424,0.9937442010936768,39622.37793186885,50391.41721287564,27399.445355479977,8900.337031159184,127416.17827752922
P040,industrial,Industrial Building,35,31,99.36981843777635,False,0.7427097831919929,1.1472839911475674,0.9944718528239683,29412.45282632494,38052.13512195334,20593.706031891732,6689.585209716424,91970.75776935995
P040,industrial,Industrial Building,35,32,99.60070940961333,False,0.732218370592242,1.1518829026231416,0.9892415081312327,21754.773687459958,28662.777919866603,15450.280166442042,5018.813297973034,71565.99735547064
P040,industrial,Industrial Building,35,33,99.77369714337027,True,0.7250575007095312,1.1571931429678368,0.9925363499992912,6455.869568847246,17258.9409429073,4244.398447316379,3133.4888340664456,30998.335870603478
P040,industrial,Industrial Building,35,34,99.90317006106838,True,0.7305773213005171,1.1627988508200122,0.9984008916613298,3651.5173938549688,11357.547553764154,2021.552980238706,2157.643079432496,19541.29771108165
P040,industrial,Industrial Building,35,35,100.0,True,0.7187518367458906,1.1681358545840648,1.0060617898037763,0.0,3657.0193806370303,0.0,1052.3828222591594,4842.898664489688
P041,municipal,Municipal Engineering,26,1,4.768417379553869,False,0.9971999999999999,1.004,1.003,1542576.6861912645,958617.2514260563,467062.97430468595,247870.7600987119,3165619.455901127
P041,municipal,Municipal Engineering,26,2,6.3754463219137065,False,1.0059844462065448,1.008788501638837,1.0005915292769783,524451.3356207674,324609.39646946365,157407.30264734584,83536.20367867844,1065926.3310657027
P041,municipal,Municipal Engineering,26,3,8.476328458883929,False,0.9902645985182295,1.0131730785024264,1.0033734436766177,674905.8200085714,426208.9794037934,205779.85974220684,109207.5652608531,1390730.4423924729
P041,municipal,Municipal Engineering,26,4,11.187595752472548,False,0.9733415691136897,1.0173700635106357,1.000170852950886,856106.5857014238,552317.1830617175,265566.6367856822,140936.46411368978,1851123.7204214341
P041,municipal,Municipal Engineering,26,5,14.628875478439893,False,0.987606595214116,1.0217008825768392,1.0020830545281485,1102539.578853937,704013.5366710402,337070.81748265505,178883.80011474967,2348544.6196402893
P041,municipal,Municipal Engineering,26,6,18.90568747702795,False,0.9847009950959545,1.0262367320235013,0.9971493067597925,1366201.5318431058,878830.2160175467,418910.58890264237,222316.24384115782,2974041.303374238
P041,municipal,Municipal Engineering,26,7,24.083909661984027,False,0.9798709125981893,1.0309179741776058,0.9982139149191641,1646037.701342772,1068912.2594132572,507203.05350920727,269173.13791544863,3452416.7474090126
P041,municipal,Municipal Engineering,26,8,30.158945318340457,False,0.9701682289230453,1.0355605674074262,1.0068621345288709,1911992.176345067,1259683.9660299201,595045.273266394,315791.0866243697,3992243.0638203076
P041,municipal,Municipal Engineering,26,9,37.02799219528449,False,0.9552899415140645,1.0399388150062767,1.0024580681144781,2128736.547533743,1430347.4095815758,672818.0881858873,357065.1927078367,4959093.36734239
P041,municipal,Municipal Engineering,26,10,44.47827463849527,False,0.9589272502745965,1.0446052978192142,1.008672354961756,2317654.1488180775,1558340.0299344717,729749.6842991493,387278.84435349563,4990198.794988277
P041,municipal,Municipal Engineering,26,11,52.20298878153169,False,0.9492749483776901,1.0489649036232322,1.00453324793364,2378836.909557665,1622484.8125585709,756630.0674035413,401544.2889688586,5406619.706185829
P041,municipal,Municipal Engineering,26,12,59.8470005879071,False,0.9335599149354267,1.0534937608856045,1.0029064594124748,2315014.8235595278,1612466.0610885527,748725.3328985773,397349.2389265366,5180792.374735866
P041,municipal,Municipal Engineering,26,13,67.06964927208608,False,0.9179469552733883,1.0579618445072811,1.0076291997636748,2150821.196903281,1530043.440660898,707453.1250672695,375446.03938191873,4673357.5559867285
P041,municipal,Municipal Engineering,26,14,73.6023086383508,False,0.9087117801237428,1.0624428066377274,1.0088011550884088,1925778.805473382,1389737.7003416857,639869.1789879419,339579.1755824663,4496333.923918028
P041,municipal,Municipal Engineering,26,15,79.2814127905266,False,0.8973552108502586,1.0670821115045805,1.0054453126626706,1653234.4781510034,1213430.5879286935,556264.073710235,295209.86751609977,3912626.023908723
P041,municipal,Municipal Engineering,26,16,84.05094134705558,False,0.9125865044310759,1.071734553470714,0.9964309528655622,1412016.3539052454,1023528.5273330148,467171.81327192887,247928.52104107523,3292185.202879889
P041,municipal,Municipal Engineering,26,17,87.94178541544504,False,0.9180930775411843,1.0763738261408053,0.9967333620862188,1158832.7763365135,838579.4588860943,381105.31408803526,202252.9489118442,2598005.8525123466
P041,municipal,Municipal Engineering,26,18,91.04122970337536,False,0.9088512800039116,1.0809946360742186,0.9957194961105733,913833.1090319869,670879.6812428803,303588.28780794557,161114.5901000764,2076575.18340338
P041,municipal,Municipal Engineering,26,19,93.46380044147675,False,0.9114855266505935,1.0861458972876528,0.9881365315615901,716335.5017125707,526868.0929537416,237289.02156358463,125929.50709827924,1654859.0164965251
P041,municipal,Municipal Engineering,26,20,95.32936168967997,False,0.8881966709410744,1.0907080124781543,0.9826198954176153,537537.6450104037,407432.1360401555,182730.35180802044,96975.16970422943,1234472.3715599813
P041,municipal,Municipal Engineering,26,21,96.74959503876197,False,0.9113494712885027,1.0955733797316338,0.9775058067148634,419889.3733543842,311557.66681766266,139110.81170730197,73826.23871474752,932261.6096370561
P041,municipal,Municipal Engineering,26,22,97.82138903875405,False,0.9054331273939842,1.1005283854354126,0.9745564533746216,314816.8237690125,236183.6529951066,104981.43380331597,55713.745735934404,726107.8188058808
P041,municipal,Municipal Engineering,26,23,98.62490263145725,False,0.887980989899757,1.1053411620616296,0.9857878412395669,231465.95793069963,177838.9298890469,78703.56527752435,41768.05617456718,515158.58733610983
P041,municipal,Municipal Engineering,26,24,99.22430984378983,False,0.8864418551448978,1.110399820088644,0.9913407126717304,172370.30478563547,133271.90707458733,58711.49547691834,31158.245913328068,404327.4558968808
P041,municipal,Municipal Engineering,26,25,99.66980548828005,True,0.8691854164381605,1.1153412552947128,0.984654741793181,43965.71790146399,74619.05724114484,13090.791190861792,18526.12055210462,148939.2418085211
P041,municipal,Municipal Engineering,26,26,100.0,True,0.8599879237239181,1.1204612904185893,0.9832417973805747,0.0,22224.153481528778,0.0,8582.047048920926,28846.62589652982
P042,municipal,Municipal Engineering,34,1,0.1572922958720787,False,0.9971999999999999,1.004,1.003,27513.163168316514,18085.795275447,9274.224975810117,4231.101952415667,56767.898687882946
P042,municipal,Municipal Engineering,34,2,0.2273463228639415,False,0.9839479255340581,1.0083586231996335,1.0013280150299844,12090.82741879769,8089.926354794592,4130.506222074537,1884.4262443782295,26175.870353711125
P042,municipal,Municipal Engineering,34,3,0.32849833034292697,False,0.9891409462999552,1.012637651378792,1.00386702452167,17550.25733886385,11730.729581180149,5964.096772278495,2720.949897528147,39362.31453815569
P042,municipal,Municipal Engineering,34,4,0.4744420601081375,False,0.9863821312646601,1.0169490519919757,1.0000558613095227,25251.16615547915,16997.34474182317,8605.093950387582,3925.829911304773,55271.23271125098
P042,municipal,Municipal Engineering,34,5,0.6847809870667018,False,0.9621824308726403,1.021522824822058,0.9992798180098856,35499.96125172496,24607.311961178424,12401.945810306499,5658.035821711071,77822.7589341401
P042,municipal,Municipal Engineering,34,6,0.9874493072519563,False,0.9503994169425263,1.026281407275253,1.0058073441453075,50457.29100593482,35573.76842388891,17845.846033879785,8141.660806526041,113023.93184530703
P042,municipal,Municipal Engineering,34,7,1.4219857473880584,False,0.9276003294919264,1.0306042118966257,1.0092398019971907,70703.00928916413,51287.85798271378,25621.01775974667,11688.862255217318,162116.3228507836
P042,municipal,Municipal Engineering,34,8,2.0438098802700364,False,0.907717157851013,1.0351887174999175,1.0020491248845989,99007.68819966745,73719.69827548834,36663.82305478961,16726.828787824634,232451.53107102038
P042,municipal,Municipal Engineering,34,9,2.929499175014659,False,0.9076166227840445,1.0395672175943325,1.005660600864752,141005.0409842258,105446.07465113506,52221.76796763463,23824.699636117686,319451.3709097945
P042,municipal,Municipal Engineering,34,10,4.182669641266806,False,0.8928627478645574,1.0440463583863622,1.0089612505153471,196266.26476085352,149839.52245515166,73889.0914690142,33709.80108765983,473467.5104418359
P042,municipal,Municipal Engineering,34,11,5.939227263011886,False,0.904011389841285,1.0485264380400132,1.009332810506494,278539.701320787,210929.94161662905,103569.66612202427,47250.72096945299,629023.239805161
P042,municipal,Municipal Engineering,34,12,8.36925572761604,False,0.8926014242613546,1.053355717904245,1.0087054479597903,380469.4045453597,293145.25173295604,143278.6682488871,65366.826289916266,915196.3144409856
P042,municipal,Municipal Engineering,34,13,11.670594394885162,False,0.8842066817182155,1.0583855390142438,1.0047830938927276,512029.13499068934,400157.0033675973,194652.6201543602,88804.73390780522,1207971.3745166073
P042,municipal,Municipal Engineering,34,14,16.046933678201842,False,0.853447967392558,1.0629330559421157,1.003049972954277,655147.1179764615,532737.5921922916,258036.51004600292,117721.83490241453,1610521.083054003
P042,municipal,Municipal Engineering,34,15,21.6633503131365,False,0.8174484781969862,1.0674736870715755,1.0078935920164083,805323.7535209466,686614.4542309012,331153.6089003878,151079.4362679921,1896556.5469955876
P042,municipal,Municipal Engineering,34,16,28.578936721338614,False,0.8056529979568343,1.072077036683773,1.0070186427319627,977299.8722412515,849085.5538690223,407754.89882531547,186026.60093180905,2248454.835031334
P042,municipal,Municipal Engineering,34,17,36.67297413456888,False,0.8020582302521239,1.0766229009436317,1.0053417268437144,1138733.0080598507,997987.8801857488,477238.40202555497,217726.4773978243,2829090.0826147124
P042,municipal,Municipal Engineering,34,18,45.60237418436252,False,0.7966679675044369,1.0812687122089406,1.010072831869797,1247815.6786609283,1105738.325886878,526492.8234510985,240197.4093843019,2938261.7938635764
P042,municipal,Municipal Engineering,34,19,54.833068886382996,False,0.7988505948709289,1.0859935309631388,1.0070716679864897,1293453.2982789879,1148042.7799699584,544257.6756536034,248302.1190537833,3226201.112704856
P042,municipal,Municipal Engineering,34,20,63.75543005175287,False,0.7951709010584009,1.0906677638257436,1.011988552711397,1244489.0514434124,1114470.872131264,526077.798688679,240008.06611441638,3233197.650101529
P042,municipal,Municipal Engineering,34,21,71.83711286648992,False,0.7783943517725346,1.0956199271685778,1.0157352212441824,1103449.0366052324,1014047.2001004874,476509.95359598217,217394.14347443567,2657571.611180128
P042,municipal,Municipal Engineering,34,22,78.73764755010872,False,0.7670747433213363,1.1007294130082685,1.006223174387788,928477.1687471571,869880.8312163965,406867.42319095164,185621.71535926015,2317152.2462787023
P042,municipal,Municipal Engineering,34,23,84.33879424553946,False,0.7714448059160708,1.1055247337464216,1.0077311301986118,757936.1281050778,709156.1223958076,330253.2669380487,150668.68079843742,1968171.8917340226
P042,municipal,Municipal Engineering,34,24,88.70134405324957,False,0.7688436875952662,1.1101713613242845,1.0051942566901533,588341.188999746,554660.0217221226,257223.4587877408,117350.90333937613,1564276.3892974523
P042,municipal,Municipal Engineering,34,25,91.99118506382085,False,0.7751820227283898,1.1147266837541092,1.0054885405335463,447331.4214709324,419990.77704938396,193974.6984906239,88495.45138743278,1131012.3729631843
P042,municipal,Municipal Engineering,34,26,94.41214876307308,False,0.7945303498617,1.1197700102203139,1.0079285388304866,337403.49055394385,310465.64925106295,142744.19405381894,65122.98760623466,858495.9359334451
P042,municipal,Municipal Engineering,34,27,96.1618362978821,False,0.7880782340716983,1.124856809056976,1.005121903944574,241869.236186078,225400.1421048677,103164.59395052881,47065.91828673243,623113.1521096494
P042,municipal,Municipal Engineering,34,28,97.40994263800738,False,0.7935442840616334,1.12998713259555,1.0015528557528195,173729.49589741701,161518.2251005997,73590.5018607567,33573.5780525529,431559.14669848373
P042,municipal,Municipal Engineering,34,29,98.29197104269436,False,0.8051158068856477,1.1352792554259017,1.0016841524242541,124563.76512881683,114678.42498810985,52005.91557754713,23726.223108805163,295711.72204869974
P042,municipal,Municipal Engineering,34,30,98.91118448007067,False,0.7913047677034302,1.1401557059925824,1.0018511018412608,85947.83810486554,80853.90194722645,36509.89194628447,16656.602087972908,221933.91204166727
P042,municipal,Municipal Engineering,34,31,99.34387673128622,False,0.8039492933747525,1.145387635597983,1.0009108831263993,61018.085627660264,56758.12688212831,25512.281201148715,11639.254286186722,161271.59613813605
P042,municipal,Municipal Engineering,34,32,99.64525088651483,True,0.8253265389271192,1.1505099928259985,0.9994103463670343,17451.89575399368,31767.485054330933,6515.497940076746,6755.706891245671,64351.88393741064
P042,municipal,Municipal Engineering,34,33,99.85468577879719,True,0.790373962165126,1.1552012162048027,0.9998173730544442,8710.713291592667,19395.508105363515,2881.349885637013,4319.18352277763,35248.95507958859
P042,municipal,Municipal Engineering,34,34,100.0,True,0.7977717686464953,1.1602618745454196,1.006950867927397,0.0,5792.710725499751,0.0,1954.4481871667583,7627.604626124627
P043,residential,Residential Building,21,1,5.604287733921231,False,0.9971999999999999,1.004,1.003,772605.0404535064,615131.944465422,250693.1458196927,154073.28346005495,1716933.4489084554
P043,residential,Residential Building,21,2,7.38089178210186,False,0.9883521172899989,1.0084817083687474,1.0059265088040017,242748.8532759412,195872.20682344705,79471.73286957125,48842.463504294894,571044.5562252956
P043,residential,Residential Building,21,3,9.66593415620054,False,0.9961161151964711,1.01258727402823,0.9985493220241437,314672.70030321745,252953.60117031593,102215.39083848703,62820.46856584386,731179.9203636709
P043,residential,Residential Building,21,4,12.567344399865515,False,0.9818828911559812,1.0172963595382152,1.0046502924656096,393843.49380861956,322679.05317189137,129786.9944998218,79765.67659086289,896064.0523692269
P043,residential,Residential Building,21,5,16.191776961441555,False,0.9804621483791603,1.0214082292855533,1.004137240283083,491276.1694143071,404718.9312299712,162129.50580199366,99643.03261260904,1189444.1858489811
P043,residential,Residential Building,21,6,20.62826625617197,False,0.9605865227480956,1.0257519915671833,1.0066482438750006,589156.630487827,497503.28223486827,198454.73867437753,121968.1260362828,1439194.793889772
P043,residential,Residential Building,21,7,25.92554801285239,False,0.9616943779352737,1.0301473540063841,1.0080732292483834,704279.4121436507,596577.085509666,236960.0368370644,145633.0638994047,1693462.1633415464
P043,residential,Residential Building,21,8,32.06626225382892,False,0.9553411953480124,1.0347115259574788,1.0027547762073017,811021.2545581103,694628.0525393176,274688.78182902886,168820.74062160746,1918065.9264651963
P043,residential,Residential Building,21,9,38.945271272513196,False,0.944682951330585,1.0391876592376192,1.0003582794187416,898393.9099145029,781509.0346697549,307714.46665344207,189117.96766695313,2253587.6950162407
P043,residential,Residential Building,21,10,46.36215267160592,False,0.9573013755653155,1.0437376000313507,1.0019013620845307,981578.0994963009,846304.8055343571,331774.7800235005,203905.17483163966,2342351.4870021236
P043,residential,Residential Building,21,11,54.03634686865569,False,0.9571594757086374,1.0483718920632343,1.0070447032474306,1015481.3009771293,879553.5726749871,343284.9946738084,210979.22768898608,2473893.559323115
P043,residential,Residential Building,21,12,61.64578883776453,False,0.9697312052982243,1.0529163352091742,1.0048352816580113,1020138.2300416573,875912.686162258,340388.4732080928,209199.05706893926,2433331.715526018
P043,residential,Residential Building,21,13,68.87905063547888,False,0.9659517254220389,1.0573755419206265,1.0015021361156995,965927.3191719363,836137.2816488622,323561.0376731423,198857.0980313078,2308941.258687468
P043,residential,Residential Building,21,14,75.48393976801799,False,0.9777156869260818,1.0616911421725066,0.9995164345755039,892756.3707917464,766615.9832226952,295452.43089579826,181581.85372611327,2229502.9508035877
P043,residential,Residential Building,21,15,81.29740768414979,False,0.9657787330335685,1.0665288746243955,1.0010325841954684,776189.4945936325,677831.9587987235,260050.27386365418,159824.0726839702,1854632.2131623258
P043,residential,Residential Building,21,16,86.2510581040352,False,0.9582128494072633,1.0709540155496902,1.0033237902136136,656209.008484183,579976.4003935289,221588.58824031384,136185.9386136492,1652333.3483352337
P043,residential,Residential Building,21,17,90.35678076725972,False,0.9484613292154891,1.0755489445736404,1.0064609267040303,538349.2112640183,482762.9494248979,183658.75900286727,112874.6776990976,1226047.3774972444
P043,residential,Residential Building,21,18,93.68232748537058,False,0.9716833347443135,1.0800717298606581,1.0076647690391363,446727.4612125101,392671.874579559,148759.62975409953,91426.05206686021,1098155.877886607
P043,residential,Residential Building,21,19,96.32611502659245,False,0.9582722664096271,1.0851164028027234,1.0127812754332775,350243.6850655147,313629.5851601258,118262.91708332513,72683.10382804571,869132.4863933861
P043,residential,Residential Building,21,20,98.3968780523118,True,0.9589553146977037,1.0900738749398238,1.0095716353291317,96084.12938154746,185080.9585828566,27789.049482018665,45543.59430321768,358479.9355877539
P043,residential,Residential Building,21,21,100.0,True,0.9671411259540839,1.0946722652370324,1.0048183610804877,0.0,57555.39953979688,0.0,22036.5436246416,75114.26821964345
P044,commercial,Commercial Building,29,1,4.070211989464608,False,0.9971999999999999,1.004,1.003,416097.5518803598,319852.75090635783,117546.93285330877,56978.980455876364,928342.2629127034
P044,commercial,Commercial Building,29,2,5.11065553575815,False,0.9900123242278349,1.0084250895278382,0.999755578256067,105597.82745232152,82122.37697308238,30047.80782681369,14565.190374150652,233592.1910257293
P044,commercial,Commercial Building,29,3,6.399871125805834,False,1.0156490643007265,1.0130371821959923,0.9923858808992957,134234.78852376944,102223.3908182475,37232.296202023565,18047.755276353728,294980.4308475617
P044,commercial,Commercial Building,29,4,7.987790433812345,False,1.013800522238937,1.0174020612259986,0.9936614424404345,165035.28276426904,126450.45337975559,45858.80164420288,22229.31470169275,368285.51885273255
P044,commercial,Commercial Building,29,5,9.929239579232162,False,1.006880478536157,1.0219428766951717,0.9907992020526183,200400.96174276518,155293.0386875579,56068.67478290625,27178.386088805346,412168.93486826454
P044,commercial,Commercial Building,29,6,12.281621910816606,False,0.9935330900105928,1.0259840462148182,0.9980189269136547,239599.6097738689,188906.91889810804,67936.34550038246,32931.04812305611,528417.3021468355
P044,commercial,Commercial Building,29,7,15.100977129991142,False,0.9976114615678051,1.0307324136855665,1.0008194462743683,288341.4572894747,227454.78585784772,81422.43192633505,39468.21107778464,644914.8763799272
P044,commercial,Commercial Building,29,8,18.436138618197308,False,1.0001275766197462,1.0351833872355785,1.0054428746248065,341954.3486873388,270229.96763028455,96318.81693726721,46688.99353291121,735090.1731439114
P044,commercial,Commercial Building,29,9,22.32102995992238,False,1.0014933449962384,1.039657459835266,1.0013351451068275,398862.13133601734,316132.0289183097,112194.90848883917,54384.67293750794,842843.9391124683
P044,commercial,Commercial Building,29,10,26.765710065869953,False,1.0024184813110437,1.044469432382633,1.0040837354461956,456757.2355701557,363358.72401639464,128361.49943064273,62221.167237709866,1001451.5584146869
P044,commercial,Commercial Building,29,11,31.74754392637204,False,0.9914474070464341,1.048931065884957,1.0059457539208498,506354.62712450844,409011.5162371757,143874.39568321066,69740.79357702208,1070500.295912334
P044,commercial,Commercial Building,29,12,37.204622421679815,False,0.9845805086322799,1.0535352306465002,1.0059602716354015,550816.9502219833,449995.95728094724,157599.36856447518,76393.75288932447,1227149.9266427038
P044,commercial,Commercial Building,29,13,43.03388240714654,False,1.0062916088959606,1.0581746535219587,1.0048155461396444,601358.0627068687,482803.1869311934,168347.89781705415,81603.92914272277,1312058.5325108587
P044,commercial,Commercial Building,29,14,49.09585836916027,False,1.0046524649967101,1.0631585110942399,1.0156557487053721,624346.8509725067,504442.39428420673,175068.69008533627,84861.72483340524,1420721.820979893
P044,commercial,Commercial Building,29,15,55.22646983205778,False,0.9728702560735474,1.0674462463914909,1.0153298491139422,611441.0328663568,512211.3002214187,177050.87003926068,85822.55460678294,1454364.8798248882
P044,commercial,Commercial Building,29,16,61.254105070210116,False,0.9974163321860472,1.0720360883405953,1.0190828782935788,616338.5041261736,505773.0877367104,174076.93664047468,84380.98834134947,1378847.550245676
P044,commercial,Commercial Building,29,17,67.01840537705783,False,0.9843670219619389,1.0766234229130593,1.0273869896514107,581700.6052402516,485746.60144837236,166471.87489722448,80694.55728002051,1358084.4763796676
P044,commercial,Commercial Building,29,18,72.38652194389903,False,0.9711985794298935,1.0815011946116966,1.0328492416141182,534473.0825005084,454410.42832751496,155030.16532419447,75148.37304263962,1191714.2966358361
P044,commercial,Commercial Building,29,19,77.26355096975917,False,0.9786708115975069,1.086257456802162,1.0331127690684925,489314.2208347216,414655.5277068769,140847.6523852577,68273.6285644374,1172827.8964333823
P044,commercial,Commercial Building,29,20,81.59585109858102,False,0.964924594250898,1.0909256232703044,1.0355821739340823,428556.1907468324,369924.4410238665,125115.98748692927,60647.95765136584,921797.552318785
P044,commercial,Commercial Building,29,21,85.36802707321789,False,0.9506446069612251,1.0957210961429371,1.0365605403934333,367625.81050072005,323512.6865201116,108939.71054805683,52806.768220255035,889160.086036491
P044,commercial,Commercial Building,29,22,88.59569861829543,False,0.9340966335838016,1.1007966367266977,1.0293570431930905,309084.34018146625,278096.6617885717,93214.52822698579,45184.23963198844,760906.1325346993
P044,commercial,Commercial Building,29,23,91.31649570821487,False,0.9285883656103171,1.1057293184452708,1.0236792500043952,259009.23788271184,235474.7408887201,78576.09226842952,38088.49382101047,600808.449821124
P044,commercial,Commercial Building,29,24,93.58127189190722,False,0.9368926974649051,1.110747116940855,1.0227160799539396,217525.91532384892,196897.33236491506,65406.29694014402,31704.64787621899,523352.7974303914
P044,commercial,Commercial Building,29,25,95.44674942664109,False,0.9183895118825449,1.1159287976751597,1.0176010591482008,175635.7017564312,162939.3039271519,53874.62940070661,26114.85796504163,399918.4911085101
P044,commercial,Commercial Building,29,26,96.97007110446097,False,0.917442649133657,1.1206885710879515,1.0182483231462356,143273.67779847712,133621.36796091584,43993.2346128826,21325.01116236196,338421.9781438417
P044,commercial,Commercial Building,29,27,98.20521587252533,False,0.9102715791370793,1.1252978757264154,1.015389155255772,115261.61696821514,108788.93126925918,35670.741349979246,17290.816739246606,287063.62732296303
P044,commercial,Commercial Building,29,28,99.20096254473759,True,0.8874796685701906,1.1302170601279307,1.0146499871328825,31708.170301429604,66064.98393914857,8627.091231641469,11151.582339562503,118261.22355068392
P044,commercial,Commercial Building,29,29,100.0,True,0.8731864608023951,1.1350321386146152,1.0157800313325016,0.0,21295.895119933364,0.0,5592.870796994863,28105.73987958646
P045,commercial,Commercial Building,20,1,3.6049576655781386,False,0.9971999999999999,1.004,1.003,651735.3735626307,476131.915761949,195274.98510211296,117638.22885885768,1479419.8289690362
P045,commercial,Commercial Building,20,2,5.204061818090132,False,0.9785661690616683,1.0082375926974423,1.0010305277082903,283697.69215403864,212096.27899484895,86621.00044618068,52182.5213257218,628112.5475053918
P045,commercial,Commercial Building,20,3,7.458660163239131,False,0.9652491707403963,1.0127704473271701,1.001136274012271,394545.8463601515,300381.8004137903,122128.10776228971,73572.83516640255,859825.1722610606
P045,commercial,Commercial Building,20,4,10.583092367671695,False,0.9469901693746483,1.0171942453113811,0.9990710716363596,536420.5792303854,418088.68302596395,169245.66354797498,101957.55534901062,1239845.0208609675
P045,commercial,Commercial Building,20,5,14.811013062401972,False,0.9554781851956178,1.0218472650267882,0.9956831376512666,732379.9780858832,568337.3936375724,229019.9295707859,137966.97448984243,1652067.9413008282
P045,commercial,Commercial Building,20,6,20.3514038795488,False,0.9497902879856642,1.0262779225325362,0.9942089401266042,954018.9026249743,747995.1797099361,300114.4076139165,180795.95473155356,2203799.062778769
P045,commercial,Commercial Building,20,7,27.31403268424003,False,0.9659140801301541,1.0307993342166135,0.9983863620507492,1219271.9811605099,944149.5355173433,377154.8412593007,227206.91801915635,2813694.644482976
P045,commercial,Commercial Building,20,8,35.61786410590187,False,0.9694599298612414,1.035586705717734,1.0011958527414868,1459476.9544889873,1131249.5056279525,449805.7141249183,270973.50698851235,3239767.4888298707
P045,commercial,Commercial Building,20,9,44.92490570920387,False,0.9726102884750962,1.0402980791246605,1.0015946658076538,1641116.3381449676,1273687.4330262565,504148.05915288784,303710.60958147584,3748082.12711821
P045,commercial,Commercial Building,20,10,54.65741024563091,False,0.9869740911157039,1.0453545716929318,1.0019967141306982,1741482.928969345,1338386.815443055,527194.7286660424,317594.4635794942,3799262.4338467205
P045,commercial,Commercial Building,20,11,64.12390463933598,False,0.9575150962505334,1.0498375096153052,1.005622184377173,1643325.7724911436,1307388.557499722,512785.3703667642,308913.9283412844,3840802.389139997
P045,commercial,Commercial Building,20,12,72.70485357977414,False,0.9157642303388214,1.0545277851342327,1.0049689314174841,1424648.9041480767,1190383.1121841734,464816.74181805545,280016.50197452406,3282085.3068701336
P045,commercial,Commercial Building,20,13,80.00005755791177,False,0.8814386387178048,1.0591088468404077,1.0055949800088324,1165784.7728608665,1016415.8931700705,395169.92439333966,238059.6264268678,2715363.4456052347
P045,commercial,Commercial Building,20,14,85.87164596991161,False,0.8659241723678761,1.0636286832108155,1.006592566849172,921773.7206884086,821559.5668447879,318054.86944466736,191603.7095168163,2228028.2188454075
P045,commercial,Commercial Building,20,15,90.39259862390163,False,0.8650134112797918,1.0683328170904514,1.001985394142207,708992.521612156,635374.7328965934,244893.0179083467,147529.29501735087,1680131.4756768371
P045,commercial,Commercial Building,20,16,93.75625967597409,False,0.8761669022913838,1.0729910479617082,1.0084319282361032,534303.3836703959,474790.1900723192,182204.3204844872,109764.15407748419,1284243.2488490941
P045,commercial,Commercial Building,20,17,96.19556513123709,False,0.863284089160375,1.0776691755714998,1.0083901525253722,381776.1361580053,345815.9816270022,132133.40644309367,79600.2616460316,940340.7417826625
P045,commercial,Commercial Building,20,18,97.93185274284211,False,0.8266681020383353,1.0825125090411072,1.0027640236111746,260220.61642519513,247256.66212454948,94052.01640135751,56659.13954249849,645003.7704993604
P045,commercial,Commercial Building,20,19,99.15139606243922,True,0.8367292425669302,1.0872803893233207,1.0077429941161473,64749.89637858078,130825.81891449052,19818.23302722589,31837.248465673132,242436.19015976158
P045,commercial,Commercial Building,20,20,100.0,True,0.8170880591910505,1.092243933789398,1.0016592793430166,0.0,36579.6335662864,0.0,13845.969006864045,49821.28540993336
P046,municipal,Municipal Engineering,25,1,5.659970750375801,False,0.9971999999999999,1.004,1.003,2033960.146381403,1307394.7305671463,633556.1393958087,273259.2022262696,4276102.271856669
P046,municipal,Municipal Engineering,25,2,7.193754555345312,False,0.9996283485866969,1.0084433016928638,1.0003935333822351,552520.8789577961,355856.14031344344,171686.07206667587,74049.94785630523,1135609.0399139302
P046,municipal,Municipal Engineering,25,3,9.104600356724584,False,0.994087630885435,1.0126427561945908,0.998242872940122,684536.0032514548,445185.21578899963,213892.99385021735,92254.2222020577,1396543.6084475794
P046,municipal,Municipal Engineering,25,4,11.462765587507306,False,1.0036285257274309,1.0172326350233243,0.9900635388895482,852890.3698589841,551891.0448855374,263964.27217807266,113850.47345670978,1838590.2802617461
P046,municipal,Municipal Engineering,25,5,14.3391882758368,False,1.005621941781139,1.021815817176368,0.989698079029529,1042397.6623301011,676213.9989837485,321976.090347737,138871.5602507789,2220663.227540369
P046,municipal,Municipal Engineering,25,6,17.798221128419236,False,1.0223403537092561,1.0263722702647862,0.9903137322966427,1274371.8591217026,816805.0749863932,387191.3118950116,166999.54813518698,2546505.340508859
P046,municipal,Municipal Engineering,25,7,21.88743451103236,False,1.0311387459720205,1.0311151985706926,0.9938870986668168,1519507.5488551573,970076.0719986731,457731.3838030048,197424.19810060953,3001654.8188955523
P046,municipal,Municipal Engineering,25,8,26.625164009893748,False,0.9895974428935679,1.0358032906397108,0.9915499111084403,1689564.6243318664,1129032.3294187237,530323.873246335,228734.0766092772,3474512.744823292
P046,municipal,Municipal Engineering,25,9,31.987744353346393,False,0.9929193438120455,1.0405421691699432,0.9944192714451214,1918817.9208859259,1283785.0907535618,600267.3599279865,258901.41330303677,4120424.2491619964
P046,municipal,Municipal Engineering,25,10,37.89971482957994,False,0.9934733643475298,1.0451826655286502,1.003653381417574,2116578.921828663,1421619.2167813093,661764.0543276367,285425.56263450213,4640505.019362669
P046,municipal,Municipal Engineering,25,11,44.23097137035083,False,0.9798864216402335,1.049613035478522,1.0019719619664276,2235690.2529981425,1528896.0465055604,708697.3817362818,305668.38376435684,4820418.868714448
P046,municipal,Municipal Engineering,25,12,50.80401993496646,False,0.9823022826002384,1.0541058741968914,1.00675734863228,2326794.2219906463,1594079.237145387,735762.6843535437,317341.9238680935,5168302.976393652
P046,municipal,Municipal Engineering,25,13,57.41181275618427,False,0.9529414121125059,1.058494824034195,0.9957362762258101,2269178.1899696523,1609177.6316558109,739651.8276106162,319019.35088314035,4879255.101799952
P046,municipal,Municipal Engineering,25,14,63.84292205050242,False,0.9510646558822248,1.0633990190623144,0.9994342387844785,2204153.9013772467,1573406.6313835562,719874.5287279421,310489.2008635638,4839252.855133596
P046,municipal,Municipal Engineering,25,15,69.90784578715014,False,0.9582872580779674,1.0679253771006822,1.0004609423503588,2094435.7398422703,1490133.168024077,678885.0751685244,292810.03293691593,4392432.808281393
P046,municipal,Municipal Engineering,25,16,75.45976075712137,False,0.9536937762585659,1.0727623942849707,1.002897787754585,1908085.0856710288,1370266.9330192246,621460.7759934501,268042.3490566084,3986839.984413914
P046,municipal,Municipal Engineering,25,17,80.40533282213713,False,0.9672752134492717,1.0775301843100122,1.005275327089083,1723902.010143547,1226040.48113584,553588.9994497058,238768.56200166777,3921620.584468035
P046,municipal,Municipal Engineering,25,18,84.70489687080276,False,0.9555975783802306,1.0823335668312726,1.0024070304782324,1480626.253432478,1070642.2582378595,481277.2574092796,207579.77270131835,3124143.0868844287
P046,municipal,Municipal Engineering,25,19,88.3644841515199,False,0.9505424792197678,1.0869651437653387,0.9917730588926635,1253572.9779219,915180.0779416725,409640.6309518857,176682.1676136354,2790775.165966372
P046,municipal,Municipal Engineering,25,20,91.423605685469,False,0.9605136184550229,1.0917689783272397,0.9864419234176,1058878.7683626392,768398.1520681988,342426.72170393955,147692.12540976977,2308911.767163801
P046,municipal,Municipal Engineering,25,21,93.94241624323178,False,0.9518161428621983,1.0967821790033956,0.9916813656547823,863961.8258031739,635586.582953696,281946.3144292099,121606.31104456873,1962345.1497534874
P046,municipal,Municipal Engineering,25,22,95.99065658586028,False,0.9417633550187826,1.1014782989236809,0.996066300502754,695134.2478293083,519057.76408177085,229272.42935739606,98887.52904900863,1546785.1230957995
P046,municipal,Municipal Engineering,25,23,97.6394232157047,False,0.9059194333495121,1.1066277146738999,0.9990265693001876,538263.2724087157,419777.8918209965,184556.82314250723,79601.23361038002,1260965.5096545077
P046,municipal,Municipal Engineering,25,24,98.95581861761946,True,0.9001970184898669,1.1112597019976638,1.0034954384429848,149464.4655703832,252418.9851219789,44205.726082602174,50843.67721408074,497238.49005882937
P046,municipal,Municipal Engineering,25,25,100.0,True,0.8779604365290611,1.116305007500638,1.0059293821233586,0.0,80452.38138407205,0.0,25206.152479664685,103910.1556574407
P047,commercial,Commercial Building,23,1,4.844128636379766,False,0.9971999999999999,1.004,1.003,413905.4259469461,296438.7867353342,135798.8502652904,57206.36150175904,889566.4785394401
P047,commercial,Commercial Building,23,2,6.622475885488682,False,0.9961750544018615,1.0086343461120344,1.0009457354880944,151794.2819575525,109329.14886795398,49853.653758855326,21001.253939493414,337035.3506123587
P047,commercial,Commercial Building,23,3,8.992850389274379,False,0.97728599548995,1.013102669037762,0.9997931022569463,198491.45945108827,146371.34838251048,66450.36836858687,27992.753895870443,447653.20394517307
P047,commercial,Commercial Building,23,4,12.103260559099402,False,0.9554816415016167,1.017547123636908,0.9984907447337412,254649.7139636688,192911.37705121614,87196.30642000785,36732.14770917747,575796.5089759452
P047,commercial,Commercial Building,23,5,16.101947446968776,False,0.9736974437937582,1.0217301309186886,0.9928853634440004,333614.2639136191,249022.87711385905,112097.98969116026,47222.18273104213,736703.1469700931
P047,commercial,Commercial Building,23,6,21.10929057720261,False,0.9614932167010053,1.0261334250443148,0.9947446502551088,412531.1616755472,313182.0294285681,140374.3564658397,59133.83041074334,896765.354524446
P047,commercial,Commercial Building,23,7,27.177438664781366,False,0.9652014166687259,1.0305754861958039,0.9924900829910999,501853.90053576906,381172.55711393437,170112.64468578677,71661.3242962245,1111806.326240084
P047,commercial,Commercial Building,23,8,34.245590916831816,False,0.959718724098199,1.034915205017516,0.9944086380227384,581236.7240193948,445857.7401969625,198146.46170210096,83470.79593296144,1373779.5088773496
P047,commercial,Commercial Building,23,9,42.10855760225293,False,0.9498888611157816,1.039787724422552,0.9927535620717279,639974.121740304,498329.6965192639,220428.05129809058,92857.09535134325,1420405.8276784946
P047,commercial,Commercial Building,23,10,50.42061671905985,False,0.9504370377220784,1.0446313618878562,0.9894004177666105,676916.5897900702,529245.6904853187,233017.77391342862,98160.61759569898,1500891.6933438708
P047,commercial,Commercial Building,23,11,58.74669290002108,False,0.9567562372846024,1.0493126083196251,0.9940940545563414,682566.3354992113,532513.8631919448,233410.72408860645,98326.15102790025,1561985.7018936009
P047,commercial,Commercial Building,23,12,66.64880719295144,False,0.9540431155548766,1.0538236703475177,1.0007593212773174,645973.1863956174,507571.11947129184,221525.50359332236,93319.40598659028,1451658.2451786278
P047,commercial,Commercial Building,23,13,73.77373291887508,False,0.941219059323942,1.0580876065956888,0.9981363514489717,574611.3984413235,459502.222015445,199738.03225199197,84141.25787026613,1390366.8021554737
P047,commercial,Commercial Building,23,14,79.90699400091182,False,0.917778018828922,1.062674775587117,0.9983925380564987,482316.6857982614,397262.4083702767,171938.00285615388,72430.2711552017,1162814.7070088729
P047,commercial,Commercial Building,23,15,84.97949992554629,False,0.9069268107382935,1.0673486894413498,1.0045513535328026,394183.0869151595,330000.44922139414,142201.11071287256,59903.365378281625,911975.9755384664
P047,commercial,Commercial Building,23,16,89.03767010688316,False,0.9220602279669221,1.0721143363284837,1.0038547762733872,320621.56343888317,265189.9160431469,113765.52651134567,47924.64607271743,733275.5548720822
P047,commercial,Commercial Building,23,17,92.19893348670273,False,0.8990158925468374,1.0771440505469119,1.0010101817262564,243518.09185558176,207548.7463405492,88621.91006680108,37332.694749283924,564506.1672640888
P047,commercial,Commercial Building,23,18,94.61076033194891,False,0.8711304338996524,1.081855026699385,0.9950174848799039,180024.8649813551,159037.9756577666,67612.43088461136,28482.282107997962,440251.74846366816
P047,commercial,Commercial Building,23,19,96.42174134339918,False,0.8388796908262509,1.0865428058824853,0.9958767902082338,130171.7547945899,119935.1228291349,50768.498871040276,21386.639825335085,333442.6815589405
P047,commercial,Commercial Building,23,20,97.76536326561465,False,0.8472046069048552,1.091402511734663,0.9892421077782726,97536.81552944877,89381.50786826664,37666.69424461516,15867.39890156811,240521.62496745112
P047,commercial,Commercial Building,23,21,98.75339948244309,False,0.8311204516453083,1.0963286066149927,0.9860424871072164,70362.29815664131,66023.6085792154,27698.311159226705,11668.137087077575,177871.76749836255
P047,commercial,Commercial Building,23,22,99.47520699200143,True,0.8078345628135319,1.1011069451959556,0.9940038306295038,17486.989658554176,36332.71133316379,6070.480612843393,6819.303850252592,65941.19687460359
P047,commercial,Commercial Building,23,23,100.0,True,0.8071865073480166,1.105774888283859,0.9972018446752055,0.0,10611.130724126238,0.0,3098.7511668969746,13512.48076304145
P048,residential,Residential Building,27,1,14.28281440131817,False,0.9971999999999999,1.004,1.003,2130048.6662616855,1594703.0013193693,531683.0248348952,398104.9337448124,4523026.050270118
P048,residential,Residential Building,27,2,16.417189520309503,False,0.991979233311097,1.0086293524248433,1.0019791701785739,316640.74124247656,239405.79472526384,79452.89965351077,59491.4448551681,687649.5370485028
P048,residential,Residential Building,27,3,18.807826574906446,False,0.976492137904438,1.0129538988631261,1.0046969154340908,349120.9102227105,269299.5533631354,88992.34455872932,66634.23464638558,811425.7307724984
P048,residential,Residential Building,27,4,21.466703752797812,False,0.9647454090881447,1.0175988862021346,1.007487664355732,383622.8437649585,300889.61962828157,98977.6819108761,74110.89250325513,818436.0246508892
P048,residential,Residential Building,27,5,24.400857231746752,False,0.9478977454138009,1.022075921308214,0.9997604531271223,415946.7936354032,333501.88281825994,109224.94357088525,81783.66976653248,922159.2139663772
P048,residential,Residential Building,27,6,27.610944218811,False,0.9316730106621564,1.0264039132554947,0.9975058063655144,447274.12967168534,366410.0745943609,119496.67000559339,89474.76536433562,992389.1516013129
P048,residential,Residential Building,27,7,31.089901912080986,False,0.9222843231049594,1.0309631891470066,0.9935158189052922,479852.14172083914,398863.7907282009,129505.48103878635,96968.99946080873,1108747.7012467817
P048,residential,Residential Building,27,8,34.82187130552229,False,0.9022096449112064,1.035355313382014,0.9981523882714755,503545.82834713254,429694.50113679894,138923.93473326927,104021.19542885767,1173726.086438484
P048,residential,Residential Building,27,9,38.78157046912816,False,0.8806010585510229,1.0399126420683926,0.9969001449529296,521476.63989809004,457921.8385352554,147401.25927477377,110368.70807697525,1278550.5957166057
P048,residential,Residential Building,27,10,42.93428840246554,False,0.8964487640886911,1.0444652488171027,0.9955500286463062,556738.6469718538,482346.05868436134,154586.4540450206,115748.72089352315,1353084.6306851313
P048,residential,Residential Building,27,11,47.236620587779264,False,0.9018290814188961,1.0492406619597685,0.9930193262561228,580258.670877466,502008.8323872688,160155.899660855,119918.91944100473,1260844.8345422281
P048,residential,Residential Building,27,12,51.637981765293084,False,0.8835809471576219,1.054293398042643,0.9906255305865627,581603.2362294928,516036.9520293939,163842.29035668564,122679.15487296511,1384419.9433548998
P048,residential,Residential Building,27,13,56.082821670368034,False,0.8749090013322396,1.0591437677789257,0.994901097291212,581584.028376927,523532.13484619104,165460.80199844867,123891.03759220251,1405579.88048677
P048,residential,Residential Building,27,14,60.513356822511795,False,0.8724169646724129,1.0635595368140176,0.9944811194473707,578061.1096379731,524022.9393625884,164928.3023037621,123492.32116574116,1363166.117024762
P048,residential,Residential Building,27,15,64.87254207265994,False,0.8720199753695621,1.068439325775673,0.9932500340945913,568493.1320159454,517949.59287201636,162272.27593187254,121503.58510794824,1332899.5411858724
P048,residential,Residential Building,27,16,69.10696236839712,False,0.8839922764129555,1.073093730177912,0.9934637447748154,559803.8701479179,505317.01962432935,157627.85456709648,118026.0111149073,1313299.4284764368
P048,residential,Residential Building,27,17,73.16933970305564,False,0.8642314323124693,1.0778088895899487,0.9961884301206428,525053.7705522518,486916.3162798226,151223.49199697096,113230.65708334064,1296960.2524076926
P048,residential,Residential Building,27,18,77.02041854073578,False,0.8653838515219281,1.082801200826539,0.997349550362262,498407.60415717144,463728.133119097,143357.8276496021,107341.13336788895,1182529.1997868242
P048,residential,Residential Building,27,19,80.63009714245231,False,0.8731149020455983,1.0875187379646953,0.9923133780419336,471339.0250116382,436553.6156949109,134371.61498544185,100612.58378067345,1122919.0214414522
P048,residential,Residential Building,27,20,83.97778658512333,False,0.8800996069325793,1.0925374881793142,0.9883533194983299,440626.3381123877,406737.1268960178,124618.97207898308,93310.1590712928,1035450.8332257906
P048,residential,Residential Building,27,21,87.05207923491444,False,0.8929820983932255,1.0975020557206203,0.9849769171026634,410564.52655104565,375217.3009677267,114441.67580289883,85689.76934576036,1017793.6211921682
P048,residential,Residential Building,27,22,89.84987719567908,False,0.8805279846684677,1.1025996023265203,0.9817240669151901,368428.2946943016,343057.15907491604,104149.05920215255,77983.03195053645,896159.1760627694
P048,residential,Residential Building,27,23,92.37516275692575,False,0.8822313754609992,1.107744972542712,0.9801208024494179,333185.78000907914,311087.520399501,94004.68479458752,70387.29292414879,841330.4494059837
P048,residential,Residential Building,27,24,94.63759072901664,False,0.8671825026156874,1.1127125420136124,0.9740402890761587,293412.5809181443,279956.17483684036,84219.71425753064,63060.6624593909,651555.9851352951
P048,residential,Residential Building,27,25,96.65105639662156,False,0.8332248948095551,1.1178839160828982,0.9707383764965594,250899.57712480394,250307.1424923526,74952.00080836978,56121.33531087075,655416.3656739392
P048,residential,Residential Building,27,26,98.43235408046907,True,0.8468810004797227,1.1227656760856568,0.9720592941784909,78962.41106430489,166808.89291427258,19892.83863953381,39720.0930563072,295447.33764700853
P048,residential,Residential Building,27,27,100.0,True,0.8384587555168737,1.1277059941684882,0.9677287498160397,0.0,58979.00288346584,0.0,21847.499988258307,80825.87508976381
P049,residential,Residential Building,21,1,6.352216435496789,False,0.9971999999999999,1.004,1.003,349764.9586286027,253531.40115759714,104458.49007072374,49635.929593999586,753747.5518313508
P049,residential,Residential Building,21,2,8.2918652016653,False,0.951738069559884,1.0080223143666918,1.0075574148587727,101931.70209859847,77725.94254702043,31896.39135236094,15156.327019436458,229468.64425164886
P049,residential,Residential Building,21,3,10.7592303882438,False,0.9675981619844829,1.0124067134418475,1.007625765636335,131824.8263160277,99302.73402516134,40574.37973977075,19279.879066985548,292365.6062106647
P049,residential,Residential Building,21,4,13.855674905318837,False,0.9887247135754685,1.0167108482729927,1.0121715401576394,169046.9862478544,125150.7673353633,50919.22199532763,24195.476272250566,337749.5486547274
P049,residential,Residential Building,21,5,17.67622652807061,False,0.9867359972227203,1.0212493475346687,1.005989655457802,208159.28360505908,155106.722450681,62826.74052473336,29853.616179927423,468029.61622657784
P049,residential,Residential Building,21,6,22.29276881013432,False,0.9813845909375051,1.0259414824249578,1.0008839667402505,250163.9885519025,188283.45733763286,75916.34211914473,36073.450898137664,562203.405523859
P049,residential,Residential Building,21,7,27.73239497496255,False,0.9902077126101294,1.0302397893819701,0.9923564021288809,297415.8429574288,222782.01601941415,89451.47595285298,42504.99082907523,670564.1954602145
P049,residential,Residential Building,21,8,33.95484140593492,False,0.9796858631809598,1.034791708772508,0.9904084965562931,336602.0433544178,255968.7003564988,102324.49812212738,48621.912695584004,730808.3109326727
P049,residential,Residential Building,21,9,40.8361874213379,False,0.9806040811574246,1.0392755602863735,0.9859580379291948,372593.97921650263,284300.0049132198,113159.71704087082,53770.52400541811,850269.0467393628
P049,residential,Residential Building,21,10,48.16746968348518,False,0.9383987162785805,1.0436248986750387,0.9837046656542253,379870.95270531456,304156.51900550094,120558.65589005126,57286.30532237549,881489.013340125
P049,residential,Residential Building,21,11,55.67404700090118,False,0.9361195472195437,1.0484401648199877,0.9866721908297639,388009.19395271887,312865.99934772594,123441.28071497224,58656.052891566076,889163.8238429052
P049,residential,Residential Building,21,12,63.05403068003576,False,0.9483327694941197,1.053254654424887,0.986538304516015,386442.5146902529,309002.1811643244,121359.52225448561,57666.855974144935,880268.4437272236
P049,residential,Residential Building,21,13,70.02530258156503,False,0.9437872499010199,1.0580558325188194,0.988586590239318,363291.19174144976,293219.8478987193,114638.49572834335,54473.20077938639,830094.3869149354
P049,residential,Residential Building,21,14,76.3662643207948,False,0.9348137895449599,1.0624522713485876,0.9906243098055194,327302.2442113507,267816.49293554487,104273.41316249873,49547.98591053344,737533.7057013464
P049,residential,Residential Building,21,15,81.93868020112453,False,0.9438611580861345,1.0671585996242021,0.9861138026687424,290415.89061488846,236398.78837642638,91635.12528518605,43542.60361138028,667236.6818922741
P049,residential,Residential Building,21,16,86.68943441874251,False,0.9317170700721045,1.071853516098674,0.9809101889668711,244407.96513124072,202428.08011807266,78123.37902977732,37122.17684308812,555149.5376003906
P049,residential,Residential Building,21,17,90.63608952980921,False,0.907149160510845,1.0765329237990686,0.9839126928910379,197686.32113122017,168899.84428631552,64900.4387552313,30838.983087859062,477204.5160092657
P049,residential,Residential Building,21,18,93.8447778644789,False,0.9156743326850183,1.080989747509332,0.9807118792511222,162232.2966562625,137886.53779334968,52765.00603382341,25072.544345113532,373825.17004745477
P049,residential,Residential Building,21,19,96.40804621666574,False,0.9027043728330695,1.085783969576058,0.9808010364419442,127763.95938716711,110639.51353611845,42151.451298049054,20029.26203028898,311279.2407137322
P049,residential,Residential Building,21,20,98.42712460885028,True,0.9190232482151293,1.0904452041655035,0.976433411329599,35860.510147058216,65643.39707261685,9960.769551401154,12621.589196388863,121962.81608163845
P049,residential,Residential Building,21,21,100.0,True,0.9192690826167857,1.0953746945477296,0.9758659789121881,0.0,20547.123560044787,0.0,6145.188295141608,26516.35465645187
P050,municipal,Municipal Engineering,34,1,1.056778937245129,False,0.9971999999999999,1.004,1.003,210793.53711252948,131800.0939550879,51818.18868428638,33064.52978009007,421894.00352918956
P050,municipal,Municipal Engineering,34,2,1.367550597122156,False,0.9804525796595231,1.0084037414320859,0.994873933400819,60947.91788496482,38929.041796912454,15238.404118099184,9723.432631614312,129279.67850302701
P050,municipal,Municipal Engineering,34,3,1.7681073115549937,False,0.9855258025875866,1.0129192370207583,0.9902601844494733,78962.86332148126,50400.7145446099,19640.932153082875,12532.630000655934,160152.29989995784
P050,municipal,Municipal Engineering,34,4,2.2833184382659364,False,0.9949882667693284,1.0176615637972104,0.9919623052863311,102540.17773751244,65130.80768249671,25262.90639908803,16119.940549322539,213634.34015715893
P050,municipal,Municipal Engineering,34,5,2.9442361522380534,False,0.9775628105188658,1.022239475370092,0.9882963128089758,129235.82993379724,83926.26543497745,32407.495645847033,20678.81244187888,280981.525511037
P050,municipal,Municipal Engineering,34,6,3.789171070978875,False,0.9723902103501565,1.026748788253074,0.9912695825043055,164344.32398943137,107766.88156488106,41430.610984157254,26436.34803677353,343775.86941278976
P050,municipal,Municipal Engineering,34,7,4.86464506619985,False,0.9743110764505593,1.0310806934291161,0.9930879357274576,209598.62357901604,137749.62554062027,52734.88375410057,33649.461291683496,424453.55705254857
P050,municipal,Municipal Engineering,34,8,6.225966239819241,False,0.9885490982279317,1.0355105831333598,0.9941080657634924,269184.2939226449,175110.82721091132,66751.13871820203,42593.056029999854,559591.0758104078
P050,municipal,Municipal Engineering,34,9,7.937027019942865,False,0.9842538823180207,1.0402650270332843,0.9914875769328937,336870.86063552194,221109.44432731674,83900.30046005906,53535.718896352846,683395.2950760025
P050,municipal,Municipal Engineering,34,10,10.068759984990967,False,0.9848238196931285,1.0449954543048217,0.9879792964343022,419935.1404343692,276722.87477552344,104527.5763115944,66697.72231624555,843563.130893787
P050,municipal,Municipal Engineering,34,11,12.69554422840374,False,0.9548493162302458,1.0498608963369795,0.9882832153845305,501706.9494774981,342573.7020290357,128801.96298471498,82186.90095073935,1041268.6803155884
P050,municipal,Municipal Engineering,34,12,15.888836293770382,False,0.9408157207772656,1.0548645806943397,0.9849941100113008,600944.1065345936,418440.0163503181,156580.15592036804,99911.8139760476,1265497.297484804
P050,municipal,Municipal Engineering,34,13,19.707560835317405,False,0.9427339940605585,1.0598380740950974,0.9883111903069312,720109.2219364949,502754.20052194403,187247.66538500655,119480.36327739026,1548012.153919317
P050,municipal,Municipal Engineering,34,14,24.185515946859713,False,0.9437439080508319,1.064283919507706,0.9826282751427227,845327.0566443686,592018.249458124,219572.43346896904,140106.38831000187,1752322.9190512921
P050,municipal,Municipal Engineering,34,15,29.31730852966427,False,0.9319835420027979,1.0688906701038736,0.9772599546112216,956683.3391141461,681397.0347894669,251632.7558889504,160563.67391435613,2020785.0795762227
P050,municipal,Municipal Engineering,34,16,35.04591956612111,False,0.9301740888983859,1.0733836364578937,0.981532723012196,1065870.5079983685,763839.5894793399,280897.20292859105,179236.94685593795,2220665.4181209244
P050,municipal,Municipal Engineering,34,17,41.256223351456484,False,0.9201892267285925,1.0781615700742706,0.9830271052504231,1143091.1489242443,831753.3350239106,304516.5663257353,194308.16343569595,2346115.978386215
P050,municipal,Municipal Engineering,34,18,47.7786185716506,False,0.9349957812612042,1.0827638871287948,0.9812675669893238,1219853.3836245078,877281.016794268,319819.68440302945,204072.88922489295,2704815.562111699
P050,municipal,Municipal Engineering,34,19,54.40462060605902,False,0.9377143211143245,1.0876581511876178,0.9802890778539429,1242833.6016054524,895244.8721515328,324899.94978183287,207314.54220762535,2760794.237391932
P050,municipal,Municipal Engineering,34,20,60.91221549447743,False,0.9408653750716771,1.0925145435896613,0.9759006685086011,1224725.804748551,883172.6159996133,319093.9636704205,203609.81601865691,2639858.604443144
P050,municipal,Municipal Engineering,34,21,67.09482606387564,False,0.9360378825042446,1.0973871839435148,0.9716893552826247,1157593.7952372225,842809.9113114894,303158.654809778,193441.6972990339,2500661.4451003443
P050,municipal,Municipal Engineering,34,22,72.78616530055989,False,0.9190054690061527,1.1024709109891968,0.9697000526592671,1046221.0204271964,779434.2226402512,279069.6143145959,178070.7857127654,2278662.24870298
P050,municipal,Municipal Engineering,34,23,77.87504130309924,False,0.9163517367623228,1.1074248499558699,0.9751265960403837,932770.8144058327,700057.9497101223,249528.38062607424,159220.898716794,1998672.7270995935
P050,municipal,Municipal Engineering,34,24,82.3082107092168,False,0.8979742467197919,1.1122263809483948,0.9762374596147723,796286.0030061953,612498.9911004129,217376.40736335053,138705.13187069492,1791798.1346918815
P050,municipal,Municipal Engineering,34,25,86.08335321811498,False,0.8932109736289815,1.1169635950486314,0.9696016369879894,674494.2836586311,523805.7088100168,185110.660273105,118116.7673865115,1551273.69756608
P050,municipal,Municipal Engineering,34,26,89.23639965614014,False,0.880706736515106,1.1218811022069906,0.96276821263445,555459.70369164,439415.18197345914,154606.74839132026,98652.60763037615,1275516.3066235294
P050,municipal,Municipal Engineering,34,27,91.82748684625905,False,0.8675602806516638,1.1270275642037533,0.9698214594424968,449647.89085054904,362755.84885087446,127051.59062408074,81070.010520681,1058086.9308496406
P050,municipal,Municipal Engineering,34,28,93.92853335394051,False,0.8590007961422702,1.1319781192378195,0.9741623606032184,361010.7256211161,295441.53855817154,103022.89393968634,65737.60355565643,840834.3116767884
P050,municipal,Municipal Engineering,34,29,95.61385158039984,False,0.87112918205175,1.1371333377674682,0.9734702111064728,293667.13946626545,238062.5975929469,82638.03788462482,52730.28513698265,656700.2329040393
P050,municipal,Municipal Engineering,34,30,96.95398543952237,False,0.8612521114201248,1.1424148411231612,0.9798189809393831,230870.98317382365,190182.20339105302,65712.23812923518,41930.14672470289,526541.2032665417
P050,municipal,Municipal Engineering,34,31,98.01227860172641,False,0.8474648658309368,1.1480053166462683,0.9779510894117297,179398.3999135211,150920.33056391194,51892.4373202743,33111.90689415153,403869.73137762916
P050,municipal,Municipal Engineering,34,32,98.84344182935685,True,0.8360464665675592,1.1530828421819936,0.9825402388662895,55599.079411021914,95243.35298990963,14943.620525461145,21671.21580771352,183666.90188864467
P050,municipal,Municipal Engineering,34,33,99.49341933834992,True,0.8295872727878076,1.1579656190842131,0.9847904836740767,32357.319506034586,65447.022393089894,7436.578963411921,15591.328161965988,116987.24198528055
P050,municipal,Municipal Engineering,34,34,100.0,True,0.8202485143095403,1.1630591524758656,0.9805500849351287,0.0,21956.824124391445,0.0,7924.955155148751,30773.244515949846
P051,municipal,Municipal Engineering,27,1,0.9700984078169914,False,0.9971999999999999,1.004,1.003,157302.62436312114,98744.38635121254,47327.15564606298,22556.12180214801,335858.52274215076
P051,municipal,Municipal Engineering,27,2,1.3450568323835876,False,0.988521625401197,1.0084504112587096,1.0022558697756163,60270.8334337751,38335.450726974865,18292.696470040577,8718.29891391925,129534.89401783388
P051,municipal,Municipal Engineering,27,3,1.8622693250018707,False,0.9661165136145592,1.0130510821986056,1.0009412233979433,81252.44123728339,53120.63545302245,25232.69386176694,12025.90158594654,170781.7910729941
P051,municipal,Municipal Engineering,27,4,2.573276577693905,False,0.9486868171605289,1.017714855160248,0.9966164789656595,109681.85911131403,73360.63049606523,34687.15198632055,16531.896212489857,233764.21520632057
P051,municipal,Municipal Engineering,27,5,3.546123749747001,False,0.9415130563363419,1.022350686134172,0.993535492482706,148939.15115297196,100834.09950755972,47461.256673121854,22620.034350004342,324416.078345556
P051,municipal,Municipal Engineering,27,6,4.868740313397247,False,0.9360786661966555,1.026738790169612,0.9959061664955533,201318.74360793436,137675.555614911,64525.082675679194,30752.65361414899,444081.2214754294
P051,municipal,Municipal Engineering,27,7,6.651309637219797,False,0.929999656509368,1.0309169968106866,0.9939385173596362,269567.24694220704,186308.65862704485,86964.3070833308,41447.18769242561,549905.7132189891
P051,municipal,Municipal Engineering,27,8,9.025831937794413,False,0.9107115519877726,1.0350491410329297,0.9906610456340358,351637.35506456957,249172.51318204007,115843.28517477853,55210.90829764746,805687.6176842162
P051,municipal,Municipal Engineering,27,9,12.140047447959878,False,0.9104855173752748,1.0396294891623068,0.9882888149750879,461062.29962208937,328238.9870835245,151929.90832409335,72409.7924493062,991994.2812582232
P051,municipal,Municipal Engineering,27,10,16.14207377232346,False,0.9233796076173952,1.0440199747026024,0.9800364930786973,600894.3586390144,423595.81376882055,195242.5869649789,93052.61455987983,1237078.4306012036
P051,municipal,Municipal Engineering,27,11,21.152587398007093,False,0.9248243446519643,1.0488825649704983,0.9805127908354202,753493.3217856335,532809.5795361017,244442.5805863026,116501.33091813409,1691803.4923215827
P051,municipal,Municipal Engineering,27,12,27.22479714632204,False,0.8906905407298213,1.0532138721592537,0.9821557780272847,879450.7252357387,648374.9775919034,296238.4161837079,141187.22553044418,1982082.9089088922
P051,municipal,Municipal Engineering,27,13,34.29995244425021,False,0.8942031819184525,1.0582336576994797,0.9854639541972534,1028750.583385738,759067.6062012595,345168.05027916544,164507.08854197687,2242910.486936747
P051,municipal,Municipal Engineering,27,14,42.17572295173295,False,0.9070104903136347,1.062948311508603,0.9891948023148984,1161564.3364388596,848727.1786355706,384226.81001928315,183122.4929564659,2587268.822216391
P051,municipal,Municipal Engineering,27,15,50.50926833305085,False,0.8979794549905805,1.0677623866584756,0.9888838341082516,1216841.777668289,902126.2780566382,406559.7842106399,193766.38818295574,2677439.5224026726
P051,municipal,Municipal Engineering,27,16,58.86722298184394,False,0.9134845692253313,1.072300848352344,0.981836014896449,1241478.2988758406,908614.306101502,407750.6130911906,194333.9372128635,2755892.712211456
P051,municipal,Municipal Engineering,27,17,66.81118792710515,False,0.8884092160801945,1.077198076461019,0.9804179604483924,1147594.0313639783,867552.5664907297,387553.73927195586,184708.1073976046,2596858.872785278
P051,municipal,Municipal Engineering,27,18,73.98530448277464,False,0.8741159968228486,1.0818610178559502,0.9732509627652756,1019707.005616172,786869.6800359463,349995.9675402531,166808.0738495705,2399523.078305446
P051,municipal,Municipal Engineering,27,19,80.17111095741004,False,0.8505156311620148,1.086733381479321,0.9665638949581674,855493.1473408431,681525.7149412078,301780.3384300804,143828.50560529294,1964352.712850193
P051,municipal,Municipal Engineering,27,20,85.2954257003738,False,0.8423546202765665,1.0911882702917186,0.972929981239338,701889.3710803834,566889.4783429031,249994.47423627967,119147.36336381885,1629116.048756533
P051,municipal,Municipal Engineering,27,21,89.40145133823884,False,0.8361976483072817,1.0960842442336578,0.9706718144031125,558301.1278677492,456276.9211509804,200316.290475372,95470.74159088667,1314912.593807273
P051,municipal,Municipal Engineering,27,22,92.60468077749265,False,0.8388982348400549,1.101100027016703,0.9747555186567346,436953.5120741116,357583.7142438499,156272.53587887,74479.4886888066,1032602.5742166201
P051,municipal,Municipal Engineering,27,23,95.05184561897538,False,0.8304853778311203,1.105679578491251,0.9743879874246226,330470.8225720429,274318.70602103276,119387.21928742263,56899.94725239473,760777.49163447
P051,municipal,Municipal Engineering,27,24,96.89166805501256,False,0.816779689915405,1.1109437228648908,0.9726797754598441,244353.60310446334,207219.62368193085,89757.45356328481,42778.40127061419,564301.8295876838
P051,municipal,Municipal Engineering,27,25,98.25827519533414,False,0.8227756857621698,1.1163122639957377,0.9771440808520305,182836.55987255974,154665.08768796732,66671.20398905095,31775.495005856963,421635.6955750396
P051,municipal,Municipal Engineering,27,26,99.26430196772506,True,0.803389743730061,1.121263714575993,0.9753993643489254,45998.29905125406,85771.19885840434,14723.986326766637,18713.20454207142,165809.73137105544
P051,municipal,Municipal Engineering,27,27,100.0,True,0.7936091243836733,1.1263610506912094,0.9732429312013376,0.0,25203.530687150513,0.0,8552.995392981216,34544.8548623827
P052,municipal,Municipal Engineering,26,1,1.4846407620226092,False,0.9971999999999999,1.004,1.003,505728.1862532731,339017.1753467693,201043.45250339888,87806.68889923317,1159587.3487152064
P052,municipal,Municipal Engineering,26,2,2.1452052894679117,False,0.9974488563314801,1.0081508437779918,1.0002384843408731,225070.92409832965,151463.2858240368,89450.71198096164,39068.02604573467,516738.8184495694
P052,municipal,Municipal Engineering,26,3,3.0905091784613576,False,1.0160658957193287,1.013055513275427,1.0062024569120112,328100.451670843,217806.73105525738,128008.85060519297,55908.477403652665,726743.2494272764
P052,municipal,Municipal Engineering,26,4,4.433605552865413,False,1.0038092240013379,1.0174681607196427,1.0002053900132488,460544.7840364492,310809.73467409867,181876.14072182993,79435.2738559585,1015124.6676602763
P052,municipal,Municipal Engineering,26,5,6.322536135748782,False,0.9930487975512587,1.0218801512893274,0.9992717681445136,640766.9410109567,439018.24542719533,255790.58290489472,111717.7598017219,1466204.762098065
P052,municipal,Municipal Engineering,26,6,8.941392199611084,False,1.0021016656840036,1.026048264198284,0.9993532319694122,896472.3988807445,611147.4831691884,354633.8468917242,154888.02783385085,2037807.361835339
P052,municipal,Municipal Engineering,26,7,12.501119795136281,False,1.0036290983256215,1.0305067604981206,1.0017159257330408,1220403.7089177892,834323.00474105,482042.48736982315,210534.36059539922,2655675.9877110375
P052,municipal,Municipal Engineering,26,8,17.21182730114217,False,0.9905226453073417,1.0349995894074462,1.0014693857857346,1593910.9607833428,1108901.381757593,637903.070538674,278607.2153317601,3672265.084743135
P052,municipal,Municipal Engineering,26,9,23.2294263270671,False,0.9600570714173002,1.039645737079138,0.9907886778360075,1973484.890825663,1422902.789860262,814876.5108030991,355901.2113272909,4543611.113222055
P052,municipal,Municipal Engineering,26,10,30.579109964752703,False,0.9325083470057133,1.044153939304648,0.9921142871778115,2341180.416349679,1745419.3439964196,995261.4875769872,434685.21220099466,5583698.792698468
P052,municipal,Municipal Engineering,26,11,39.07919596221458,False,0.9360984048977286,1.0486020141939585,0.9878097234787001,2718055.5852038767,2027218.7535028453,1151043.86139676,502723.90863029315,6224727.766268796
P052,municipal,Municipal Engineering,26,12,48.311143687113415,False,0.9253677769709143,1.0534902202348115,0.9870560997360899,2918241.426621169,2212027.149150456,1250149.3232719786,546008.6928435218,6432354.211811139
P052,municipal,Municipal Engineering,26,13,57.67829845384366,False,0.9299516468636906,1.0579682544501412,0.9924459237160194,2975648.1176056024,2253963.81785451,1268458.4598576713,554005.2957677894,6847547.999820736
P052,municipal,Municipal Engineering,26,14,66.54879926350118,False,0.8994013689379539,1.0625096259724907,0.9873540472177842,2725305.503745224,2143619.115340348,1201203.7887052067,524631.4966543621,6811082.996262627
P052,municipal,Municipal Engineering,26,15,74.4165941331109,False,0.9023065946258773,1.0672692365871652,0.98602056370477,2425049.841751931,1909825.2358880395,1065421.8075084614,465328.0673080988,6100261.041728368
P052,municipal,Municipal Engineering,26,16,80.99991308105672,False,0.9044527577620389,1.0718230115861374,0.9871374022568488,2033968.8277369295,1604850.4972805027,891483.7879184639,389359.8058018981,5007665.481278898
P052,municipal,Municipal Engineering,26,17,86.24504992883493,False,0.8910993455102914,1.0766357267380666,0.9831172731246213,1596601.2223990778,1284376.1096578913,710273.1163689193,310215.1787879794,3965652.8084072326
P052,municipal,Municipal Engineering,26,18,90.26324243983107,False,0.8706433913670264,1.0812705815837602,0.9843945689356107,1195045.8192753845,988170.1595033403,544125.768265592,237649.53029418027,3005377.355386611
P052,municipal,Municipal Engineering,26,19,93.24995005135182,False,0.8533768574707241,1.086010689431966,0.9850922552291326,870656.9658899783,737723.1579653895,404446.6683107051,176644.01570147648,2185147.338630414
P052,municipal,Municipal Engineering,26,20,95.42050624505339,False,0.8428214452316453,1.0906950258275612,0.980607812394701,624913.8074160402,538444.536095992,293927.0712464473,128374.05338312728,1651351.779231907
P052,municipal,Municipal Engineering,26,21,96.97224067206393,False,0.8554240786330662,1.0957319262535576,0.9838399741229066,453432.2183400787,386712.5970876773,210128.97837290706,91774.83575294059,1140306.9165690804
P052,municipal,Municipal Engineering,26,22,98.0686007088571,False,0.8515338675794444,1.1005081608784149,0.9869415775794879,318910.3627331931,274418.3016341805,148464.2026690458,64842.45019724388,754983.1708443116
P052,municipal,Municipal Engineering,26,23,98.83679657530749,False,0.8530500209643807,1.1054477872861717,0.9851636405033118,223851.48155464997,193142.03753568395,104025.66946876874,45433.70839905474,612236.2962876029
P052,municipal,Municipal Engineering,26,24,99.37191906465071,False,0.8541062674711868,1.110605454177207,0.9829828124186777,156127.21799377046,135169.7819387339,72463.90879313333,31648.958553939945,384111.0838905605
P052,municipal,Municipal Engineering,26,25,99.74316801918218,True,0.8396883111461717,1.1148892940870778,0.9834299368046396,37270.4726602553,70603.27647695117,15081.864946696589,17565.53762422676,148442.36531147643
P052,municipal,Municipal Engineering,26,26,100.0,True,0.828036138368168,1.1201061692531797,0.9845691980422416,0.0,19628.908618523117,0.0,7594.957115524929,26960.007997167606
P053,commercial,Commercial Building,28,1,1.7662394059070896,False,0.9971999999999999,1.004,1.003,167770.6893343862,151860.1152540718,68624.67919703727,38235.39366576894,412014.9423247524
P053,commercial,Commercial Building,28,2,2.5772492655505905,False,0.9951930990882992,1.0086743962764142,1.0025949385054527,76880.77261370979,70054.74773433832,31510.615864153777,17556.669354437712,188901.999121524
P053,commercial,Commercial Building,28,3,3.7464744922578554,False,0.9724625828592964,1.0131890801324714,0.9994683968740906,108306.7006852546,101449.3151958175,45428.55618752402,25311.283780434413,285935.2397914335
P053,commercial,Commercial Building,28,4,5.4167014253579024,False,0.966879049486878,1.0176088756739317,1.0054552546878723,153826.75610655558,145551.5421621822,64894.25334238722,36156.92418857151,380178.16786302783
P053,commercial,Commercial Building,28,5,7.7715203999273506,False,0.9539611050488697,1.022109818613783,1.0110524955159768,213979.6356964462,206117.81465808136,91493.08760548927,50976.911851904115,575963.6525199654
P053,commercial,Commercial Building,28,6,11.03087301036611,False,0.9398562413336526,1.0265814178191117,1.0163480825750157,291794.4490345919,286539.954799133,126637.4346157872,70558.17560115812,795487.150482902
P053,commercial,Commercial Building,28,7,15.428917878771447,False,0.9276773436223966,1.031315548559256,1.0203334547211336,388634.0558345864,388429.0149865556,170879.67643519377,95208.4843882364,1062132.6195373787
P053,commercial,Commercial Building,28,8,21.16412164426516,False,0.919688935428536,1.035555479015345,1.022375465819262,502428.26489903004,508607.389560504,222833.05265432945,124155.1813381904,1332324.156874616
P053,commercial,Commercial Building,28,9,28.318732758767823,False,0.9110915263845065,1.0399905944880055,1.027483863040636,620915.1972380474,637200.1757470983,277982.0735910646,154882.38546461548,1690778.018162237
P053,commercial,Commercial Building,28,10,36.76637287578542,False,0.9112477107869047,1.0444391928801229,1.026722339629952,733256.807208336,755577.4827113023,328220.846541825,182873.76237935724,2006838.6639909637
P053,commercial,Commercial Building,28,11,46.11647961659734,False,0.9287886693005349,1.0490136427290937,1.0270112786387926,827213.7156143195,839959.1155539682,363284.8827856051,202410.2796349396,2271935.5070813037
P053,commercial,Commercial Building,28,12,55.75333830257229,False,0.9257313333117714,1.0531060157139889,1.0309138932551085,849776.4737190529,869096.5513616713,374426.2151441327,208617.86025570062,2400557.708742007
P053,commercial,Commercial Building,28,13,64.98280556522217,False,0.9286991417006547,1.057338942549345,1.033656491621708,816461.9070858019,835701.7353376282,358597.61023371905,199798.6869348042,2136513.816372965
P053,commercial,Commercial Building,28,14,73.22117544050465,False,0.9082986290297241,1.0619818369663534,1.0254230310685988,712777.8484116613,749236.3128457799,320089.9537780644,178343.4987873934,1968025.449767852
P053,commercial,Commercial Building,28,15,80.12534718063745,False,0.89491944890588,1.0667506332674317,1.0230597314234158,588545.1451133987,630717.5819666609,268251.61368457595,149460.8961487188,1604114.7649173352
P053,commercial,Commercial Building,28,16,85.61201194427184,False,0.8999976463019757,1.0712773277428267,1.0242958896258776,470363.9712110126,503350.8213899743,213176.42897494382,118774.83111748676,1344980.8901982459
P053,commercial,Commercial Building,28,17,89.79099003289384,False,0.8996493826503562,1.0760463199748793,1.027419454680725,358119.2196808355,385089.34561431786,162368.15334546915,90466.14621137606,1022810.849745059
P053,commercial,Commercial Building,28,18,92.87219018703163,False,0.890206047686081,1.0813501823735852,1.0297975695850456,261273.1013813444,285329.52352407394,119715.57842747522,66701.54706234852,703051.1179671978
P053,commercial,Commercial Building,28,19,95.08998185774968,False,0.8708318935695751,1.085951275997533,1.0268678205134956,183966.74474051627,206248.84750770568,86169.08977337896,48010.5569578877,543749.1606236406
P053,commercial,Commercial Building,28,20,96.65880987539481,False,0.854983868527956,1.0910237557175053,1.0189973958965355,127766.64965444063,146578.4031570839,60954.54504420876,33961.849479710014,352591.0117853792
P053,commercial,Commercial Building,28,21,97.75498085431572,False,0.8529181814279242,1.0960912388733233,1.018971290431443,89057.38144444594,102892.9097066893,42590.138982273056,23729.811917828636,270874.41120980197
P053,commercial,Commercial Building,28,22,98.51431870275252,False,0.864432225554743,1.1010564958521907,1.0162823759241129,62524.50258395685,71598.69278872272,29502.974555355657,16438.078248734306,182334.86859593296
P053,commercial,Commercial Building,28,23,99.03718817546984,False,0.8562539419110473,1.1058229213325181,1.0121002956767093,42646.17843704259,49515.288838223256,20315.337607770445,11319.031869800549,126536.35381736033
P053,commercial,Commercial Building,28,24,99.39574712237159,False,0.8573003923955964,1.1109251586881226,1.0147417425506196,29280.45596197288,34111.892018986946,13931.289621365635,7762.052211790201,85348.61506853026
P053,commercial,Commercial Building,28,25,99.64093494038386,False,0.8494916332066881,1.115942083981039,1.0112922538025098,19840.02631050042,23431.548318653506,9526.418274804371,5307.804090654986,57961.214564131784
P053,commercial,Commercial Building,28,26,99.80827366816781,False,0.8541154719774569,1.1205446127401126,1.0110243846120524,13614.362218741833,16057.800473277317,6501.704396928598,3622.533905058435,40665.971485741036
P053,commercial,Commercial Building,28,27,99.92233017194906,True,0.8594474603287503,1.125449833598665,1.0079611983955021,3268.072488652081,8244.567954539103,1329.450179202161,1975.268044697492,14443.561480999613
P053,commercial,Commercial Building,28,28,100.0,True,0.8378897785084084,1.1298478735630344,1.007813776399403,0.0,2254.519590413705,0.0,840.6947669574713,3049.3522939575005
P054,industrial,Industrial Building,31,1,6.572277742622834,False,0.9971999999999999,1.004,1.003,860700.3912466421,570876.9754899692,394138.1490708567,124415.85884557149,2001306.5915737126
P054,industrial,Industrial Building,31,2,7.851941499862638,False,1.0023075931104992,1.0086670481934572,1.0103370201172346,168442.12538023308,111670.0240264309,76741.17322227998,24224.549178441146,397649.065953924
P054,industrial,Industrial Building,31,3,9.35704255222695,False,1.0055440632499857,1.0132542323107476,1.0060227078418345,198756.15560258643,131940.15568456877,90260.60160183224,28492.16777082663,458959.97845972993
P054,industrial,Industrial Building,31,4,11.117583339677866,False,1.0021245245084276,1.0179491498365014,1.010239181698242,231697.63659725484,155047.61188261345,105579.27015615377,33327.74460866764,509457.8446504705
P054,industrial,Industrial Building,31,5,13.163712074178404,False,0.9785440118462272,1.0222784834228105,1.0141175857111506,262946.34609979443,180965.20566184947,122705.92080226041,38734.03921452258,594195.6716577078
P054,industrial,Industrial Building,31,6,15.524053218100148,False,0.9481663139914452,1.0266991770809546,1.0089151147694229,293909.15954440535,209657.7385733342,141549.17458948476,44682.20639628178,713245.6727032718
P054,industrial,Industrial Building,31,7,18.22350376937153,False,0.9341603647699303,1.031382409565332,1.0096785021549535,331169.7311249886,240872.93414855376,161885.49623920905,51101.683754093625,786288.3945203116
P054,industrial,Industrial Building,31,8,21.280535109976757,False,0.9284167266353773,1.0356908473575435,1.0070064501787779,372731.9913688027,273919.49086533947,183329.5428803501,57870.83179589462,925609.4313780079
P054,industrial,Industrial Building,31,9,24.7041510296137,False,0.9427553938221019,1.0404691704711782,1.0098023861880496,423875.0804583916,308181.9224054371,205313.5449441188,64810.42519499713,1021028.1432784415
P054,industrial,Industrial Building,31,10,28.490791785573,False,0.9313049800971192,1.0445025607776353,1.0146060191039608,463126.73519428034,342181.49573316134,227084.06996726574,71682.63123407021,1128068.3348530459
P054,industrial,Industrial Building,31,11,32.621616234009096,False,0.9277068387637522,1.0491803348435444,1.0164340084325962,503270.3201390567,374955.5505596383,247724.69545596282,78198.16684852395,1216683.0615125166
P054,industrial,Industrial Building,31,12,37.06069524861716,False,0.9171251745310613,1.0538977214259366,1.016600956576373,534657.067961612,404747.5674774284,266210.65860474104,84033.54966331804,1203699.464201772
P054,industrial,Industrial Building,31,13,41.75465539738892,False,0.9011870984138513,1.0585987484611052,1.0114189869362593,555530.8559506943,429896.27370778495,281495.82797621534,88858.55196120552,1374729.2142156607
P054,industrial,Industrial Building,31,14,46.634177009873014,False,0.887092032648926,1.0629580894969393,1.0132391086800647,568459.7854861624,448731.22778278554,292623.9109195371,92371.30504020075,1331133.0759713103
P054,industrial,Industrial Building,31,15,51.61746653758878,False,0.8883559314706359,1.0676808393549864,1.0157164522229005,581375.7984364289,460310.06968066987,298846.8515261275,94335.67337637703,1430576.886608207
P054,industrial,Industrial Building,31,16,56.61543795200627,False,0.8938103595190048,1.0724823283159546,1.0116042144684423,586668.7753071338,463742.41476328654,299727.3212622055,94613.60739179757,1502374.0083989692
P054,industrial,Industrial Building,31,17,61.53795508875526,False,0.8977370585249667,1.0773243764797942,1.014417481898912,580350.29850457,458803.40225577075,295202.3436966854,93185.22759299277,1396472.2982158626
P054,industrial,Industrial Building,31,18,66.30023037260139,False,0.8912643982971785,1.0821990430962345,1.0211761477798131,557410.1561171128,445876.46384219127,285592.6726237135,90151.78492172193,1391707.261149167
P054,industrial,Industrial Building,31,19,70.82843645549922,False,0.8753781941943755,1.086889426860872,1.0235177988607793,520565.9169184919,425798.820561049,271555.5906212359,85720.76088321913,1347376.5315621262
P054,industrial,Industrial Building,31,20,75.06378027602896,False,0.8737036620303841,1.0916898988513286,1.0246937169534145,485966.8553851895,400019.2303300815,253992.70077653538,80176.76056508259,1255469.7186050804
P054,industrial,Industrial Building,31,21,78.96464412533936,False,0.8716092235525147,1.0965071789595593,1.0171778498585156,446515.3898865507,370054.06417100976,233934.00546262416,73844.92029363185,1107786.0375223544
P054,industrial,Industrial Building,31,22,82.50679598195376,False,0.8740715441654878,1.1009901561021913,1.0175767973279783,406600.56711681926,337398.78812464693,212422.12078772378,67054.35811759275,1015473.6176866498
P054,industrial,Industrial Building,31,23,85.68199655777747,False,0.8536039974891335,1.1055565672910117,1.015650999759545,355943.79554049514,303700.17330869864,190416.1276946348,60107.82290682793,914218.9258773297
P054,industrial,Industrial Building,31,24,88.49551520288624,False,0.8463962231239943,1.1100820030318772,1.0205583573891766,312735.61074557435,270207.7279548634,168726.13644550185,53261.03861057178,791842.9611495865
P054,industrial,Industrial Building,31,25,90.96310280130086,False,0.8209077154385218,1.1148482343774784,1.0163067724042387,266023.9505588674,238002.34473606304,147980.7224825552,46712.42487858081,712184.8798482082
P054,industrial,Industrial Building,31,26,93.10789346839992,False,0.8302826104674902,1.1197085870285082,1.0176558438486831,233864.7010937644,207769.99357244078,128622.65667694014,40601.74924753017,606589.4808025131
P054,industrial,Industrial Building,31,27,94.95757236493547,False,0.8272660013331348,1.1249983872036198,1.0148883046716075,200953.39144001735,180028.45226617894,110924.86428685328,35015.164835252355,509777.2250599134
P054,industrial,Industrial Building,31,28,96.54200302966547,False,0.8292485673216644,1.129945817026233,1.0122833529496156,172548.73954836908,154890.13709611917,95017.98219479561,29993.90921281626,449868.9400092354
P054,industrial,Industrial Building,31,29,97.89138594256947,True,0.8273363979476882,1.1354331552616288,1.0133358561651327,58645.021676925935,106042.4300703511,29671.47945547915,21286.96734412662,212696.10818849006
P054,industrial,Industrial Building,31,30,99.0349339745956,True,0.8297862399476946,1.1406585070909283,1.0127109609961513,37384.85638170102,78995.25421168351,16001.612919033021,16596.66491318558,139981.04199336018
P054,industrial,Industrial Building,31,31,100.0,True,0.8088949878829275,1.1457295672955716,1.0123187381269854,0.0,28698.11084754684,0.0,9134.543844266454,37678.33737310137
P055,commercial,Commercial Building,26,1,0.34670951885312484,False,0.9971999999999999,1.004,1.003,52122.006037304716,42232.351606591794,17764.725758781908,9086.057723980157,117625.66629418016
P055,commercial,Commercial Building,26,2,0.513814133220631,False,0.9760149630604488,1.0086950801460828,1.0025489028811951,24587.705650587308,20450.038582940637,8562.11752444938,4379.234170175192,58741.18856413189
P055,commercial,Commercial Building,26,3,0.7608528495976026,False,0.9657131661647178,1.0133180215892408,1.004037145295137,35965.51318670774,30370.824010740518,12657.78644542355,6474.030607766497,85052.48374660949
P055,commercial,Commercial Building,26,4,1.12534270991386,False,0.9668104653808763,1.017896726579095,0.9998047570733877,53125.11475389355,45012.68876245988,18675.75609632466,9552.0189973265,124076.71907980807
P055,commercial,Commercial Building,26,5,1.6615630410271895,False,0.9724460135131527,1.0225953387615734,1.0009830388145193,78610.73626061047,66526.2237115429,27474.89356514295,14052.480870395211,183220.75932491515
P055,commercial,Commercial Building,26,6,2.4470606871710143,False,0.9658508019071432,1.0268300395018317,1.0017363633600984,114374.18692887861,97856.40118128614,40247.38147966771,20585.177408805965,266057.9462569247
P055,commercial,Commercial Building,26,7,3.590544617331032,False,1.015099365572621,1.0310349715741,1.0062399260422288,174989.38671501048,143037.28185890528,58589.906893996274,29966.760157741683,381539.63068111386
P055,commercial,Commercial Building,26,8,5.240098185785887,False,1.0030445120849982,1.035816784049252,1.007941839606336,249436.33503267242,207298.02008809004,84519.93722282095,43229.09561686289,610248.0032952031
P055,commercial,Commercial Building,26,9,7.588745123179237,False,0.9769698358907968,1.040222801411445,1.0026724028561966,345917.05750554346,296407.9800309505,120340.1305075528,61549.91566714193,818054.2723064361
P055,commercial,Commercial Building,26,10,10.871185985764853,False,0.9621004440490382,1.0448045851400969,1.0083857014219475,476091.4833791005,416080.8873146577,168185.92675546158,86021.4258081519,1121197.8515318695
P055,commercial,Commercial Building,26,11,15.341476910751759,False,0.939103694903274,1.049259424051886,1.0038636216570982,632881.5339553773,569068.3774564307,229049.06853164735,117150.86889385988,1566796.7550416884
P055,commercial,Commercial Building,26,12,21.21958225765344,False,0.9176907271561431,1.0541452866646897,1.006652646206561,813217.6494101678,751767.6323900911,301182.75902650994,154044.81730485865,2022386.9179481622
P055,commercial,Commercial Building,26,13,28.602221189978945,False,0.9219053335588202,1.0584959445975486,1.0056193370485,1026055.9501491176,948083.5552364353,378272.15255785297,193473.44058017977,2520354.5237502316
P055,commercial,Commercial Building,26,14,37.35813977635678,False,0.9365884581020594,1.063087973414378,1.0107195398605893,1236299.2431575574,1129319.1861099952,448636.348283005,229462.35213115698,3030565.825831672
P055,commercial,Commercial Building,26,15,47.063955796959135,False,0.9441146041100709,1.06776190079007,1.0097880251412061,1381433.0989138545,1257338.6389573438,497307.2572150371,254355.87956523025,3590271.956991461
P055,commercial,Commercial Building,26,16,57.04862460280252,False,0.9311917766170364,1.072325645628127,1.0095410188566514,1401670.3378600928,1298991.0028903794,511595.1350710184,261663.64691922095,3426457.8910427704
P055,commercial,Commercial Building,26,17,66.56145404501092,False,0.9175667838331757,1.077050154919896,1.0070757573541114,1315892.7098727825,1243058.0901234846,487418.99786861136,249298.36860608155,3371829.2884537177
P055,commercial,Commercial Building,26,18,74.98468648377622,False,0.9094438963257596,1.0817469738135848,1.00219809007083,1154855.8664442995,1105478.3986258262,431590.15296759363,220743.79848089858,2868176.0177003304
P055,commercial,Commercial Building,26,19,81.97293151715307,False,0.9048075322782373,1.0864054553109688,0.9959449292288904,953229.3786893723,921098.0202823124,358064.1713090674,183137.74012497813,2276193.98942047
P055,commercial,Commercial Building,26,20,87.46413076392172,False,0.9060633000956604,1.0912721812583088,0.996001966881497,750064.8764502562,727019.5227507845,281358.4381194894,143905.3461671828,1847123.020535218
P055,commercial,Commercial Building,26,21,91.59767768647393,False,0.9066996666666027,1.096027847439691,0.9983483772744917,565014.2681563607,549655.081392819,211794.95657661583,108325.97289894517,1442023.1100127622
P055,commercial,Commercial Building,26,22,94.60978625982206,False,0.8928447609417924,1.1008328219591215,0.9976342115231789,405433.5311274148,402288.64900995116,154334.62264955352,78936.95119438146,1007603.3602722186
P055,commercial,Commercial Building,26,23,96.753135194505,False,0.8880946092900065,1.105510606584987,0.9921681626623419,286962.5351357649,287475.9909772984,109821.05756995328,56169.76484401206,763712.7900116683
P055,commercial,Commercial Building,26,24,98.25262197104993,False,0.8940874970830717,1.110652704657749,0.9946045615643457,202113.69835532494,202053.65242618878,76830.80479692618,39296.363864194514,510885.84619732416
P055,commercial,Commercial Building,26,25,99.28924650135698,True,0.8620008512029168,1.1152992643333084,0.9945595469962896,47148.76350816521,105201.01920692745,15934.391322724616,21733.075807367703,188451.3387620689
P055,commercial,Commercial Building,26,26,100.0,True,0.8655432652891434,1.120200253553253,0.9863221392141306,0.0,28978.887850556344,0.0,9313.19586718215,39218.2987036756
P056,commercial,Commercial Building,25,1,9.95407845864098,False,0.9971999999999999,1.004,1.003,1559742.8771472338,1171705.2533405018,526907.5425043931,246147.64145067026,3474351.691847038
P056,commercial,Commercial Building,25,2,11.651676848777011,False,0.9922684314921784,1.008385470524665,1.0023355431182928,264687.7310184368,200698.96778812818,89860.39236304272,41978.75690840081,584442.3984237408
P056,commercial,Commercial Building,25,3,13.601885272837563,False,1.001559553183116,1.0127783138395565,1.007799829588608,306921.6239652857,231568.25671239154,103232.01011150211,48225.3787645223,694056.0664763387
P056,commercial,Commercial Building,25,4,15.829307434259771,False,1.0060204769740246,1.0175672710612074,1.0134459723777143,352110.5507157083,265735.3131380937,117905.99622770459,55080.40888235934,792752.6474068644
P056,commercial,Commercial Building,25,5,18.356520228965145,False,1.0027706643411165,1.0219962065725658,1.0186032984130675,398210.87256554706,302813.1285183673,133775.06401789718,62493.72771626869,870203.496697646
P056,commercial,Commercial Building,25,6,21.202372738111148,False,1.0126528115888926,1.0265742478109752,1.0216500933101251,452837.7697513865,342520.3338001569,150641.88595202274,70373.1526683585,1001537.1288632415
P056,commercial,Commercial Building,25,7,24.38000677371739,False,0.9910690397724191,1.0310505405786317,1.026097626484408,494854.43802813673,384120.4576012274,168204.35438964734,78577.5525587569,1186645.6886679702
P056,commercial,Commercial Building,25,8,27.89471583014907,False,0.9719834370341506,1.0355632772073073,1.0185792769046755,536806.698527666,426726.51250442455,186047.02778233806,86912.85167387412,1265304.501501323
P056,commercial,Commercial Building,25,9,31.741834741938163,False,0.9782568286827648,1.0398988120519483,1.0174137024554677,591368.4897787882,469040.4491551092,203642.7560778661,95132.78908256083,1364697.3975051555
P056,commercial,Commercial Building,25,10,35.904923822664315,False,0.9726738269667998,1.044648577779415,1.0132249451964683,636286.3629601189,509881.81839538313,220368.26873190774,102946.20065810562,1378956.0062861918
P056,commercial,Commercial Building,25,11,40.35455789346921,False,0.9795769445098136,1.0494814236842824,1.0171519659355033,684908.4644837463,547498.1517405648,235536.1938358406,110031.97698290052,1486395.11669819
P056,commercial,Commercial Building,25,12,45.04802849395739,False,0.9777968435009569,1.0538730720293037,1.0141479647221123,721128.0925050424,579917.2327094942,248443.39636212616,116061.6448150797,1690438.6862038905
P056,commercial,Commercial Building,25,13,49.930197602355875,False,0.9710168862763211,1.0586288568641868,1.016781522934941,744919.3961355113,605954.6900940798,258431.93196493303,120727.84197842066,1744017.8089098774
P056,commercial,Commercial Building,25,14,54.93559910955966,False,0.9836941517865192,1.0629715371700574,1.01982722735926,773693.041943469,623798.2621198738,264955.09537792136,123775.17222021731,1795287.7324314155
P056,commercial,Commercial Building,25,15,59.99168853518011,False,0.963697467276408,1.0676609041559901,1.0174766415632888,765640.9365388335,632895.0387000537,267638.20126648305,125028.59930743036,1787748.3097779907
P056,commercial,Commercial Building,25,16,65.02293353274172,False,0.9344346918080605,1.072351420005823,1.014049409020188,738744.2289659857,632551.954288681,266323.0904214355,124414.23833013998,1837161.367006792
P056,commercial,Commercial Building,25,17,69.95527180468846,False,0.909918057877922,1.0771140800558128,1.0156114533034386,705220.3233886161,622871.0724055823,261087.57816910496,121968.4411290371,1673532.3580298037
P056,commercial,Commercial Building,25,18,74.72038734015484,False,0.909663378006293,1.081776018933759,1.0136921819678189,681120.3053854728,604358.1588082149,252235.8374986009,117833.30372253587,1648551.0555729226
P056,commercial,Commercial Building,25,19,79.25929355623265,False,0.9170378043660832,1.086810815932803,1.0110999809512693,654045.7539256364,578347.3712410288,240261.71080612447,112239.52719435113,1510601.8120429707
P056,commercial,Commercial Building,25,20,83.52485136182617,False,0.8843374727001307,1.0917948917336502,1.002772049791873,592739.052362448,546009.8714454541,225792.33126343784,105480.08011800339,1401072.9671094904
P056,commercial,Commercial Building,25,21,87.48304991357631,False,0.8781609135477693,1.09678304447849,1.0081017355904873,546187.0013408199,508981.39562131016,209522.62736452886,97879.6020098658,1299363.6100223751
P056,commercial,Commercial Building,25,22,91.11308342025266,False,0.86747676743081,1.1020077285602405,1.005094617101672,494809.65797116084,469006.51848090626,192151.5931543677,89764.63162992589,1263993.4978115049
P056,commercial,Commercial Building,25,23,94.40642121717923,False,0.866389812320544,1.1070895987810268,0.99658297888295,448352.191612084,427467.05951689195,174328.9981514095,81438.71224062034,1116724.4836141488
P056,commercial,Commercial Building,25,24,97.36516363454415,True,0.8502061993649809,1.112176497933694,0.9986768016727269,138346.8105188624,289351.5009700468,46985.27450375671,58531.7843913288,521760.56576631794
P056,commercial,Commercial Building,25,25,100.0,True,0.8576254548078696,1.1170468663788917,1.0066248469346535,0.0,103521.34427302226,0.0,32577.538928398244,129277.17822275116
P057,residential,Residential Building,26,1,2.0462036681714433,False,0.9971999999999999,1.004,1.003,216592.02456891688,147832.35250427117,61771.37546824598,46044.19176271748,468729.05550422106
P057,residential,Residential Building,26,2,2.9922172572232455,False,0.9907975370061342,1.0083512736149214,1.0050827312073352,99493.25177971322,68642.98207228523,28558.525974886317,21287.436720980502,207103.989549175
P057,residential,Residential Building,26,3,4.356202960097414,False,0.9817745505859117,1.01275465668371,1.005466478037737,142145.4361635785,99403.34139189286,41176.38644488061,30692.750795851418,306560.20123686997
P057,residential,Residential Building,26,4,6.301680824640167,False,0.9627201683966543,1.017081804302405,1.0073288104568137,198809.7577140305,142386.59186181484,58730.636400053045,43777.634288564506,450503.53504610644
P057,residential,Residential Building,26,5,9.034180758742206,False,0.9666918125027223,1.021663908262807,1.0048221360874305,280388.070856104,200888.52409626538,82489.48138540436,61487.403680514515,605400.5466717241
P057,residential,Residential Building,26,6,12.79027935541119,False,0.974043432796382,1.0260415946153276,1.0059124734528209,388352.9769137738,277324.90134656924,113390.1675183351,84520.67932184465,864413.7507787195
P057,residential,Residential Building,26,7,17.803338904340944,False,0.9843549292386948,1.0306568074977824,1.0095697000734325,523800.5089198283,371795.26626416476,151335.66050066822,112805.13214753155,1198012.718828284
P057,residential,Residential Building,26,8,24.2369337027251,False,0.964916274018659,1.0351988885945114,1.0138587207827507,658953.3465222145,479252.5342019561,194219.18066283345,144770.3751235783,1454295.358216162
P057,residential,Residential Building,26,9,32.09085943053782,False,0.9515511881663336,1.0395443046559334,1.0191530794748827,793286.8915517691,587511.9569067926,237096.53275423025,176731.0204387973,1761495.040778313
P057,residential,Residential Building,26,10,41.1138488022464,False,0.9647901513547114,1.044205152993364,1.019855284742618,924048.2299063726,677989.8531099191,272388.5569142203,203037.58583092425,2074919.0038517625
P057,residential,Residential Building,26,11,50.78443826576793,False,0.9749829912039178,1.0487329721644256,1.0154287582751276,1000832.3127891294,729801.5573082395,291938.4917750039,217610.046665009,2324523.2670057933
P057,residential,Residential Building,26,12,60.40738402004606,False,0.9831263442596776,1.05330906933185,1.0108467116111732,1004219.6231679204,729374.8391050393,290500.20999584766,216537.95588596628,2333622.708023926
P057,residential,Residential Building,26,13,69.30080522872075,False,0.9800864401375536,1.0579339068516485,1.0109853062558918,925219.0677335197,677039.979386431,268477.11653710005,200122.01030055355,2041628.595222297
P057,residential,Residential Building,26,14,76.97596002665546,False,0.9514299384065059,1.062683394413997,1.0148539038767452,775131.3258562908,586918.7096170696,231699.7453258454,172708.2718214719,1897845.6686096757
P057,residential,Residential Building,26,15,83.217887929642,False,0.9407826696281008,1.067357778341326,1.0050716876827472,623331.9510764307,479419.48798640916,188433.08617742028,140457.43823292223,1423425.1966374286
P057,residential,Residential Building,26,16,88.05364138625956,False,0.949038252061178,1.0719825517705501,1.0033273164853684,487146.0669517803,373025.7256163742,145983.0940033108,108815.34567509477,1146336.7142530615
P057,residential,Residential Building,26,17,91.6609648139608,False,0.9302331069820402,1.0764904400461184,1.006757304045204,356195.3178609902,279435.88422347256,108898.90060995817,81172.90289272564,789045.0327914592
P057,residential,Residential Building,26,18,94.27670963925311,False,0.9109745825832252,1.0811801263131489,1.0018942159614779,252937.35146204347,203507.4653671423,78964.8451156597,58860.15073256328,570716.1523696723
P057,residential,Residential Building,26,19,96.13470377665355,False,0.8846819273070493,1.0858180956308454,1.0074764462759729,174478.8647480475,145173.82870706762,56089.652884712916,41809.05336413606,420344.7847562903
P057,residential,Residential Building,26,20,97.4351997100929,False,0.8713499057346183,1.0903714316778657,1.0130248595131661,120285.40067833237,102039.983354007,39259.73931578265,29264.087968049982,285284.94128442055
P057,residential,Residential Building,26,21,98.33613822112216,False,0.8558375463657402,1.0951871541108378,1.0182828978388274,81846.06778878697,71001.97167072182,27197.786762020045,20273.1459304432,198443.11616844084
P057,residential,Residential Building,26,22,98.95582729953404,False,0.8368536017765122,1.1000654112970105,1.0213189710639803,55047.12782362,49054.54683365703,18707.34928862657,13944.40016088761,138399.7140754749
P057,residential,Residential Building,26,23,99.37997073907427,False,0.8376284635445219,1.1051609059784802,1.0235376107621388,37711.648110325375,33730.68679585827,12804.162197424703,9544.182804901717,95361.42132102972
P057,residential,Residential Building,26,24,99.669295741761,False,0.8301354695014206,1.1097874322862253,1.0297325909725714,25494.486468623327,23105.35707240861,8734.225068262458,6510.4642869502595,65558.1324199601
P057,residential,Residential Building,26,25,99.86620168732699,True,0.8173052613048839,1.114511348675496,1.0350218256760135,5978.916675388008,11843.811988455032,1783.2757244086777,3544.661856641826,24639.662127873977
P057,residential,Residential Building,26,26,100.0,True,0.8081006748704529,1.1194919017889886,1.0389202981940937,0.0,3233.551363915463,0.0,1505.3817129917625,4679.706368936296
P058,residential,Residential Building,23,1,3.7756127844192044,False,0.9971999999999999,1.004,1.003,470538.08150111005,427041.79523131053,125123.11800732731,90828.73945241462,1111283.3119894662
P058,residential,Residential Building,23,2,5.159139078780263,False,0.9795394435068111,1.0085828309063651,1.002143800246659,169369.18810643235,157198.43198738177,45849.808674754866,33283.060655653535,398102.6392724593
P058,residential,Residential Building,23,3,7.0134346945781925,False,0.9661708558913519,1.0132729524051385,1.0024742458716829,223901.99548777306,211667.72543862058,61451.017994591435,44608.21142732017,535174.5147360853
P058,residential,Residential Building,23,4,9.46901991173964,False,0.9534124505186521,1.0177137425878793,0.9969492916151008,292590.94990872836,281533.3646161828,81377.64554984789,59073.24787466721,690911.6161721152
P058,residential,Residential Building,23,5,12.66966608688564,False,0.9698593957713252,1.0219280530750323,0.9995412934773016,387946.20118586527,368474.3055417174,106068.82960168226,76996.94701781313,931509.2100664608
P058,residential,Residential Building,23,6,16.756216293029745,False,0.9531073081749203,1.0265512967098251,0.9975232752517728,486769.8808092603,472592.38147321553,135427.52736623448,98308.86405110304,1185562.5193213513
P058,residential,Residential Building,23,7,21.838558179975337,False,0.9374362329931739,1.0310171028211899,0.9920326092936199,595429.9442994049,590308.4057559727,168427.88177275922,122264.31401081433,1439468.6818117322
P058,residential,Residential Building,23,8,27.956745620811773,False,0.9257297420823487,1.0354096631098224,0.9928101128507051,707835.0353632969,713648.26348026,202755.61421706673,147183.32750593533,1675363.6464083404
P058,residential,Residential Building,23,9,35.03955681847702,False,0.9252096738035227,1.0401545684152862,0.9859453845605373,818975.4623167843,829951.601834468,234723.06931639282,170388.9804373418,2153674.0582634415
P058,residential,Residential Building,23,10,42.87738162113268,False,0.9302954911125703,1.04462993692773,0.9842609455031633,911258.3634028621,922374.3994887734,259744.08227201164,188552.1073060976,2368599.7495236904
P058,residential,Residential Building,23,11,51.12930260238067,False,0.9065978999943213,1.0492580137231409,0.9825933708746347,934963.8706683223,975408.5920439115,273467.15399012004,198513.8899520342,2355313.833956812
P058,residential,Residential Building,23,12,59.37392584482715,False,0.8981237095023533,1.0539469442484144,0.9855064826919765,925405.4127835048,978901.02833274,273225.3082592718,198338.33052524936,2602933.1093515735
P058,residential,Residential Building,23,13,67.19132719375743,False,0.8939480992408626,1.0587671202729434,0.9810313603230119,873373.0253236603,932421.0656882242,259067.25274618145,188060.78664821782,2145396.4944187202
P058,residential,Residential Building,23,14,74.24440400542058,False,0.9066142223902942,1.0634258292256287,0.9807926175569351,799146.1304666223,844957.8391613908,233737.67719568327,169673.66958499275,2044345.653515776
P058,residential,Residential Building,23,15,80.32830657041998,False,0.9112847439950469,1.0684670996904,0.9811619964591348,692885.3987107467,732306.0555428987,201619.41969443834,146358.54693855025,1808018.3486841274
P058,residential,Residential Building,23,16,85.37611862417502,False,0.9146362172371343,1.0733564411068448,0.978734282351705,577001.0856760007,610374.4761308898,167283.56940817987,121433.64058075746,1519619.083552216
P058,residential,Residential Building,23,17,89.43092902379958,False,0.9400217570899373,1.0782252998690927,0.9825833758751165,476358.05891747243,492526.147075552,134375.67597589482,97545.30942269115,1155103.4711520362
P058,residential,Residential Building,23,18,92.60424474548714,False,0.939060394178832,1.0830324680536818,0.9760878354815138,372419.03215904586,387172.03505664633,105163.10336635815,76339.46682107881,913425.6009269324
P058,residential,Residential Building,23,19,95.03739143824028,False,0.9241437913342904,1.0881055314161925,0.9752221948282002,281017.20036912215,298255.5490590997,80634.03694966562,58533.45128970219,723000.7311548366
P058,residential,Residential Building,23,20,96.87389771671614,False,0.921697991052389,1.0928889436288278,0.9727043757025094,211546.6332403866,226108.90728501833,60861.48260520888,44180.25888639108,575078.2307291528
P058,residential,Residential Building,23,21,98.24367754239918,False,0.8913511132681691,1.0977549096818169,0.980163623210319,152589.4952555529,169396.8675211655,45394.253213749435,32952.366145056665,388976.50212149514
P058,residential,Residential Building,23,22,99.25630650948655,True,0.8964302909189047,1.1025069315281728,0.982759472325585,39706.350667256746,94328.33309430677,10067.501699542121,19488.399444583392,155220.48583053504
P058,residential,Residential Building,23,23,100.0,True,0.8779094088880166,1.1071166483677446,0.9785220504225224,0.0,27826.452160552646,0.0,8945.401202297033,36185.30863641002
P059,industrial,Industrial Building,27,1,2.798179023121384,False,0.9971999999999999,1.004,1.003,564840.9607145865,470465.1788547851,231739.50027082296,97050.75933239424,1444377.6788189902
P059,industrial,Industrial Building,27,2,3.8611770884889194,False,0.9706749384714102,1.0084173752158068,1.0022947685393349,208869.34636118682,179511.001460999,88035.3395624888,36868.53791710028,495251.658735776
P059,industrial,Industrial Building,27,3,5.3060898171674635,False,0.9724174923929734,1.0128447683997674,1.0047899933244564,284421.74471399735,245077.12768454492,119664.73585574859,50114.69113611868,691238.8911382218
P059,industrial,Industrial Building,27,4,7.251185402846717,False,0.9365154531784788,1.01743082496179,1.0098457529762739,368743.4484550728,331408.860225355,161088.86360725906,67462.80420388628,910000.8104815555
P059,industrial,Industrial Building,27,5,9.835721615846865,False,0.9203420211548596,1.0221315554517731,1.0140831143971922,481504.43304219196,442392.43655813247,214046.03689880404,89640.86998048154,1254936.290538058
P059,industrial,Industrial Building,27,6,13.211101767865141,False,0.9137350322082146,1.026492012949419,1.0196219844736132,624325.9474102053,580225.1406091199,279542.12478521536,117070.13885889447,1556586.5833992432
P059,industrial,Industrial Building,27,7,17.52124192147927,False,0.9026680333038737,1.0310977959155168,1.0085291176613684,787567.655593195,744234.0340327855,356957.0485099078,149490.92652073238,2005358.7646430854
P059,industrial,Industrial Building,27,8,22.869607863908616,False,0.8877120387537046,1.0357949028960622,1.0134580912158473,961084.6499204304,927711.9690900565,442940.7984702415,185500.27414660086,2502760.3477327274
P059,industrial,Industrial Building,27,9,29.275329506613897,False,0.8819022415701414,1.040255702552009,1.0135174656490076,1143554.654334743,1115902.9958735164,530508.8488221867,222173.11485775182,2825773.3405341622
P059,industrial,Industrial Building,27,10,36.62985348972106,False,0.9011384848405977,1.0447886682764873,1.01105080192378,1341573.659313582,1286771.0982158661,609086.7305101312,255080.94056564305,3683015.6525860415
P059,industrial,Industrial Building,27,11,44.67485139573426,False,0.9127061175193046,1.0496474643223654,1.0113676774906986,1486364.4634945553,1414124.5827227274,666270.3776328183,279029.0217868711,3754971.425114258
P059,industrial,Industrial Building,27,12,53.022427860512465,False,0.9013651802695205,1.0543468272415946,1.012122943565303,1523104.1444633985,1473880.1743020127,691329.3189734091,289523.51790137944,4017000.5847516456
P059,industrial,Industrial Building,27,13,61.222515662735155,False,0.9054375864326993,1.0588838035795423,1.0110002802129314,1502953.1334238884,1454069.2280561095,679114.6076651592,284408.08869700873,3763763.291539555
P059,industrial,Industrial Building,27,14,68.855760928001,False,0.8872432630112563,1.063385410533652,1.0160583331189517,1370945.985078576,1359308.9931793478,632169.8606846416,264747.98182786495,3636372.4949214244
P059,industrial,Industrial Building,27,15,75.61360270484715,False,0.8839189345921454,1.068061032055211,1.017953376644566,1209174.2026712897,1208710.6957582256,559670.722757642,234385.88827654315,2984930.3202721477
P059,industrial,Industrial Building,27,16,81.33575315008827,False,0.8772132742413097,1.072653598800172,1.0193711033559782,1016091.6526106503,1027867.2808144711,473896.87139296357,198464.44460346363,2685036.6402328894
P059,industrial,Industrial Building,27,17,86.00098019122268,False,0.8818579231525957,1.077297454930301,1.0200797553428995,832798.2850352449,841640.631853002,386364.622931248,161806.59745460248,2165606.4856114634
P059,industrial,Industrial Building,27,18,89.6885330533459,False,0.8675631722067316,1.0821338977863018,1.0184525287022523,647601.4008201043,668247.7911347976,305395.63424266595,127897.39412319142,1734763.1424205466
P059,industrial,Industrial Building,27,19,92.53259895992612,False,0.8643035749739763,1.0869921060108616,1.015978742613092,497593.1375710953,517707.339526521,235539.75870813732,98642.27897651911,1255165.3364581072
P059,industrial,Industrial Building,27,20,94.68485175896953,False,0.8492454793805064,1.0915893040228102,1.0140145185599232,369994.2217827128,393433.0398916985,178245.20303580514,74647.75008906702,998315.7021585228
P059,industrial,Industrial Building,27,21,96.29028043005812,False,0.8478611427406417,1.096248774380627,1.0127786266237364,275539.68874888204,294725.97368627,132958.34000767593,55681.952546888424,740662.2904675453
P059,industrial,Industrial Building,27,22,97.47499512536147,False,0.8383356541268818,1.1012472427692288,1.0132470836958967,201048.17219982008,218482.61500118146,98115.66350277461,41090.10174880766,567629.7076844368
P059,industrial,Industrial Building,27,23,98.34232002772893,False,0.8379436724650651,1.1061945258520838,1.0131082750452167,147117.74463784086,160668.8171838278,71830.08584735365,30081.899573658648,381277.1768324848
P059,industrial,Industrial Building,27,24,98.97359413668337,False,0.8267627918116016,1.111228440312791,1.0116150303367613,105649.46869293448,117473.41693357627,52280.8388363317,21894.82199482996,284058.3147014204
P059,industrial,Industrial Building,27,25,99.43111391692044,False,0.8131835031389816,1.1161832574688437,1.0144890162462736,75312.46305816904,85519.20490134797,37890.85843331191,15868.406458163781,205988.56208516523
P059,industrial,Industrial Building,27,26,99.76168461110781,True,0.805179342535721,1.121159571202631,1.007375733472981,18857.90462893442,46549.10311167874,8213.15793330154,9172.290012561714,82531.49802555236
P059,industrial,Industrial Building,27,27,100.0,True,0.7918109359681843,1.1259026339700098,1.009841388107024,0.0,13480.079475302307,0.0,4132.810885484786,17734.06995510066
P060,infrastructure,Infrastructure,31,1,0.2697821235130639,False,0.9971999999999999,1.004,1.003,176629.79088682946,86858.54356206434,45006.98219822989,16186.319296941063,325798.45891569124
P060,infrastructure,Infrastructure,31,2,0.3919336688650197,False,1.0024082562399539,1.0083462650420811,1.0082302490627753,80391.86739242722,39497.92864703826,20378.193912746494,7328.817380243466,150885.09237181506
P060,infrastructure,Infrastructure,31,3,0.5690787480607574,False,0.9646869117167876,1.0127858124568885,1.0049409288809699,112197.71063026617,57532.38301499418,29552.608312390726,10628.30545036197,203954.70442470725
P060,infrastructure,Infrastructure,31,4,0.8256289502912076,False,0.9480344151237661,1.0175105138380578,1.0026290523613965,159685.31549836334,83709.92022752816,42799.538510486294,15392.433845957856,288269.8762656105
P060,infrastructure,Infrastructure,31,5,1.196451358025207,False,0.9231057345888734,1.0216933407129083,1.0026355569914822,224742.87619274878,121493.26220657492,61863.24462962675,22248.508596057243,435071.0484528288
P060,infrastructure,Infrastructure,31,6,1.7309320206135121,False,0.9210517932310534,1.0261921090623927,1.008852088606163,323209.83367779356,175883.9981100586,89165.88450400092,32067.634986481975,580351.9821300516
P060,infrastructure,Infrastructure,31,7,2.4981694250555484,False,0.9151508125479977,1.0304846893564745,1.0100280319689072,460989.4147989961,253534.44597947362,127996.02788309545,46032.514842495635,880985.5792296454
P060,infrastructure,Infrastructure,31,8,3.5931123472853175,False,0.9056855176652372,1.0346518880380429,1.005397054521729,651084.595284922,363288.2876476854,182666.20474016207,65694.10723123218,1338719.1271328905
P060,infrastructure,Infrastructure,31,9,5.1427794836993135,False,0.9042770926053001,1.0393309730574312,1.0035090753789386,920043.7270067941,516485.2868624004,258526.54843673963,92976.53509187615,1746504.741752935
P060,infrastructure,Infrastructure,31,10,7.310374762283443,False,0.8845734408665673,1.0439839680911078,1.0051880479162407,1258869.2003288493,725667.5235454125,361613.7379520589,130050.83075493571,2389599.6291360254
P060,infrastructure,Infrastructure,31,11,10.29294688107452,False,0.8798296112802152,1.0486739665568277,1.0011044528781032,1722891.9597552277,1002991.1517626323,497573.9997423014,178947.60413422514,3418419.3681133944
P060,infrastructure,Infrastructure,31,12,14.30555762922161,False,0.89137929358897,1.0530781560026492,1.0020318317651855,2348324.3947814903,1355043.6884936504,669412.4064211276,240747.6000933073,4737032.552833904
P060,infrastructure,Infrastructure,31,13,19.543497633758324,False,0.8847545981398592,1.0579567140594621,1.0000072058053286,3042649.0645372868,1777027.2191083091,873830.5914037497,314264.5934712818,6172829.436025485
P060,infrastructure,Infrastructure,31,14,26.118074623182437,False,0.858207802919223,1.0624242994495703,0.996760000266005,3704493.102016881,2239914.658477194,1096817.9272618634,394459.79966121423,7648827.512565283
P060,infrastructure,Infrastructure,31,15,33.97601885747766,False,0.849573257770978,1.0672406994501888,0.9982829461256858,4383068.844558235,2689285.947394005,1310918.424328003,471458.9415250877,8785470.626058143
P060,infrastructure,Infrastructure,31,16,42.836381319266806,False,0.8381997647780469,1.0719114408747412,0.9953989800568535,4876043.139419863,3045622.3866894534,1478148.998142562,531601.775631383,9320994.537744137
P060,infrastructure,Infrastructure,31,17,52.1941356095782,False,0.8411452997137728,1.076232652984444,0.9965585285414615,5167865.191992743,3229560.787310621,1561127.4582433908,561444.1641755613,10646119.280319499
P060,infrastructure,Infrastructure,31,18,61.4183136817767,False,0.8429540059097822,1.081118111944612,1.0029436443685262,5105050.862909187,3197911.809565088,1538843.318759174,553429.8921819308,10346765.476077354
P060,infrastructure,Infrastructure,31,19,69.91272145329452,False,0.8513911311358449,1.0857853350035644,1.0067609090589207,4748219.020140869,2957622.4781325455,1417097.8209336218,509645.31911080104,9651975.804576213
P060,infrastructure,Infrastructure,31,20,77.25877264137416,False,0.8507340187329722,1.0907188839017596,1.0116739207882044,4103139.3430504366,2569404.2832956663,1225520.7674394916,440746.5126063936,8237559.86747115
P060,infrastructure,Infrastructure,31,21,83.2743889102178,False,0.8618573032737744,1.0954302485797847,1.014224202018467,3403956.546998956,2113150.921794649,1003568.1045045842,360923.416375515,7020678.763422684
P060,infrastructure,Infrastructure,31,22,87.98425099802655,False,0.8530738907977451,1.1004028516454443,1.0095890292936525,2637930.545712791,1661979.1033644753,785732.8587298424,282581.1088040405,5457942.098266698
P060,infrastructure,Infrastructure,31,23,91.54381385569366,False,0.8505455425705764,1.1050167996820939,1.0035011735571577,1987754.546899099,1261337.2118885962,593831.7190269488,213565.74787632882,4105089.0853733635
P060,infrastructure,Infrastructure,31,24,94.16285469224293,False,0.8343733019423494,1.1096690191838248,0.9976793409040168,1434733.3234297002,931968.8408025982,436927.112782929,157136.54663282927,2950125.2616890077
P060,infrastructure,Infrastructure,31,25,96.0521120204271,False,0.8145461674778895,1.1142875369521088,0.9965216533939938,1010358.120282211,675078.147270023,315179.411557055,113351.18113040543,2037118.5436098108
P060,infrastructure,Infrastructure,31,26,97.39556229654198,False,0.8169413324125487,1.1190760115050624,0.995644692292873,720577.9733264004,482110.7823356464,224123.9778008544,80603.98830579309,1476421.7878792894
P060,infrastructure,Infrastructure,31,27,98.34119193266095,False,0.8150845718785509,1.1238687546143467,0.995333038646511,506048.6417419601,340802.15568138094,157756.69508681793,56735.646630531846,1056360.495021046
P060,infrastructure,Infrastructure,31,28,99.00203288172497,False,0.7905005234069478,1.1289596092638348,0.9957149771904519,342979.07459891844,239243.97635667105,110246.21069433309,39648.96734725966,714994.9577869967
P060,infrastructure,Infrastructure,31,29,99.46153504958124,True,0.7790011936553423,1.1338683621150993,1.0000968533881143,94005.70164756723,133661.35221618315,28107.726562702002,22974.245259181327,278870.18779866904
P060,infrastructure,Infrastructure,31,30,99.77992367812448,True,0.7955692706973294,1.1391979336190854,1.0035541881480852,49891.3572887463,81418.00152923787,12393.702252834713,14645.326693650773,152877.7181867349
P060,infrastructure,Infrastructure,31,31,100.0,True,0.7942032036242423,1.1441269442809159,1.00164353556345,0.0,24223.363621305576,0.0,6602.041620079775,31215.54470901726
P061,commercial,Commercial Building,31,1,7.209941290914824,False,0.9971999999999999,1.004,1.003,777262.8035466046,569441.6375896687,273499.6719980018,158736.65107797133,1804900.2942245002
P061,commercial,Commercial Building,31,2,8.331458819772308,False,0.9846198348954462,1.0082791059457592,0.9985038080857144,119379.16382972138,88955.05076553606,42543.297359306474,24691.731800979822,270454.5788436916
P061,commercial,Commercial Building,31,3,9.611746878225388,False,0.9599574976349152,1.0125932051365345,1.0051996324542762,132865.91608564163,101982.69440981798,48566.04928130373,28187.28067453841,315011.502698193
P061,commercial,Commercial Building,31,4,11.068192902407105,False,0.9475218644176142,1.0172257151652722,1.0070456422610934,149189.24671955296,116545.49834381559,55248.370801359284,32065.637572632346,358071.2472354057
P061,commercial,Commercial Building,31,5,12.718474795840445,False,0.935929242911969,1.0220610472237337,1.008237691206265,166976.37874420488,132684.05935150947,62601.28041916286,36333.197529405064,402723.18810735305
P061,commercial,Commercial Building,31,6,14.5800051607942,False,0.9310923149199978,1.0260634866210019,1.0049500393085384,187377.20362935116,150254.72442232116,70614.71427939631,40984.11957737583,454921.80053591175
P061,commercial,Commercial Building,31,7,16.669210648082018,False,0.938266030415214,1.030518069849898,1.003850851370535,211914.6774684796,169363.7837516894,79251.27160600538,45996.69665600156,522554.1691648133
P061,commercial,Commercial Building,31,8,19.000642948844643,False,0.9195855819682465,1.035034674948202,1.0100551674170937,231776.20575578188,189828.53101281912,88439.82826151667,51329.648981248676,595898.8724225879
P061,commercial,Commercial Building,31,9,21.585935408377747,False,0.9147563129446884,1.039634669865372,1.0092644976564304,255663.64794306905,211433.70100532263,98069.68062169818,56918.72520522923,640617.2897611909
P061,commercial,Commercial Building,31,10,24.432643031676886,False,0.9046581734397499,1.044149644062581,1.0109886862404929,278407.7126468516,233824.16254366285,107986.1221931999,62674.13512645962,676045.5069650577
P061,commercial,Commercial Building,31,11,27.543032540352165,False,0.8983116568775376,1.0487125861845834,1.0050190601156983,302061.7264008401,256599.04579531663,117988.54887773657,68479.45000291726,751034.0977116964
P061,commercial,Commercial Building,31,12,30.912919939123956,False,0.9139352533023621,1.053458829048874,1.005581430929892,332954.35968599183,279265.14528586256,127832.26118576906,74192.64854000181,750188.5648608464
P061,commercial,Commercial Building,31,13,34.53068034698219,False,0.9264980870574573,1.0581570364756687,1.0064912912421136,362358.30134886585,301143.6460628826,137234.99887071017,79649.90953109761,932815.8850538334
P061,commercial,Commercial Building,31,14,38.37657139022394,False,0.9141643238217056,1.062683669558558,1.0070578309597573,380080.09963990113,321502.8013334954,145888.83548775894,84672.51534824929,917332.2038248173
P061,commercial,Commercial Building,31,15,42.42250943267462,False,0.9102248550762775,1.0675342352452841,1.0094457402121577,398127.1590366157,339769.83387611,153477.3561788731,89076.82176786414,1028063.9693689262
P061,commercial,Commercial Building,31,16,46.63241117669427,False,0.9079523473172098,1.0722439478018542,1.0047215909743967,413227.201545907,355098.9121573174,159697.10427241132,92686.70537651457,995653.5142623775
P061,commercial,Commercial Building,31,17,50.96315988789779,False,0.9038633123606756,1.0769151160738357,1.0004589446430865,423174.63684400346,366883.5470603041,164281.27556495604,95347.31551045153,1060061.4705333984
P061,commercial,Commercial Building,31,18,55.366180398829215,False,0.9021423680277088,1.0813241691312812,0.9986718723477979,429417.43604528066,374533.26553684636,167022.81155293866,96938.47735120606,1058122.0912686985
P061,commercial,Commercial Building,31,19,59.78952193564854,False,0.8917705967858077,1.085816296539775,1.0005536423611043,426439.5819608707,377824.92735133524,167793.66303296498,97385.87233900982,1100726.1250422054
P061,commercial,Commercial Building,31,20,64.18026960261246,False,0.8928682491279569,1.090547828242908,0.9958920523264397,423818.33917848545,376675.1543332041,166557.25730441476,96668.2740205551,1040262.9407937733
P061,commercial,Commercial Building,31,21,68.48705172002705,False,0.8747684726699556,1.0952164709452612,0.9909261644751134,407286.4014185405,371053.5970487876,163372.13424525617,94819.6583933826,1000284.4936950618
P061,commercial,Commercial Building,31,22,72.66239415489176,False,0.8776367988181458,1.1000052972019407,0.9967743939514825,396151.0492580044,361302.24017096567,158386.1421803532,91925.8352421438,992839.7971057942
P061,commercial,Commercial Building,31,23,76.66469832705491,False,0.8459895900989403,1.1045669499915505,0.9929879617191636,366040.3797478343,347765.03458300035,151822.16250528794,88116.16284381149,919455.1769081324
P061,commercial,Commercial Building,31,24,80.45968035165606,False,0.8253665011615708,1.1090345984968994,0.9942175495342528,338618.3179285461,331084.3073019991,143957.66859774667,83551.68415107166,825989.2880634178
P061,commercial,Commercial Building,31,25,84.02119023159533,False,0.8320604675831396,1.1145968390139052,0.9942449639202413,320363.4253513156,312273.937200902,135101.20882793487,78411.47775156645,822915.2343777103
P061,commercial,Commercial Building,31,26,87.33141417273919,False,0.8223378709538501,1.1198702077414755,0.9925782986270509,294280.54597824777,291614.31887139054,125569.00612819039,72879.07647700518,764950.3307298232
P061,commercial,Commercial Building,31,27,90.38053391947074,False,0.8141739257290268,1.1248413127013983,0.9909036235436114,268377.16251753754,269804.7041757393,115664.36077150053,67130.51296849971,732032.3478987525
P061,commercial,Commercial Building,31,28,93.16596426719738,False,0.8245484758899397,1.129780132240158,0.9980827297252987,248291.8033570392,247554.03790837977,105661.64906730513,61325.032669298445,655043.5271234333
P061,commercial,Commercial Building,31,29,95.6913105302582,True,0.8332578079210385,1.1345778303342835,0.9890449054056044,90994.3033878652,180313.811422396,35125.090086781485,46332.44021876558,334109.2491178716
P061,commercial,Commercial Building,31,30,97.96518479062803,True,0.8270211077344916,1.139606254458336,0.9975930117439906,60989.93645761057,142693.13780324272,20126.502537621236,38381.196746227826,266764.80047029426
P061,commercial,Commercial Building,31,31,100.0,True,0.8283695874092887,1.144422902400871,0.9982117939178736,0.0,54956.181437541556,0.0,22399.610403571343,76514.31299693658
P062,municipal,Municipal Engineering,28,1,10.12474274008482,False,0.9971999999999999,1.004,1.003,2434026.810239391,1873727.8289074867,716596.2593838966,389918.9403422768,5426520.189572034
P062,municipal,Municipal Engineering,28,2,12.112506924928827,False,0.9966399791515232,1.0082454430484582,1.0101076642322098,477597.7327696869,369419.5937023544,140687.4639645969,76551.76279552683,1058381.6470386407
P062,municipal,Municipal Engineering,28,3,14.430611717952502,False,0.978111249635162,1.0128998640634732,1.0125712494886383,546613.5705919268,432801.1190367496,164067.89448229782,89273.6722010353,1221273.8748399673
P062,municipal,Municipal Engineering,28,4,17.109859860630795,False,0.9629537055276571,1.017519123947174,1.0104195955118138,621981.4575561944,502509.54556470155,189628.4425483025,103181.84111198278,1426895.6141479446
P062,municipal,Municipal Engineering,28,5,20.174657685979057,False,0.9408894627478879,1.0221543038374437,1.0116884087746203,695183.6130558104,577440.2990496252,216916.39123998804,118029.93430064165,1612570.4536433674
P062,municipal,Municipal Engineering,28,6,23.639291070339365,False,0.9472394166745595,1.0267414253407299,1.0129123147240258,791181.5264481115,655702.9954247071,245215.44765179564,133428.19788949325,1741839.3300311726
P062,municipal,Municipal Engineering,28,7,27.503975558124715,False,0.9502174342517753,1.031184272792411,1.0148777733575196,885311.5478628259,734580.0372467124,273529.75959394616,148834.76241509663,2042038.1048154037
P062,municipal,Municipal Engineering,28,8,31.75122243409853,False,0.9367112026872368,1.035804727103377,1.0094848553448437,959118.5939931341,810912.8668394593,300606.2773282158,163567.81043879458,2340567.6265684688
P062,municipal,Municipal Engineering,28,9,36.34323507207947,False,0.9413757478360002,1.0401482931902404,1.011674842917454,1042137.8533663262,880414.3906537535,325007.6731720647,176845.25402814057,2416876.040130469
P062,municipal,Municipal Engineering,28,10,41.221098601490255,False,0.9511956023082868,1.0448233031447989,1.010739630206388,1118558.1592856785,939423.225638987,345239.2666849744,187853.7981011613,2443042.3027444133
P062,municipal,Municipal Engineering,28,11,46.306371623204,False,0.9393859405122608,1.049157447537375,1.0042300093579004,1151641.8042718081,983430.6502263153,359919.0338810905,195841.4469265991,2729199.7513809875
P062,municipal,Municipal Engineering,28,12,51.50530344119718,False,0.9262830584472704,1.054079055297069,1.0150866080907395,1160959.136095579,1010127.2868961428,367963.4326723272,200218.6166526405,2766488.9894298413
P062,municipal,Municipal Engineering,28,13,56.71534789395641,False,0.9061999327778272,1.0586133724000915,1.0167979892839527,1138215.6301601657,1016640.9563415806,368749.94870633224,200646.58078798937,2663406.821584826
P062,municipal,Municipal Engineering,28,14,61.83308346066768,False,0.9259137101322205,1.0630701279953714,1.0185129811460858,1142371.7312654776,1002832.8553648397,362216.62690764805,197091.62794069393,2569526.4531437475
P062,municipal,Municipal Engineering,28,15,66.76227664220235,False,0.9285767402307701,1.067619903471946,1.012612965210557,1103450.1820803825,970021.3607923031,348872.2120003975,189830.57954421418,2505103.551109095
P062,municipal,Municipal Engineering,28,16,71.42078654285442,False,0.927478967705055,1.072431130528069,1.010198450253334,1041622.0947349237,920884.646503652,329714.13247801206,179406.1627704173,2584143.918055344
P062,municipal,Municipal Engineering,28,17,75.74531881065154,False,0.9005062836000404,1.077367127084062,1.0100840283852408,938825.722834631,858799.2555414235,306076.2852195112,166544.18612134637,2226157.112738799
P062,municipal,Municipal Engineering,28,18,79.69357459024448,False,0.8826430348055327,1.0821121131099445,1.0066236754051707,840135.7566348081,787528.6016027691,279444.66297851375,152053.21747920822,2085674.9473467022
P062,municipal,Municipal Engineering,28,19,83.24391024127034,False,0.883498372949268,1.086453009081469,1.010270297630993,756195.7953507281,710999.2748454522,251281.17448454807,136728.71997296883,1887039.088396996
P062,municipal,Municipal Engineering,28,20,86.39305328905512,False,0.8766232678947257,1.0912868002704819,1.0124703347933812,665525.1517747191,633461.3004841702,222886.07090953863,121278.19458731305,1648508.7174417563
P062,municipal,Municipal Engineering,28,21,89.15262386199784,False,0.8935797192150614,1.0960469659615317,1.0172002698772271,594475.415747687,557518.7355826021,195313.40211218642,106275.17767355531,1447508.674983466
P062,municipal,Municipal Engineering,28,22,91.54519972944539,False,0.8787185038267432,1.101185641698529,1.0199425942133327,506844.3159389279,485640.6762277394,169338.71416971297,92141.66432399042,1202395.7142803296
P062,municipal,Municipal Engineering,28,23,93.60050937287102,False,0.8742613522809057,1.1059410331617883,1.0234097673120715,433189.2104238339,418984.56949375203,145468.11115737146,79153.03912532459,1084478.3512051105
P062,municipal,Municipal Engineering,28,24,95.352127907645,False,0.8745477578538021,1.1110378416475273,1.0245945475085763,369302.41991153854,358721.31288875313,123973.84527283588,67457.4416848091,928021.2546110862
P062,municipal,Municipal Engineering,28,25,96.83485244362998,False,0.8797734390442927,1.1156629594886016,1.0245284260901002,314478.1030959435,304917.4548451887,104942.40529954046,57101.93283250912,789759.111112583
P062,municipal,Municipal Engineering,28,26,98.08278272478002,False,0.8711362636311584,1.1206990123982303,1.0238550089343599,262080.9815857385,257791.21267085706,88324.43395361934,48059.655967415165,669124.3762958525
P062,municipal,Municipal Engineering,28,27,99.12803855859153,True,0.8715161834283375,1.1258698141313912,1.0239712545721473,76864.39111563619,162689.99135814467,22193.93933763048,32203.488627342824,300328.9386842472
P062,municipal,Municipal Engineering,28,28,100.0,True,0.872466320585447,1.1309146464791433,1.0204169292862535,0.0,54530.20887332898,0.0,16790.26766315984,71472.33826112529
P063,commercial,Commercial Building,21,1,4.403154967195502,False,0.9971999999999999,1.004,1.003,1115179.6647518226,687712.4253908878,376490.3926097295,148837.1473000274,2236872.2036781246
P063,commercial,Commercial Building,21,2,5.85045112561629,False,1.0026201882727195,1.0087080434249092,1.0007956757061593,368546.63952390564,227107.81607506602,123750.60677309165,48922.06454746708,759461.4593990606
P063,commercial,Commercial Building,21,3,7.737194722022645,False,1.0008322514383716,1.0130131383428091,1.000303226671244,479592.93599024985,297328.91801407735,161325.4229426674,63776.43682038673,984212.3397523578
P063,commercial,Commercial Building,21,4,10.170537959689714,False,0.9897191900452567,1.017540321646809,0.9989606711570299,611665.4714726089,385180.4078742568,208062.25484428398,82252.80931387638,1239387.7039840196
P063,commercial,Commercial Building,21,5,13.2657236702841,False,0.9840324956615176,1.0221090886553,1.0063803844888304,773561.3331660562,492145.08201642404,264652.88913597405,104624.66457820269,1668646.2161418563
P063,commercial,Commercial Building,21,6,17.134229840767105,False,0.9735722045624304,1.0266829732369644,1.0032017878506154,956555.2537337164,617858.2376555097,330775.41394505283,130764.74187643078,2031350.3890520993
P063,commercial,Commercial Building,21,7,21.864526010183337,False,0.9598113422432581,1.031178220047339,0.9992481400024142,1153115.505971939,758806.8671569558,404462.49910621037,159895.30075262944,2405982.9465956483
P063,commercial,Commercial Building,21,8,27.49611578784718,False,0.9512906813372817,1.0356860866283886,1.0036338820091621,1360638.8137993743,907336.4160782591,481527.3280649585,190361.17591049714,2984511.4587321305
P063,commercial,Commercial Building,21,9,33.991358530451016,False,0.9610175540500188,1.0402520648613451,1.0075873253995637,1585350.5515541525,1051097.8811566278,555373.70555367,219554.70748423412,3381496.886405503
P063,commercial,Commercial Building,21,10,41.214174767996326,False,0.9515584801873656,1.0449260467830792,1.0032592540136525,1745583.5912032893,1174089.781921337,617584.6503883959,244148.4281788235,3419994.838297552
P063,commercial,Commercial Building,21,11,48.92719099635208,False,0.9325288221667977,1.0495336082349347,1.0049128113723187,1826775.2119385945,1259301.6808900966,659499.0477631174,260718.35787293938,4099339.8891072148
P063,commercial,Commercial Building,21,12,56.81542563276057,False,0.9184256620514459,1.0539816696023177,1.00303428925636,1840019.5246202964,1293367.863933112,674481.0431122938,266641.15827476844,4303879.360490269
P063,commercial,Commercial Building,21,13,64.5343421465823,False,0.9069413161587285,1.0586091094193792,1.0016514879157419,1778009.7234518416,1271162.7512513,660003.5498322343,260917.801604435,4032907.673719265
P063,commercial,Commercial Building,21,14,71.76797923020204,False,0.9156519169501796,1.063214288381886,1.0024773794055764,1682231.365444466,1196428.3857497305,618509.8834581566,244514.19860323268,3761932.377168105
P063,commercial,Commercial Building,21,15,78.27733125010018,False,0.8844975832679289,1.0679110602222497,1.0020587229995306,1462288.316873225,1081389.2069117262,556580.1149095859,220031.63473267184,3135444.1559476536
P063,commercial,Commercial Building,21,16,83.92451333234136,False,0.8597659633957745,1.0726589691709838,1.0041551194685543,1233135.0446851393,942329.1965078017,482860.54320631723,190888.23302077706,2888837.8299221247
P063,commercial,Commercial Building,21,17,88.67031922539998,False,0.8564225642573202,1.077435680671378,1.0076759602095764,1032278.0044107586,795445.6528183456,405788.65319047373,160419.5664302045,2415484.3451378453
P063,commercial,Commercial Building,21,18,92.55314813338282,False,0.8387847489292365,1.081970220139134,1.0171568968313243,827174.9632354493,653540.8665471006,332000.07514928764,131248.88458930017,1951656.2374319404
P063,commercial,Commercial Building,21,19,95.66085582929004,False,0.8354811271477742,1.0865240117423434,1.0179112928540663,659440.1845286661,525277.3562235179,265723.5775859168,105047.93756913331,1473037.1696712724
P063,commercial,Commercial Building,21,20,98.1047068710425,True,0.8112893010443523,1.0916655418394747,1.0206859699748145,176245.12996299556,311268.22162992315,62688.21640691251,66086.39853751217,612754.9011256277
P063,commercial,Commercial Building,21,21,100.0,True,0.8273185318206635,1.0963509339671755,1.0177635204676585,0.0,96974.24823756595,0.0,32032.715713279602,123947.03134792748
P064,commercial,Commercial Building,29,1,5.9156044250272215,False,0.9971999999999999,1.004,1.003,507364.93700415693,329698.2105100059,177558.07447164686,101472.03807879795,1063763.034837792
P064,commercial,Commercial Building,29,2,7.177126361807207,False,0.9861341898638201,1.008598153674621,1.0079310596304139,106996.57573312747,70631.22324236653,37864.83846870238,21639.24306104841,238513.13516701828
P064,commercial,Commercial Building,29,3,8.684149552914032,False,0.9681911357102888,1.0127308169771667,1.00566698483762,125493.1710325099,84722.29529784668,45233.60873573172,25850.395605672988,278457.5212560652
P064,commercial,Commercial Building,29,4,10.473811760397187,False,0.964503278554053,1.0170683562745226,1.0039076605089547,148461.49552619117,101042.70440964006,53717.07651224897,30698.582700630897,337795.88667227014
P064,commercial,Commercial Building,29,5,12.584223276917298,False,0.957865590211987,1.021560952057553,1.006036600333689,173864.44400697894,119678.23739739454,63344.4325030869,36200.48643892835,375628.13854172424
P064,commercial,Commercial Building,29,6,15.052324151441955,False,0.958477507082387,1.0260599018673784,0.9967271578275527,203462.27078394737,140578.65173181283,74080.55160489691,42336.03329907037,450852.6530868841
P064,commercial,Commercial Building,29,7,17.910908924881024,False,0.9409114248601624,1.0303332711004036,0.9967077630082759,231333.68380537478,163498.0405407576,85801.00554703244,49034.11420728097,546309.5350970133
P064,commercial,Commercial Building,29,8,21.18484115717793,False,0.9350594508379149,1.034745964403643,0.9993205410795205,263298.2456544447,188055.99333647423,98267.74431669753,56158.686800885465,610504.7356882356
P064,commercial,Commercial Building,29,9,24.88666473320581,False,0.9328273011515731,1.0391810272921647,1.000806860593751,296999.7070014969,213545.6249038522,111110.99035162931,63498.42820431048,704804.7913296719
P064,commercial,Commercial Building,29,10,29.012065157870538,False,0.9337466539931856,1.0436324105068568,0.9979105967311939,331309.75493294577,238999.7346764906,123824.73593551903,70764.16185146497,758107.6921794142
P064,commercial,Commercial Building,29,11,33.53589514069522,False,0.9384954506185315,1.048170973484464,0.9988218208915592,365155.21049379744,263221.9823266332,135783.68046199385,77598.53690302852,863299.8869571814
P064,commercial,Commercial Building,29,12,38.409666180266356,False,0.9425318368755731,1.0528419032600718,0.9919214895093021,395093.79352637817,284847.25367361837,146287.232719748,83601.17495727068,920144.7432232578
P064,commercial,Commercial Building,29,13,43.56140797675248,False,0.9508777593140284,1.05752376044909,0.9956889497292094,421325.5859588382,302432.16198648495,154630.58173552045,88369.28607557612,932474.6357691035
P064,commercial,Commercial Building,29,14,48.89851877798187,False,0.960470010697234,1.062076899595092,0.9912149270926764,440888.8177641174,314663.18483780004,160194.47025546487,91548.97311285666,1006095.5579068891
P064,commercial,Commercial Building,29,15,54.31366765390475,False,0.9393132911946245,1.0667281382805047,0.9982508608524387,437481.7334686359,320662.30058337544,162536.7989986493,92887.58230947432,998492.3528432377
P064,commercial,Commercial Building,29,16,59.69309101994765,False,0.9260827137798948,1.071362607878033,1.0006500487501055,428474.083509646,319930.7335902345,161464.4905263366,92274.7725205728,960637.3307805099
P064,commercial,Commercial Building,29,17,64.92598716932156,False,0.9095833211626698,1.0761991688701755,1.0080196958160133,409377.2080986245,312621.26799220924,157066.44620488657,89761.3496746313,897655.0476122702
P064,commercial,Commercial Building,29,18,69.91340139166168,False,0.895767076743399,1.0809906190394818,1.0133814279870181,384246.20894547185,299282.3577087731,149698.25605050352,85550.52865653804,968823.7330757482
P064,commercial,Commercial Building,29,19,74.57513996240192,False,0.8949165103005494,1.0858085387077525,1.0173793713539616,358814.09182205435,280986.1535988935,139923.03488194017,79964.12196905437,868450.2809626024
P064,commercial,Commercial Building,29,20,78.85379259327087,False,0.8906979085435498,1.0911960735727595,1.0185837564881024,327775.5216979955,259175.27954927372,128424.63219075724,73392.94034750902,757717.5216406952
P064,commercial,Commercial Building,29,21,82.71566272811953,False,0.8907663425090948,1.0958791637648297,1.0146092275401992,295869.7195548754,234933.03386917477,115914.8204877024,66243.75215503582,691087.8324739492
P064,commercial,Commercial Building,29,22,86.1490478500079,False,0.8980938630827159,1.1007213747091498,1.0147119085673604,265205.9755923672,209789.46377640273,103053.75534965651,58893.82737518535,633060.027813074
P064,commercial,Commercial Building,29,23,89.16070278178613,False,0.8977615001409567,1.1054571557169708,1.0213665090660127,232544.05580332517,184812.3022689433,90395.43759843588,51659.76998473706,569683.6007714323
P064,commercial,Commercial Building,29,24,91.77141570705444,False,0.9056414321822298,1.1105588113388505,1.0286496592355563,203354.81399015486,160947.57351073256,78361.08142182758,44782.298195068535,495574.3958898031
P064,commercial,Commercial Building,29,25,94.01149586456471,False,0.9239405742699773,1.115615155943356,1.0323370812720143,178010.92385305604,138727.2306584284,67236.46323390477,38424.729361682424,425556.0285199648
P064,commercial,Commercial Building,29,26,95.91672596217079,False,0.9397185720198891,1.1204762784857043,1.0304070062089976,153987.08556451078,118504.22984316648,57185.870327157114,32680.951450242814,360585.2894530382
P064,commercial,Commercial Building,29,27,97.52507281516756,False,0.9263854347164845,1.125185658413009,1.0228747620079304,128147.6031115163,100458.72309522916,48274.85913230662,27588.429074253356,301743.24220679724
P064,commercial,Commercial Building,29,28,98.87423910605592,True,0.9144618035988625,1.1300598543220137,1.0199391830182738,37139.67951712385,63476.34967731175,12148.650494886186,18514.105191274735,128377.60292192102
P064,commercial,Commercial Building,29,29,100.0,True,0.8856470253174634,1.1353583376994105,1.0151688352672954,0.0,21285.51285903053,0.0,9655.247721993248,31182.08268755396
P065,industrial,Industrial Building,33,1,3.091928525771374,False,0.9971999999999999,1.004,1.003,310793.9820976171,286925.3198664717,155637.5102328833,59679.713188281035,836900.5876810425
P065,industrial,Industrial Building,33,2,3.9879824939623583,False,0.9994990106213884,1.0082948923235475,1.0019813770516628,90277.06288610776,83507.87842584484,45104.40894126027,17295.433376655372,238435.8823381733
P065,industrial,Industrial Building,33,3,5.13006604971506,False,1.0027324881095008,1.0128184486067962,1.0007864212847262,115436.68580184769,106914.15245273261,57488.7289967104,22044.241474621103,295684.3431186972
P065,industrial,Industrial Building,33,4,6.576974245771236,False,1.0059335773543658,1.0172020093740155,1.0012396462870252,146713.86785244755,136036.01512485615,72832.59858458556,27927.898536678775,376223.08238082554
P065,industrial,Industrial Building,33,5,8.39611657877098,False,0.9896190134070939,1.0219250108790932,1.0027699340331044,181466.13784764905,171827.00660554157,91569.64047113103,35112.67863315184,492197.85314030387
P065,industrial,Industrial Building,33,6,10.661416098758785,False,0.9808018665635063,1.026207977428339,1.0077278047824947,223958.62977995144,214865.5230718567,114027.72550658806,43724.30491571443,594837.5473169248
P065,industrial,Industrial Building,33,7,13.448833364096794,False,0.975526204815975,1.0308970516532878,1.0099516574735283,274095.44025740004,265596.89828650764,140309.41515671962,53802.10491441855,742990.4651060842
P065,industrial,Industrial Building,33,8,16.82878079868247,False,0.9856628919950536,1.0355135931031028,1.0102712141805015,335814.34027004044,323497.90013526694,170135.4345846975,65238.98977814041,899812.4013330187
P065,industrial,Industrial Building,33,9,20.85509549942331,False,0.9830828839112573,1.0397326893271943,1.0146326287523386,398986.9918963371,386932.4300331796,202671.43635897135,77715.02625081725,1047054.2751319982
P065,industrial,Industrial Building,33,10,25.55118426530052,False,0.9931191904853175,1.044692735935958,1.0204341589145172,470108.99015535746,453451.23383231927,236385.65939081687,90642.85552472174,1256579.297728818
P065,industrial,Industrial Building,33,11,30.895461835324685,False,0.9956442881810499,1.0493880242183624,1.020422145989079,536357.1791946231,518359.2175353976,269013.3513951441,103154.05091650212,1405937.5530473501
P065,industrial,Industrial Building,33,12,36.80988888083528,False,1.0093002185679645,1.053814268344882,1.022032179233689,601719.2860467021,576079.5640443129,297712.8003266667,114158.94863256124,1647788.895416644
P065,industrial,Industrial Building,33,13,43.15637177072776,False,1.004960684337653,1.0582873046935015,1.0169485906194788,642899.4739823965,620786.7166292104,319461.07016559667,122498.39395256518,1626014.2673014975
P065,industrial,Industrial Building,33,14,49.74488178754912,False,0.9949674464137435,1.0632498187654422,1.0108381297072564,660780.1181690308,647482.8110324888,331643.919519992,127169.94745016628,1847747.8043187484
P065,industrial,Industrial Building,33,15,56.3538916130538,False,0.9911716438995808,1.0681168372367913,1.0105780016696573,660307.3805203307,652470.4901776944,332675.8124493168,127565.6301745363,1806646.2264403598
P065,industrial,Industrial Building,33,16,62.75912690340613,False,0.9685189415429593,1.0728990814779538,1.0117618069316017,625322.5519869104,635184.1857568444,322418.47272246715,123632.41965184697,1703892.2498411138
P065,industrial,Industrial Building,33,17,68.76307100289287,False,0.9791219169636205,1.0776382587200402,1.0116419837113966,592562.6818308121,598019.5159631851,302218.7943327067,115886.78679642158,1730181.0034002298
P065,industrial,Industrial Building,33,18,74.21732345136137,False,0.9669827881661825,1.0822440691023039,1.005905575992377,531636.5906935363,545589.7031764138,274549.12498323835,105276.76143479801,1543468.3877564461
P065,industrial,Industrial Building,33,19,79.03301569924203,False,0.9886857983858497,1.0869632782994558,1.006504357148547,479930.0087928154,483814.9821777036,242406.10520612093,92951.41519639286,1287090.946183836
P065,industrial,Industrial Building,33,20,83.17909724801315,False,0.9796214780750707,1.091575910612711,1.0086134592464049,409408.65868967935,418309.2791627291,208700.10548262848,80026.73917701699,1094279.16166635
P065,industrial,Industrial Building,33,21,86.67193136727155,False,0.9660278116396944,1.0967256970240455,1.0047706011647553,340117.10642549535,354063.9382884018,175817.77891913726,67417.90332930803,989932.2801409902
P065,industrial,Industrial Building,33,22,89.56096585964852,False,0.9564544848254928,1.1018577386661643,0.9962647427160474,278533.81008915836,294227.9790404764,145424.49206787394,55763.49791368277,785598.740341918
P065,industrial,Industrial Building,33,23,91.91454437877324,False,0.9468694324978152,1.1066499743487481,1.0005938816363091,224636.16349932944,240738.02071267628,118471.39990494522,45428.246421841344,677811.1444998074
P065,industrial,Industrial Building,33,24,93.80828867010294,False,0.9377749956127206,1.111347503922252,0.9972528360282337,179011.47478178368,194525.67487677097,95324.8576296762,36552.62895519404,509445.43869388645
P065,industrial,Industrial Building,33,25,95.31689944418495,False,0.9060925825299919,1.116323250837207,1.0047616242929982,137787.76804898295,155658.5178850335,75938.50337470193,29118.867903812035,413559.0075430176
P065,industrial,Industrial Building,33,26,96.50916987169354,False,0.8823999492220022,1.1211799290241067,1.0112003165238885,106047.67015437348,123553.71329062057,60014.97101730009,23012.937253725915,299420.08081118687
P065,industrial,Industrial Building,33,27,97.44551710189991,False,0.869111028397523,1.1260951967554278,1.0146099984320431,82030.06885388555,97458.0576966155,47132.63919527929,18073.164912314925,258358.79586701829
P065,industrial,Industrial Building,33,28,98.17724462312984,False,0.8659026584939569,1.1308286386981043,1.01654341694128,63867.416347486454,76480.70876272956,36832.756198558556,14123.641033416012,188904.71081041437
P065,industrial,Industrial Building,33,29,98.74685909690774,False,0.8328423347103473,1.1356802181951537,1.0136727893825346,47819.46292786011,59791.9603926857,28672.51870555162,10994.57123268351,152726.27524658156
P065,industrial,Industrial Building,33,30,99.18894191352213,False,0.8386666221605907,1.140552459739833,1.0068071503171312,37372.64871026553,46604.152601426744,22252.994634614995,8532.983696455889,112530.09705993721
P065,industrial,Industrial Building,33,31,99.5312443401193,True,0.8203146429289886,1.1452305559641307,1.0082675176953806,11321.691537661532,28986.68876394662,6317.8052873289025,5505.870762292679,51172.726294326996
P065,industrial,Industrial Building,33,32,99.79580740730903,True,0.8116919643330036,1.1501296399803207,1.011286910012089,6493.855240755267,19687.010291205897,3107.3547047465986,3915.0118368445337,35032.85692209569
P065,industrial,Industrial Building,33,33,100.0,True,0.8131737294543048,1.155055749014614,1.014270287931099,0.0,6539.881812663062,0.0,1970.6398879205665,8470.221139594634
P066,municipal,Municipal Engineering,34,1,8.387063368280215,False,0.9971999999999999,1.004,1.003,1370688.723768949,876034.2287597934,440841.6437464485,170701.15938410707,2908663.7483800612
P066,municipal,Municipal Engineering,34,2,9.707907845639822,False,0.9847926945612723,1.008154554823033,0.9982168575933533,213178.37566540524,138533.95707746473,69426.35639726024,26883.030895426873,462991.0900661407
P066,municipal,Municipal Engineering,34,3,11.212858962205864,False,0.9680062480612444,1.0123956684595752,0.9990351830098173,238752.09979450528,158507.60726039164,79103.38754493848,30630.137049615147,527104.1772269413
P066,municipal,Municipal Engineering,34,4,12.919792270321617,False,0.965553857111908,1.0168016346161615,0.9947709323660561,270109.40232213907,180563.6091985047,89719.99522040226,34741.06274058777,595899.3654358444
P066,municipal,Municipal Engineering,34,5,14.845851198925821,False,0.9641065776422926,1.0212219854496318,1.0026317750800562,304327.54466119944,204628.99188232873,101237.69748177164,39200.90712540616,647170.7463808325
P066,municipal,Municipal Engineering,34,6,17.006551723499435,False,0.9628596072053354,1.0257109438361598,0.9996211574844999,340960.59578742617,230566.92359463667,113570.95196148055,43976.546787698164,733878.2991620403
P066,municipal,Municipal Engineering,34,7,19.414707644948965,False,0.9524937667467145,1.0301112542768855,0.9981993301535619,375918.2332899027,258075.1409144533,126577.72669568386,49012.98460720102,836095.4955451837
P066,municipal,Municipal Engineering,34,8,22.07921023689599,False,0.9478560399441018,1.0346579670292266,0.9973696783275219,413909.2906348053,286807.42580200185,140051.84542220246,54230.38573280501,938265.6174175343
P066,municipal,Municipal Engineering,34,9,25.003728517228236,False,0.9188743740787937,1.039047550823534,0.9911713009191745,440409.9539107366,316131.08482870297,153718.81542520982,59522.46205516574,992142.4729572657
P066,municipal,Municipal Engineering,34,10,28.185432590390842,False,0.9106508390091581,1.0435461719207517,1.0002991942596984,474852.0549819186,345421.122774853,167237.04018172756,64756.94176343879,1035447.0164724425
P066,municipal,Municipal Engineering,34,11,31.61387638006149,False,0.9077002655174649,1.0478068322932073,0.9988172879973194,510018.74913805036,373728.0524677221,180206.19725454965,69778.81340367482,1113130.2580163525
P066,municipal,Municipal Engineering,34,12,35.27019902944628,False,0.9003053948504821,1.052327098626046,0.9951904680320041,539487.0337152735,400288.12378732575,192183.9881308392,74416.81169273613,1171022.5729058608
P066,municipal,Municipal Engineering,34,13,39.12680650014939,False,0.8807916087216703,1.0568494719055361,0.9948462457734316,556705.1673891704,424029.44085700973,202711.37846645512,78493.19095742342,1220040.5666292883
P066,municipal,Municipal Engineering,34,14,43.14766816240601,False,0.8691180386275059,1.0612275433407499,0.9995923610978706,572722.8902935351,443920.37939895864,211344.92332204155,81836.24199933208,1234603.8614523166
P066,municipal,Municipal Engineering,34,15,47.289304153994244,False,0.8830789175212229,1.0656192702579452,0.9942087617854143,599401.8631153646,459146.6604680889,217693.07541378384,84294.35124871669,1415869.0533106532
P066,municipal,Municipal Engineering,34,16,51.50245280558193,False,0.8909955537270873,1.0702665794643802,0.9980467852924778,615217.9031224563,469111.61389321374,221451.93083176858,85749.84209652839,1423276.6468134348
P066,municipal,Municipal Engineering,34,17,55.73430744380735,False,0.9059514205972927,1.074753122470514,0.9950990317715439,628322.045353801,473169.6663094737,222435.15672802963,86130.56338910386,1420697.8680609458
P066,municipal,Municipal Engineering,34,18,59.93111920674361,False,0.9126359223333687,1.0795335998828814,0.9946249043597812,627716.7180112147,471338.6926095759,220593.22969520185,85417.33884585842,1538710.4907554938
P066,municipal,Municipal Engineering,34,19,64.0408992281608,False,0.8895088329359829,1.084375982689706,0.9862915588684364,599122.303662659,463634.670482176,216018.65879897037,83645.98950364284,1396551.6640259863
P066,municipal,Municipal Engineering,34,20,68.01593590769912,False,0.8770524713987753,1.0893227743440783,0.9853020001315839,571364.6442251102,450479.63475219434,208936.26610566795,80903.57017663479,1333734.5849771507
P066,municipal,Municipal Engineering,34,21,71.81487565481245,False,0.8577171946643161,1.0942406149918407,0.9906680279291539,534014.6454453189,432466.70190698083,199680.24194797146,77319.48487657444,1226230.7544414478
P066,municipal,Municipal Engineering,34,22,75.40418987118511,False,0.8512111797258817,1.0992826138246563,0.993472668428135,500720.58261593536,410485.9309280903,188661.88433159277,73052.99497865925,1204189.762428605
P066,municipal,Municipal Engineering,34,23,78.75894826234757,False,0.8442756537507887,1.103938195972419,0.9957677363075323,464186.1299568491,385286.1931532788,176333.13814290462,68279.1010010479,1052494.731281007
P066,municipal,Municipal Engineering,34,24,81.86291640817126,False,0.8464970490014658,1.109204732834599,0.992279836183024,430615.19438121957,358184.1862860631,163151.07677815427,63174.78930555496,1018274.3832154394
P066,municipal,Municipal Engineering,34,25,84.70807469101904,False,0.8418573080176457,1.114104896695376,0.9882202558934957,392546.91112432117,329769.095873308,149547.4874880579,57907.2550411644,955284.3265507754
P066,municipal,Municipal Engineering,34,26,87.29370493839598,False,0.8298544677179307,1.1187664703257365,0.9835828989358324,351653.5466401923,300942.3444042709,135906.14954515584,52625.1038754658,841235.1139617708
P066,municipal,Municipal Engineering,34,27,89.62520837953446,False,0.8134561545041096,1.123582631582002,0.9801824149434032,310825.6538633968,272532.6356586742,122548.71154058567,47452.88345090698,769688.5761886856
P066,municipal,Municipal Engineering,34,28,91.71280893191823,False,0.7973908915393522,1.128416950780427,0.9797448197331752,272813.1621058542,245072.4219607347,109728.66408514699,42488.749515181706,672575.1163207109
P066,municipal,Municipal Engineering,34,29,93.57026852134521,False,0.794534042549858,1.1336000226144005,0.9802851888651674,241868.06469183206,219056.75920344028,97631.97231732603,37804.71083877466,602056.7958889958
P066,municipal,Municipal Engineering,34,30,95.21370575124509,False,0.7841404621638407,1.1382879325925441,0.9798592944905906,211199.86256526667,194617.85927278534,86382.50815693164,33448.73267321427,521412.624111969
P066,municipal,Municipal Engineering,34,31,96.66057367026386,False,0.783058088150877,1.1433296932143169,0.9859173089694083,185681.87494073118,172098.78654918677,76050.41284373084,29447.97486403399,476410.7128440557
P066,municipal,Municipal Engineering,34,32,97.92882177463909,True,0.7772391354626013,1.1484372591319014,0.9865211799142014,64619.78653482115,121221.29553267392,24442.652924985552,21510.451304318183,227093.129079956
P066,municipal,Municipal Engineering,34,33,99.03624413672257,True,0.7548005570625166,1.1534299438015825,0.9805287355870431,41097.3104891452,93020.78260890041,13581.969877886506,17280.106576838352,164921.81270665317
P066,municipal,Municipal Engineering,34,34,100.0,True,0.7598217703668714,1.1585286331491114,0.9821771624375019,0.0,34847.569916677894,0.0,9807.61894841995,45453.2500295208
P067,commercial,Commercial Building,26,1,7.300412964117687,False,0.9971999999999999,1.004,1.003,1671675.2250165471,1251921.8436931816,565293.5607913459,253979.8395353991,3764038.0562265227
P067,commercial,Commercial Building,26,2,8.734790752686308,False,0.9869252668160755,1.0082520695627384,1.0015271375997086,325064.8627650018,247018.08487330363,111068.3096429422,49901.703145340936,743097.4188633069
P067,commercial,Commercial Building,26,3,10.422767511753731,False,0.9719556325509453,1.0126392066639849,1.001104029288253,376734.2562769965,291955.9143628578,130705.26247710454,58724.358267757285,842091.1794294062
P067,commercial,Commercial Building,26,4,12.397538352490093,False,0.9499866506975065,1.017005404150562,1.0008856982331775,430780.87792987935,343033.1119409422,152912.6154634863,68701.86436227488,959188.6198611811
P067,commercial,Commercial Building,26,5,14.692006639521567,False,0.9411649515225682,1.021571877481077,1.003634908659852,495872.48861924396,400356.666954843,177667.77776462425,79824.07162767212,1210438.9666354638
P067,commercial,Commercial Building,26,6,17.33673590367036,False,0.9294897047145078,1.0260043441123634,1.0028945634493358,564479.290321564,463475.19624262035,204789.56881043158,92009.57773547886,1338316.210827844
P067,commercial,Commercial Building,26,7,20.35729603068991,False,0.931428721615015,1.0305325739016153,1.0068115313112678,646039.867681392,531673.8320439886,233891.31521460542,105084.65481858776,1529524.5277500746
P067,commercial,Commercial Building,26,8,23.771082927407203,False,0.9219952048014237,1.0349215903563602,1.0056828548699117,722748.631494869,603448.1093834837,264340.08050137595,118764.93186041214,1677140.253202245
P067,commercial,Commercial Building,26,9,27.583831778365926,False,0.906724640206074,1.0396608529030513,1.01014761302627,793845.2038736709,677058.1449908753,295232.9388700625,132644.73477252226,1974463.9716891164
P067,commercial,Commercial Building,26,10,31.78621146295181,False,0.9156638190198414,1.0443311773922779,1.0206245901506017,883595.6130251869,749600.0529648622,325403.25970229245,146199.90995083924,2076001.1969734896
P067,commercial,Commercial Building,26,11,36.35104423339032,False,0.9026594082783037,1.0486101174273377,1.024382306178502,946173.9649208037,817588.91085169,353469.12344568677,158809.57697055736,2247702.5900939656
P067,commercial,Commercial Building,26,12,41.231782289127956,False,0.9135476883115325,1.0530506286506272,1.0151687310743833,1023856.1226500932,877871.2546081479,377930.6469892574,169799.85574834913,2649526.5232150364
P067,commercial,Commercial Building,26,13,46.362827103190455,False,0.9100887924086019,1.0578728144166591,1.0229081130372462,1072288.8312376568,927118.7003328277,397312.6736498139,178507.9754980732,2707880.7801800584
P067,commercial,Commercial Building,26,14,51.66205592959783,False,0.9160081925597048,1.062348696881981,1.028161769817471,1114639.0134616888,961558.7836070136,410335.68202946347,184359.06209792994,2615749.5115181664
P067,commercial,Commercial Building,26,15,57.035535123846536,False,0.9315045313941506,1.0672108804845806,1.0277497117858652,1149377.661266526,979494.2540428697,416085.11771665,186942.21685951357,2676239.598719868
P067,commercial,Commercial Building,26,16,62.383935942144866,False,0.9228526909057275,1.0720904824492665,1.0350178267739518,1133387.8119016418,979380.524962518,414143.2214828978,186069.74540742,2558488.2165778577
P067,commercial,Commercial Building,26,17,67.60976423412548,False,0.9279429637850789,1.076497229584604,1.0367157719085542,1113521.5526297595,960868.8821029757,404652.05157266196,181805.47286302663,2593914.1100433404
P067,commercial,Commercial Building,26,18,72.62431089354148,False,0.9233366021918703,1.0809100213533414,1.0387868220471517,1063197.4765241814,925800.2562632241,388291.861130107,174455.02907316294,2479577.6532750847
P067,commercial,Commercial Building,26,19,77.35330088071922,False,0.9054824475626857,1.0852173241411094,1.045330862841409,983265.1329691096,876559.0727904511,366180.3245840648,164520.57219383228,2486343.76816152
P067,commercial,Commercial Building,26,20,81.74053845310115,False,0.9040603127161131,1.0899593758668227,1.0511281598058972,910774.2964564136,816765.7927934453,339717.3778413916,152631.07718891968,2245171.3597838855
P067,commercial,Commercial Building,26,21,85.74929950881932,False,0.8725120041514987,1.0947534635602831,1.043960364266691,803163.1789732417,749587.9133781625,310410.77027927805,139463.95836390997,2006473.107266182
P067,commercial,Commercial Building,26,22,89.36166094258665,False,0.859319793110864,1.0995788615956816,1.0423084343392928,712800.8695412161,678443.453242971,279716.32122683123,125673.29845606537,1682519.010563103
P067,commercial,Commercial Building,26,23,92.57626554412309,False,0.8380752513782104,1.1046867411736054,1.0476973091648216,618632.5777665833,606544.6552912439,248916.77918365502,111835.4214865504,1655382.5982079369
P067,commercial,Commercial Building,26,24,95.40515152639816,False,0.8429703903777648,1.1096786037268809,1.0516469959466157,547583.0196887422,536177.6816844242,219049.39321282244,98416.35142745623,1425934.3864959804
P067,commercial,Commercial Building,26,25,97.87024708362839,True,0.8272879873004704,1.1147548190234198,1.0490985260193837,163900.67044486018,352022.5280446512,57263.992547551024,68608.12692564438,654261.7693839424
P067,commercial,Commercial Building,26,26,100.0,True,0.8041633182961954,1.1192362422883724,1.046879629485449,0.0,122142.92548648088,0.0,37046.829173141574,161838.75220369129
P068,residential,Residential Building,22,1,13.681452566156455,False,0.9971999999999999,1.004,1.003,2081301.2528728608,1575491.9526997614,584614.4629845356,456196.8346211247,4845449.676035532
P068,residential,Residential Building,22,2,16.57048343754861,False,0.9594992551955686,1.0085145345382212,1.0012401546933254,422880.1417085423,334183.19861600915,123449.55502770525,96332.36911642265,990208.5390194113
P068,residential,Residential Building,22,3,19.938128825586556,False,0.9441613200937542,1.0131455743089235,0.9964496252513771,485057.2781350552,391334.80296723207,143900.96303957305,112291.37832554991,1150409.3330990796
P068,residential,Residential Building,22,4,23.808420996872034,False,0.9277799422538382,1.0175926583399348,0.9991649723792374,547783.816463346,451718.61075259413,165379.2803336053,129051.7237889581,1295028.532051855
P068,residential,Residential Building,22,5,28.184577742840716,False,0.9234245415863676,1.0219553415427374,0.9992050749660969,616473.9768263744,512950.02408734895,186995.0952656307,145919.36387333774,1435416.2160643353
P068,residential,Residential Building,22,6,33.04258651205088,False,0.8976408338275692,1.0263991545378797,1.0021592976058933,665244.6056962014,571906.256169715,207584.84335291796,161986.32508930628,1571951.4119424685
P068,residential,Residential Building,22,7,38.32667227451162,False,0.9090357159062713,1.0310020827196094,1.0016235140950112,732776.0584092129,624855.6019087958,225791.29996962406,176193.51359402834,1826028.2842305487
P068,residential,Residential Building,22,8,43.94826738807806,False,0.8895475679531333,1.035372229627997,1.0100257879401962,762867.6635814991,667584.6506788861,240213.22242959772,187447.48658300197,1857494.0801778445
P068,residential,Residential Building,22,9,49.78970870596986,False,0.8776616332576324,1.0397617580827454,1.0092644335484557,782109.5675663745,696633.1320981968,249607.3470709238,194778.07827505635,1925144.2855626917
P068,residential,Residential Building,22,10,55.712903805378865,False,0.8654867705586595,1.044167500551505,1.0137022275478031,782054.3541468113,709375.9767740328,253100.72197739113,197504.09118677833,1848997.4504570498
P068,residential,Residential Building,22,11,61.5718668201704,False,0.8509520578892943,1.0487547139969748,1.0176669947826795,760582.4780850438,704766.0089364971,250356.05685697016,195362.32491291835,1975587.7311063004
P068,residential,Residential Building,22,12,67.2268271008538,False,0.8511315652677175,1.0530955122369898,1.0169852967617008,734254.6791026258,683042.2817289503,241638.93064019585,188560.0207639865,1870571.8235468692
P068,residential,Residential Building,22,13,72.55709592150642,False,0.8430043715119828,1.0577187572961126,1.0093018002732914,685487.2885034912,646650.4523453256,227764.72228229695,177733.4498587182,1845758.200241103
P068,residential,Residential Building,22,14,77.47028689220939,False,0.8313554836655581,1.062144229848752,1.0035902454604173,623118.8331188345,598545.8259152897,209942.80300201388,163826.3304196403,1554594.487121415
P068,residential,Residential Building,22,15,81.90662639631779,False,0.8151265837785422,1.0667418730128577,1.0044336199349346,551658.4796863765,542793.1829548622,189566.7308913546,147926.1086710373,1428753.0870289705
P068,residential,Residential Building,22,16,85.83844463354369,False,0.817840848765556,1.071124090424033,1.0006826024694895,490549.3425708166,483040.4354061352,168008.31609025362,131103.26008548733,1254118.1602042818
P068,residential,Residential Building,22,17,89.26598336302003,False,0.8178199017014791,1.0758139448484585,0.9928753273687091,427622.46483313665,422931.2807287748,146460.23176283512,114288.47276029346,1041505.4276337938
P068,residential,Residential Building,22,18,92.21112254031065,False,0.8318244089681576,1.080719387553403,0.988729088709732,373729.9904262358,365064.02079900337,125847.08752384862,98203.25463994898,927710.1343727894
P068,residential,Residential Building,22,19,94.71054783636276,False,0.8444689869025005,1.085466062686338,0.9842160683326797,321991.4444976108,311176.4184792733,106801.53807907851,83341.29018226489,844133.6000989828
P068,residential,Residential Building,22,20,96.80947169824205,False,0.8255412058771622,1.0900001301475948,0.9793497156188058,264335.75240668317,262405.8434709442,89687.93630826486,69986.8977559212,701880.6385587346
P068,residential,Residential Building,22,21,98.55652314100085,True,0.8176988305904398,1.0949024438989812,0.9846521793093016,76275.94219214465,164548.01554453833,22395.682097556568,46603.20001859209,305613.5659489616
P068,residential,Residential Building,22,22,100.0,True,0.8115509779517853,1.1000812207436232,0.9797854234640638,0.0,54639.42230484696,0.0,24065.777034274768,80124.23826899045
P069,residential,Residential Building,21,1,17.044897353612456,False,0.9971999999999999,1.004,1.003,1565122.6236393126,909086.2536044709,333244.4669334461,197550.7799497585,3028528.0338144326
P069,residential,Residential Building,21,2,20.26860238487374,False,0.9910877291257534,1.0082495427824048,1.0026901592503992,294197.5862595963,172663.4119286551,63026.59631245325,37362.8206754003,599245.0707740256
P069,residential,Residential Building,21,3,23.941754918391347,False,1.0035817473605837,1.0125767206166345,1.0063005520971238,339440.31876510254,197580.41346132115,71813.73595880806,42571.92829131616,659554.9595533938
P069,residential,Residential Building,21,4,28.06792965491175,False,0.9913431890847568,1.0167868790840886,1.010449525208797,376654.6660928373,222871.50038282585,80670.76451208873,47822.46677688784,730658.7060866787
P069,residential,Residential Building,21,5,32.62961908986994,False,0.9763908895881961,1.0213513123700866,1.0124176474846023,410129.6262945954,247501.51048389048,89185.50417356416,52870.09285354091,785140.3854748307
P069,residential,Residential Building,21,6,37.584670415034005,False,0.9572995135511924,1.0258522004202189,1.007443380310468,436784.98914064735,270028.70861677843,96876.11507570639,57429.16684504318,857036.6585213698
P069,residential,Residential Building,21,7,42.86500036492091,False,0.9276028727627326,1.0304229247715122,1.0097432161005362,451019.01801637874,289037.07994351466,103235.63133748277,61199.154113482975,927682.0862671195
P069,residential,Residential Building,21,8,48.378463307706134,False,0.9167143148215025,1.0348569751903471,1.0099077085280448,465404.0755831095,303097.09851917817,107793.6100880287,63901.17124058084,935064.9874879307
P069,residential,Residential Building,21,9,54.014213879785544,False,0.9238843583401839,1.0395538303995708,1.0061591365124036,479447.53193585225,311225.9021912025,110184.4532237344,65318.48787464973,974853.2883422028
P069,residential,Residential Building,21,10,59.65111384658787,False,0.9111578010028624,1.0443044926560068,1.0043639173922527,472939.55104000703,312711.9386745317,110206.92501830071,65331.8093877848,936030.2957396546
P069,residential,Residential Building,21,11,65.16792665160085,False,0.9243427821362253,1.0487743531204838,1.0075307212233278,469562.0730378288,307359.96222877206,107859.1031813122,63939.996226269395,966395.1203429282
P069,residential,Residential Building,21,12,70.45352940924566,False,0.8855042977804775,1.0531317549085077,1.0067882317277699,430979.7876964595,295701.96897457703,103338.7199025867,61260.266085206276,893877.3084271833
P069,residential,Residential Building,21,13,75.41536695289307,False,0.855650224411219,1.0579076302890815,1.0102078585239085,390940.36902234744,278847.8358069637,97008.79230538143,57507.81928433218,801306.1178622416
P069,residential,Residential Building,21,14,79.98487819649776,False,0.8770727749172718,1.0624250692268262,1.0058601843224,369043.10001320194,257896.2622915788,89338.42820700284,52960.74780831592,770961.602385192
P069,residential,Residential Building,21,15,84.11942860849189,False,0.8420868317218426,1.0669801259016716,1.0093677162768346,320595.0974073133,234348.19319556156,80834.5171854279,47919.54106182555,684540.5712436484
P069,residential,Residential Building,21,16,87.80107711579423,False,0.8316031397288259,1.071560979283054,1.0034108122458025,281922.76934227993,209573.42047645888,71979.84058215881,42670.396836640146,613920.5389501234
P069,residential,Residential Building,21,17,91.03304591421019,False,0.8511892203439535,1.0762883452327283,1.0045993244731048,253317.3776385753,184787.58287359492,63188.16106835595,37458.59794016534,549960.4230899527
P069,residential,Residential Building,21,18,93.8349550138539,False,0.8435768056335456,1.080786808297046,1.0030959144463318,217645.84518769677,160868.51939259563,54780.07200253679,32474.195443930217,461346.71941925085
P069,residential,Residential Building,21,19,96.23778283787388,False,0.8510320680844516,1.0854497348963974,1.0022518642538847,188295.6498143189,138550.90184411645,46977.6415038772,27848.83363463176,398273.98185444844
P069,residential,Residential Building,21,20,98.27924766273385,True,0.8326513921536751,1.0899158662330932,0.9990732470133287,54782.88093053179,88648.85432146184,11973.792095257064,18928.502062494936,177170.8799728785
P069,residential,Residential Building,21,21,100.0,True,0.8356977487826571,1.0948976866059028,0.9989030016468733,0.0,30025.493124757504,0.0,9971.780975708043,42387.939350570756
P070,residential,Residential Building,20,1,6.991721735293764,False,0.9971999999999999,1.004,1.003,1163054.9178725942,729682.3450262275,247955.53363711343,233947.6127604266,2455999.698893082
P070,residential,Residential Building,20,2,9.728058559127943,False,1.0098303983243935,1.0082852499992532,1.0047807136332803,460947.8690313798,286793.27223960153,97041.88511103274,91559.63178754241,913689.5355149935
P070,residential,Residential Building,20,3,13.383582042040764,False,0.9924467554429073,1.0129087238312047,1.0007719358982516,605188.4224363338,384889.3373513017,129640.0672459778,122316.22261225511,1303537.9309618366
P070,residential,Residential Building,20,4,18.141075886633583,False,0.9839470904787332,1.0175783224080421,1.0000224234700013,780879.097228165,503224.8416214918,168720.51973357474,159188.87647466565,1558099.118363769
P070,residential,Residential Building,20,5,24.12644606931198,False,1.0060622723701844,1.0217205353859542,1.004734581358822,1004499.4323979395,635680.8497854866,212266.12182948,200274.42720676528,2041923.3270149985
P070,residential,Residential Building,20,6,31.343657793078478,False,1.0329113901079658,1.0262894642010818,0.9961299956120283,1243558.8116494017,769937.2058460036,255952.34651645686,241492.6562421027,2464466.7751693935
P070,residential,Residential Building,20,7,39.613834008775335,False,1.003443954384163,1.030955801622082,0.9958604599845886,1384336.5987760427,886279.6968462096,293294.84703096777,276725.5414361891,2877322.5294255596
P070,residential,Residential Building,20,8,48.554916227189395,False,0.9808025280617889,1.0351813523607372,0.9940002750884535,1462869.1518104621,962105.1043766836,317087.9644092436,299174.49802581157,3044931.3802446653
P070,residential,Residential Building,20,9,57.633298850336786,False,0.9898759739823071,1.039641748517278,0.9935122291342269,1499074.0382821006,981088.4976474056,321957.2078392835,303768.65996968007,3188150.923936342
P070,residential,Residential Building,20,10,66.28226981271995,False,0.977292244056859,1.043909085083475,0.9974724984581242,1410011.6727008154,938519.0806145229,306728.48428220657,289400.26306678733,3068492.6001254474
P070,residential,Residential Building,20,11,74.03629945224408,False,0.9675263261147455,1.0485889635897159,0.9979928920225027,1251480.4348118075,845179.0617608528,274990.14261405205,259454.93715562503,2704144.1400400214
P070,residential,Residential Building,20,12,80.61826038336758,False,0.9568979738457268,1.0531760342905399,0.9986484298054599,1050641.9852148534,720563.4982920708,233423.71118932843,220236.7464577081,2114425.60091586
P070,residential,Residential Building,20,13,85.9510385536425,False,0.9595138250193943,1.0581480022259158,0.9931823544143153,853568.8780130454,586564.7025624522,189122.49472172535,178438.26879135869,1720801.5773013453
P070,residential,Residential Building,20,14,90.11100394341868,False,0.9458633730912538,1.0627086439541502,0.9957649765220322,656374.8660184522,459536.40321080165,147529.6754055577,139195.1809511253,1424430.8867289769
P070,residential,Residential Building,20,15,93.26115343747897,False,0.9442893848548185,1.0672587249007568,0.9907553979983128,496215.2288371041,349475.6073620449,111717.40358222146,105406.07619632434,1095810.274423183
P070,residential,Residential Building,20,16,95.59339216150853,False,0.947110414122766,1.0723225631306241,1.0010882121117506,368474.493693876,259964.73371747683,82710.88571313034,78038.24330134268,848844.7031776921
P070,residential,Residential Building,20,17,97.29139512450456,False,0.9486665699503685,1.0769196703570096,0.9982289445022484,268711.25498712744,190080.57784543632,60218.24762872755,56816.297142917974,568240.3209647926
P070,residential,Residential Building,20,18,98.51261598942853,False,0.9387280956732762,1.0815460546839517,0.9961104850820378,191235.20634564757,137295.15868535507,43309.57133526128,40862.85421800813,408695.01886386005
P070,residential,Residential Building,20,19,99.38322804497838,True,0.928512677543758,1.0862957396953659,0.9974227868861683,47196.99796263845,73730.98002455283,9262.657396749057,23305.00208647411,151315.9775646226
P070,residential,Residential Building,20,20,100.0,True,0.9395241975782325,1.091327548590099,0.9988564397637674,0.0,20990.219548205987,0.0,10318.797855363098,31270.977188960835
P071,industrial,Industrial Building,25,1,0.6624802300910841,False,0.9971999999999999,1.004,1.003,52825.539481816515,38204.22263672603,24949.31301468557,9410.78002733951,124560.98802189011
P071,industrial,Industrial Building,25,2,0.9600484472115015,False,1.0056164402246466,1.0084998870203266,1.0031038397402163,23928.06921932085,17237.216197752758,11206.557199659332,4227.068080300044,56275.62939759808
P071,industrial,Industrial Building,25,3,1.3894424849683638,False,0.9985391338632887,1.0127847777859837,1.0096678661403322,34285.44957105769,24979.16444487586,16171.178803573852,6099.703282957379,83052.61145860981
P071,industrial,Industrial Building,25,4,2.0070711498225675,False,0.979012227227541,1.017183197785144,1.0096535417921995,48350.87172812196,36085.38586454417,23260.182245998833,8773.646728632442,122216.60840247631
P071,industrial,Industrial Building,25,5,2.8913503333507093,False,0.9626388242520261,1.0215400217949864,1.0094159015983357,68067.77012590693,51885.91975047188,33302.36456894854,12561.517311685773,171959.63351800566
P071,industrial,Industrial Building,25,6,4.149050711576832,False,0.960095959403751,1.0258297714362101,1.0122763200995586,96556.29260665813,74106.657005985,47365.580118123245,17866.10537519048,234478.82521759797
P071,industrial,Industrial Building,25,7,5.92112846699888,False,0.9694405059939102,1.0305085299689112,1.0139406695915858,137370.24869787222,104891.21038535787,66737.27093759066,25173.02885449966,346748.0477137854
P071,industrial,Industrial Building,25,8,8.385167543315632,False,0.9595717489570221,1.0349755397971487,1.0092614824007382,189066.15530795394,146481.37528771773,92796.85551822584,35002.598828945585,461866.0205926814
P071,industrial,Industrial Building,25,9,11.74912447824112,False,0.9395009876135523,1.0394568467238257,1.0073169315911457,252718.14029498625,200845.27703554046,126688.17985079944,47786.26938297381,641801.9276697492
P071,industrial,Industrial Building,25,10,16.22852002249355,False,0.9348717460761082,1.0441040077330341,1.0072872707685243,334857.628331716,268638.28635135846,168696.1157086547,63631.49299807565,832686.4558574079
P071,industrial,Industrial Building,25,11,21.99912113210461,False,0.9656286587347549,1.0485310054410637,1.0079740000008168,445574.1119915617,347541.81444220414,217323.51672861763,81973.55211732806,1044849.4320007081
P071,industrial,Industrial Building,25,12,29.12437991402828,False,0.9424247412285065,1.0530246197513224,1.0105688815750389,536952.748547832,430966.88345721195,268340.55355343857,101216.9722035833,1326379.9055622465
P071,industrial,Industrial Building,25,13,37.475495880612236,False,0.9259795580306203,1.0573984169763413,1.019637396073728,618350.4233482075,507210.1109455993,314506.9042190058,118630.73307639534,1556147.194818727
P071,industrial,Industrial Building,25,14,46.68581259577442,False,0.9057991046892393,1.0619884389706302,1.0127373168653928,667106.5430873149,561822.4450653992,346864.80328534194,130836.00181789948,1733052.606256777
P071,industrial,Industrial Building,25,15,56.186656448837326,False,0.8976889074774302,1.0669009544182473,1.0177589001572536,681988.0861794179,582225.2232993761,357806.19017284055,134963.0487282356,1761635.475376802
P071,industrial,Industrial Building,25,16,65.33457143737513,False,0.877902320161932,1.0720561814050729,1.0152418032380854,642180.4284224337,563306.0262263465,344514.72529132484,129949.56189725843,1632770.7597338003
P071,industrial,Industrial Building,25,17,73.57652191204939,False,0.8653617500396845,1.076909763793808,1.0154447159065643,570317.1667718318,509816.68773346173,310395.6811147589,117079.99633848957,1579678.9086132844
P071,industrial,Industrial Building,25,18,80.5694518675965,False,0.8446347271687695,1.081593602842314,1.0122904486901814,472298.8197826372,434438.214477604,263356.9885198362,99337.19161581453,1295949.779462831
P071,industrial,Industrial Building,25,19,86.20663900873953,False,0.8356719217951467,1.0866958692846462,1.0069689915089415,376692.53310487577,351864.2960171278,212299.08474008477,80078.35667933829,1043387.4413238456
P071,industrial,Industrial Building,25,20,90.56638188674593,False,0.8182376889212553,1.0916241186346252,1.0112091016019122,285252.2674487172,273362.3702177703,164189.94075034166,61931.78201715892,783339.0624839723
P071,industrial,Industrial Building,25,21,93.8312798964803,False,0.8118057613374998,1.0966084696149874,1.012367628957795,211938.81266881368,205648.68980774638,122957.57474104104,46379.100214181875,600156.7179823759
P071,industrial,Industrial Building,25,22,96.21777037070818,False,0.8052172941696047,1.1013457889753275,1.0079058842666684,153660.25438346463,150969.12321142046,89876.33916243908,33900.9918638809,416742.63907172205
P071,industrial,Industrial Building,25,23,97.93147582708076,False,0.8114101366383577,1.106295725868693,0.9993147222814075,111189.90446216514,108896.05481157418,64538.943056664015,24343.8284631626,303853.78246663377
P071,industrial,Industrial Building,25,24,99.14642968815353,True,0.8078103611925169,1.1106796161720391,1.0025246637728886,27467.934165636056,58131.90865251458,13726.7179312525,13807.100058941338,115559.1137242894
P071,industrial,Industrial Building,25,25,100.0,True,0.8106482277714127,1.1157856133829869,1.0052283934528725,0.0,16411.41567363839,0.0,6062.643138460401,23182.58104568685
P072,industrial,Industrial Building,26,1,1.5049082231968538,False,0.9971999999999999,1.004,1.003,498476.76248259534,451290.8592667929,225298.05664231163,70395.93585827519,1249643.5708766673
P072,industrial,Industrial Building,26,2,2.1426189982362764,False,0.963452060735796,1.008465411769114,1.0061420883749348,204082.84389029784,192086.822067724,95470.93709876717,29830.554530722304,508636.16655485705
P072,industrial,Industrial Building,26,3,3.042284265880553,False,0.9560828714657001,1.0127889261468477,1.003874065068163,285712.4232838385,272152.7378272661,134687.83896885306,42084.14672654761,755228.2265309453
P072,industrial,Industrial Building,26,4,4.303236524403021,False,0.9544635876349148,1.0172766006723315,1.0008308028754824,399770.4059922666,383133.8360235518,188775.69341760752,58984.27089642104,1045933.9437518904
P072,industrial,Industrial Building,26,5,6.054460679253138,False,0.9412171730129839,1.0218240575655637,0.996631095181563,547500.1138912558,534479.0308912627,262173.72777369426,81917.99431889017,1453844.7038276263
P072,industrial,Industrial Building,26,6,8.455916725358978,False,0.9214598778454427,1.0260080984170192,0.9905895786376515,735027.6974403672,735932.9361651697,359519.18659215316,112334.25612428223,1873076.0445586264
P072,industrial,Industrial Building,26,7,11.692368053035999,False,0.9319826261747358,1.0307016907801165,0.9944461094821216,1001911.8864477534,996356.7735851386,484525.3572966099,151393.29864754065,2457153.0012496137
P072,industrial,Industrial Building,26,8,15.953591040079917,False,0.9237363484166243,1.0353362669753583,0.9916371300772504,1307479.6158742153,1317736.2627082532,637942.7284018234,199329.61721514413,3636466.8447140064
P072,industrial,Industrial Building,26,9,21.395002188932477,False,0.9129004624777457,1.039965694318842,0.9917338631573674,1650013.8956659927,1690220.4987205458,814627.3230031566,254535.94066979983,4695604.835479865
P072,industrial,Industrial Building,26,10,28.078310227816512,False,0.8978987794536044,1.0444184891654575,0.9920378583130147,1993294.6092152062,2084869.3226000902,1000550.2594064499,312628.84790870943,5594581.732820471
P072,industrial,Industrial Building,26,11,35.90553876444329,False,0.9002620730443245,1.0486604315528776,0.9918971075099886,2340612.9366930015,2451634.3901347346,1171805.2642779564,366138.6585036717,6332107.9622029625
P072,industrial,Industrial Building,26,12,44.5775706647051,False,0.9036562546460052,1.0537061771948184,0.9912551625763869,2603015.5236486373,2729312.107819839,1298279.7915202477,405656.49918167223,7014344.4729375625
P072,industrial,Industrial Building,26,13,53.61420509845553,False,0.896360522864852,1.0580554753740934,0.9892054039413045,2690556.197135538,2855801.1344447634,1352864.0119900852,422711.71634747804,7388244.599806712
P072,industrial,Industrial Building,26,14,62.44868620087362,False,0.872219976489933,1.063037773599259,0.990640054173897,2559526.955592837,2805062.5626639538,1322599.8722964409,413255.4766069726,7438404.960575107
P072,industrial,Industrial Building,26,15,70.56286986586142,False,0.8603335363798523,1.0678452185456353,0.9792349217010543,2318805.4825735604,2588010.0003279336,1214764.9821974635,379561.719457777,6509808.717027204
P072,industrial,Industrial Building,26,16,77.5991997733104,False,0.857058579435569,1.0724240603725852,0.9766091412248117,2003130.911631993,2253852.8160317256,1053400.7520238431,329142.3498173342,5524724.719516312
P072,industrial,Industrial Building,26,17,83.40309477988829,False,0.8301004369378283,1.0770501188031707,0.9669451798790855,1600305.221637309,1867102.968239548,868894.358993061,271492.0513513448,4503408.437367038
P072,industrial,Industrial Building,26,18,87.99605775082318,False,0.8300487189652127,1.0815261977154174,0.9689812730635999,1266336.603076901,1483688.7268312194,687607.1348613864,214847.60447021085,3715945.038242715
P072,industrial,Industrial Building,26,19,91.51296426887956,False,0.8101805931231653,1.0864211098324117,0.9697836579613515,946444.8078474033,1141226.4515612999,526511.9770743214,164512.3083577313,2711548.0302179186
P072,industrial,Industrial Building,26,20,94.1385893859935,False,0.8016784846070392,1.0911899044291251,0.9644376186169444,699174.4974183004,855747.9482962505,393079.27702089056,122820.33846528557,2069851.7129156524
P072,industrial,Industrial Building,26,21,96.06198705004874,False,0.7905363657076502,1.09598757343173,0.9606722645483744,505060.69215268147,629633.059974056,287949.6232278364,89971.85110807752,1455684.7387357478
P072,industrial,Industrial Building,26,22,97.45148296277432,False,0.7790411744934216,1.1007917583824745,0.956602373923788,359559.1276030964,456851.70702127507,208019.81411497758,64997.229492028164,1084432.7776130813
P072,industrial,Industrial Building,26,23,98.44521142079608,False,0.7727994938416511,1.1056637840321624,0.9538736761823585,255086.33179753792,328173.584518684,148769.92960199754,46484.193330301074,754894.720892204
P072,industrial,Industrial Building,26,24,99.15078589213158,False,0.7480677311415742,1.110720981355553,0.9517877866935638,175321.9986005767,234078.02460232738,105630.73199947464,33005.05270803643,524095.1283638499
P072,industrial,Industrial Building,26,25,99.64919904969426,True,0.7517841716374324,1.1154809012873115,0.9514082910625301,43561.55289147582,124544.8316772104,22385.055926923873,18651.64141168412,203756.4151530356
P072,industrial,Industrial Building,26,26,100.0,True,0.732615211950039,1.1203331442496383,0.9466635307696984,0.0,35216.16089251872,0.0,8204.806384898931,42456.71501702069
P073,industrial,Industrial Building,29,1,0.6992950578951823,False,0.9971999999999999,1.004,1.003,77532.76761158329,49489.969335716436,34322.033465069224,11668.9465099864,170986.04140765636
P073,industrial,Industrial Building,29,2,1.0200238814955696,False,0.9894942883585782,1.0085685335826025,1.0046887992543425,35285.30217863985,22801.65754103355,15741.660537338985,5351.914681148449,79979.29139009639
P073,industrial,Industrial Building,29,3,1.4856602410697872,False,0.9554623420245452,1.0133455626771934,1.0074715131960321,49465.57000532059,33260.400027131574,22853.85337051073,7769.9473371521635,117669.06712903752
P073,industrial,Industrial Building,29,4,2.1592361362276327,False,0.9501038861542097,1.017719576820556,1.0085525476426196,71154.14253702044,48321.19639634855,33059.71371291567,11239.777833795628,170752.9472627195
P073,industrial,Industrial Building,29,5,3.1285356533852076,False,0.9436577544829716,1.022056981288047,1.0054019268184273,101698.62179899745,69832.26336930049,47574.09635596815,16174.437514132627,239340.86854622324
P073,industrial,Industrial Building,29,6,4.512959836344931,False,0.9397560320695415,1.0264342283590095,0.9989672771859609,144652.80412182782,100166.68838740722,67948.79014362628,23101.509950196272,333334.3891033002
P073,industrial,Industrial Building,29,7,6.4692408521539555,False,0.914656782469887,1.03073303628422,1.0049081169496936,198944.50936881918,142134.80870668442,96016.04034464825,32643.929446158087,462463.7297117219
P073,industrial,Industrial Building,29,8,9.192181853134903,False,0.9065265220952126,1.0357208834025478,1.0057425048297692,274448.77973105496,198794.32272906465,133644.40532494866,45436.97618274617,647621.4846275122
P073,industrial,Industrial Building,29,9,12.903669193479697,False,0.9009784153706277,1.0404583591398366,0.9989870189185371,371796.18428482703,272204.75048417016,182163.15311009774,61932.5801862977,907255.6405099485
P073,industrial,Industrial Building,29,10,17.820716538052952,False,0.8932976956046338,1.045073460912211,1.0026857884712905,488363.4596293866,362221.4978448515,241333.12770396986,82049.43221477221,1175151.1317181017
P073,industrial,Industrial Building,29,11,24.095074545402497,False,0.8808669693694419,1.0497607202085644,1.004537709267502,614500.4122703118,464282.833966482,307951.16177176655,104698.50622516617,1461389.9755976389
P073,industrial,Industrial Building,29,12,31.72905682443276,False,0.8847235196228075,1.054276349694845,1.0044269424569643,750933.1526988067,567320.6928622517,374682.7498556346,127386.18679833502,1772321.428926967
P073,industrial,Industrial Building,29,13,40.49694461428292,False,0.854115710138394,1.0588884167570498,1.0107686707101875,832634.2114089242,654437.5251587535,430335.8571516111,146307.35977639342,1960680.9241924584
P073,industrial,Industrial Building,29,14,49.924561658621144,False,0.8538330179393321,1.063748603803426,1.0095194428530823,894988.4609157848,706909.7129325988,462715.9652258469,157316.08248189336,2182358.7356005856
P073,industrial,Industrial Building,29,15,59.36933942153946,False,0.8274989056883864,1.0687314279044247,1.0125896278527824,868963.8897916604,711513.8152348888,463558.2288036318,157602.43872726223,2134477.6950706574
P073,industrial,Industrial Building,29,16,68.18409828461381,False,0.824583190551742,1.0734606837454124,1.0062376306473149,808141.6156285894,666990.413391182,432636.33178757736,147089.4846321946,1996846.9909834492
P073,industrial,Industrial Building,29,17,75.88327203051946,False,0.8154609848389747,1.077804857625141,1.013707343609863,698055.359371036,584934.5440548633,377882.4059699923,128474.0190821299,1623954.2127998276
P073,industrial,Industrial Building,29,18,82.22827849437961,False,0.8115973215020511,1.0821179622892023,1.0101116813650204,572552.3901003695,483982.53261723975,311418.6518694527,105877.39781138254,1498442.9814147837
P073,industrial,Industrial Building,29,19,87.21149313299277,False,0.7945872740322079,1.0867937684750184,1.0122302610019582,440244.3153592174,381750.6156774709,244580.67829751468,83153.5478611577,1133224.2624426058
P073,industrial,Industrial Building,29,20,90.97922945268363,False,0.7792808977372969,1.0914321332476886,1.0117898269392676,326450.3137219859,289867.98424214654,184923.9038542861,62871.191611932656,857875.4564364929
P073,industrial,Industrial Building,29,21,93.74689444964824,False,0.7696037850646632,1.0962316610172549,1.0144117577867322,236822.67057268927,213864.58591945877,135839.49946941988,46183.27334437233,602537.0956687541
P073,industrial,Industrial Building,29,22,95.73711616301897,False,0.7498839441622933,1.100968402031236,1.0175977536883574,165935.0280550193,154454.05969675953,97681.88045661277,33210.288638730024,470893.79876772565
P073,industrial,Industrial Building,29,23,97.14647462414818,False,0.7382388490365906,1.1053173882708787,1.0154558288074194,115680.7034533768,109807.36806895888,69172.58705181065,23517.58147099424,314170.71146114136
P073,industrial,Industrial Building,29,24,98.13368356168981,False,0.723138662783361,1.11035743432749,1.0155799882793337,79373.07731869131,77267.15045915589,48453.106894969555,16473.287142950827,221836.5419452492
P073,industrial,Industrial Building,29,25,98.81992415056891,False,0.7068035772829784,1.1151880293438186,1.0191495811839129,53928.4202510652,53944.54240737913,33681.30832711746,11451.110134703682,154316.00564953772
P073,industrial,Industrial Building,29,26,99.29442063451712,False,0.6987377047489681,1.1199559911235746,1.0180137167480279,36862.920157143744,37459.06810074653,23288.716282575886,7917.793823731394,105133.85837099126
P073,industrial,Industrial Building,29,27,99.62130229013592,False,0.7004984948345766,1.1251946348531419,1.024876752484353,25458.939757915527,25926.3401477917,16043.647093738116,5454.585316236047,70399.96251219377
P073,industrial,Industrial Building,29,28,99.84592097591624,True,0.6965519556746044,1.1301237683956207,1.02496464805394,6088.4956514648775,13420.112829999289,3307.3464326075464,2998.520753060433,24900.764215428797
P073,industrial,Industrial Building,29,29,100.0,True,0.680352846741652,1.1354840259893373,1.0302143852078431,0.0,3699.7196449334515,0.0,1285.5373922960819,4974.359522999595
P074,industrial,Industrial Building,34,1,0.5486504917293011,False,0.9971999999999999,1.004,1.003,42937.36404073779,30315.93991657718,18979.02288759748,8946.303941564916,98422.83550580376
P074,industrial,Industrial Building,34,2,0.7852177477760262,False,1.0093457527640513,1.0084315960688681,1.0022376983182442,18739.238085219848,13129.331959096091,8183.379828596162,3857.469567821377,44018.53306160276
P074,industrial,Industrial Building,34,3,1.122638101336229,False,1.0008403891407398,1.012864057465491,1.0119632446827327,26502.90231717459,18808.925586231424,11672.109493196174,5501.981834565184,63445.136035645766
P074,industrial,Industrial Building,34,4,1.6027138970926613,False,1.004447422466202,1.0172026012266766,1.005025506044027,37843.76663579442,26875.640592140746,16606.87387105881,7828.123821211751,87213.52844362023
P074,industrial,Industrial Building,34,5,2.283350394461955,False,1.0109939026032988,1.021831840533937,1.0062114485407858,54003.400351530225,38276.85232911941,23544.70807269327,11098.469920249692,123825.35996880422
P074,industrial,Industrial Building,34,6,3.2435215558087864,False,0.9962621671236129,1.0261676812356404,0.998311713830285,75072.28465501813,54226.12146098983,33214.424705562225,15656.566748458023,180992.55547735092
P074,industrial,Industrial Building,34,7,4.588518167636474,False,0.9736727333968143,1.030660150922178,0.9991006436128276,102775.95836724206,76291.86425214476,46526.38039047522,21931.536873063334,246897.70258786643
P074,industrial,Industrial Building,34,8,6.454090494557457,False,0.9710269639484475,1.0349527490512522,1.0019614641041195,142167.62797221646,106261.0652992474,64534.235227790836,30420.05304506735,365676.000059104
P074,industrial,Industrial Building,34,9,9.006647418603073,False,0.9702052323751691,1.0395605538751658,1.0040203835073385,194355.2986094045,146038.30373821035,88298.53798301062,41622.03518433215,461898.4080383254
P074,industrial,Industrial Building,34,10,12.434709387339009,False,0.9487982666859931,1.0438542517838436,1.0060207405858315,255258.30630785317,196938.25279345,118584.17616591221,55898.03484212063,650026.0101191299
P074,industrial,Industrial Building,34,11,16.925174067684377,False,0.9468870380780106,1.0484383485841315,1.0043067798579495,333692.7668630504,259104.96470840625,155335.01423757372,73221.59093052048,826795.5713659452
P074,industrial,Industrial Building,34,12,22.61895616704142,False,0.9494684627102897,1.0532333094724668,1.0031857801534403,424266.4823439866,330040.3054680776,196960.4008557184,92842.90455538707,1066014.682701121
P074,industrial,Industrial Building,34,13,29.547898274129412,False,0.9475967151491326,1.0577425345380636,0.9928176486153715,515285.37448546785,403355.93689404975,239687.29240134172,112983.44395561193,1281353.5672836124
P074,industrial,Industrial Building,34,14,37.57047074959407,False,0.9540389438584127,1.0623098776833872,0.9879608170885976,600671.5861050187,469036.26296224043,277518.36355662503,130816.19872884659,1450091.3512992428
P074,industrial,Industrial Building,34,15,46.34098238117013,False,0.9332308737318401,1.0669349054530466,0.9841149799979393,642349.4601299273,514996.65060777206,303391.21809034963,143012.10690944403,1490224.5530467255
P074,industrial,Industrial Building,34,16,55.34730276537147,False,0.9622464325059277,1.0715535267180982,0.9909606978249139,680128.6011696947,531132.4236017872,311548.3596233221,146857.2083080004,1677337.7710313196
P074,industrial,Industrial Building,34,17,64.02037603888239,False,0.9518943853116962,1.0765138934245402,0.9913007941441814,647916.6154052272,513847.45129491575,300020.6117467385,141423.27544030565,1667444.722389946
P074,industrial,Industrial Building,34,18,71.8709737205928,False,0.9429247716659649,1.0815181402398903,0.9882514655185697,580947.7895772058,467280.9562989191,271569.37855441705,128011.97491349185,1375231.0347216215
P074,industrial,Industrial Building,34,19,78.58861442292473,False,0.9602749379443181,1.0859249790263854,0.9849523468557674,506255.4396008007,401474.6672116639,232377.91373951547,109537.95977447322,1295862.3290781346
P074,industrial,Industrial Building,34,20,84.0657699951915,False,0.9482966071469828,1.0905561204177838,0.9855192876048419,407621.05631653976,328734.0181981634,189466.81454223738,89310.58884188625,1005805.3739557221
P074,industrial,Industrial Building,34,21,88.35832176955178,False,0.933234794360307,1.0955824302574277,0.9827612865658295,314386.4365652555,258822.57465434348,148488.7730894017,69994.41983053616,770442.0581905848
P074,industrial,Industrial Building,34,22,91.6193627177511,False,0.9367493002874292,1.100553591711077,0.9828721921361071,239738.0487127277,197519.05528460938,112806.55303559656,53174.58733432521,628522.3296586116
P074,industrial,Industrial Building,34,23,94.03865214872069,False,0.918775420654138,1.1049479359676968,0.9895272173176424,174443.3961304782,147119.82350685095,83688.52333909695,39448.97325043942,434705.5653379087
P074,industrial,Industrial Building,34,24,95.80204046682759,False,0.909839030983417,1.1101661054584095,0.9913903498089587,125912.79359661037,107740.12503306313,60999.466424583996,28753.83891676703,315111.54692412895
P074,industrial,Industrial Building,34,25,97.0708695431384,False,0.9054650659134806,1.1150649023885375,0.9967663157822454,90163.78987943406,77865.45409280775,43891.578414246935,20689.54778622905,238655.08131182956
P074,industrial,Industrial Building,34,26,97.97538917891141,False,0.9196443175570759,1.1200729737499455,0.9941907247663209,65282.26702158249,55757.83078473606,31289.31647451686,14749.112057173841,172552.82294445237
P074,industrial,Industrial Building,34,27,98.61593294010825,False,0.9081685133479738,1.124877663083948,0.9902311937188671,45653.3428170136,39654.78966496006,22157.812464443683,10444.717104833126,122585.27395965047
P074,industrial,Industrial Building,34,28,99.06740954874688,False,0.8998690368419029,1.1299099798861556,0.9859842565458891,31883.93384551032,28075.057261784907,15617.56531295516,7361.785005709801,83992.47932955417
P074,industrial,Industrial Building,34,29,99.38457054295252,False,0.9060567012685385,1.1349966601611587,0.9877400174127731,22552.385366451937,19811.43373774896,10971.293854324693,5171.632387732311,56265.713846769984
P074,industrial,Industrial Building,34,30,99.60685588939627,False,0.9123748739284312,1.1400999059899506,0.9855361454143092,15916.27694217986,13947.46550246281,7689.337276335107,3624.5885149468277,40959.1099249057
P074,industrial,Industrial Building,34,31,99.76239204531215,False,0.8895749674426436,1.1452864473839894,0.988055986534663,10858.535390938583,9803.63276908535,5380.336493770759,2536.175116402956,28224.40499070754
P074,industrial,Industrial Building,34,32,99.87109831529189,True,0.8929223433861267,1.150401447878393,0.988099925210427,3047.092319058661,5505.9917057131415,1378.808973884625,1477.1385217803238,11610.742977182503
P074,industrial,Industrial Building,34,33,99.94701377071324,True,0.8874120452275045,1.1554624486219947,0.9875286169349915,1586.112955033788,3379.291296148794,612.7524604332159,949.040309565529,6862.502962488921
P074,industrial,Industrial Building,34,34,100.0,True,0.896233804646877,1.160465812350233,0.9830700983746351,0.0,1015.2153410449547,0.0,431.9971630961792,1465.7161982370055
P075,commercial,Commercial Building,21,1,2.381639438364768,False,0.9971999999999999,1.004,1.003,374834.8741764427,296330.3438766879,126309.69351525092,59342.74703212046,865033.5052445792
P075,commercial,Commercial Building,21,2,3.4285285004093646,False,1.0130318944193732,1.0084373890848022,1.0047918732695955,167380.74186782577,130832.60855051849,55521.51784239519,26085.087347336474,358892.1262992036
P075,commercial,Commercial Building,21,3,4.912974223564056,False,0.9801154681854071,1.0130928802634835,1.0053851085415186,229627.1698907488,186371.70783609303,78727.23356497294,36987.58326431025,560618.6676386414
P075,commercial,Commercial Building,21,4,6.994681709400267,False,0.955962198608449,1.0179809072126267,1.011999771752316,314081.3366540339,262618.7533753065,110402.8721933282,51869.41345398122,762347.9707488429
P075,commercial,Commercial Building,21,5,9.86908121535417,False,0.933213104408654,1.0222542338500855,1.0113847416558448,423359.84679841285,364143.4029018725,152443.10905714004,71620.73318209365,1048948.0808845542
P075,commercial,Commercial Building,21,6,13.754267256813923,False,0.9272063285216754,1.026930052541426,1.0168969569010853,568551.6367212975,494446.24385275657,206049.9378039574,96806.26240778594,1407838.2847814823
P075,commercial,Commercial Building,21,7,18.85700102316294,False,0.923677398257645,1.0316096834676047,1.0119819672632995,743883.5136886466,652356.0864702458,270622.2981258643,127143.61132540625,1787848.577221433
P075,commercial,Commercial Building,21,8,25.311818912811578,False,0.9113509671584719,1.0362030028756335,1.0158664174778018,928434.6919285718,828886.8301705323,342329.76503700623,160833.17188718726,2201145.5838863114
P075,commercial,Commercial Building,21,9,33.099965068216314,False,0.8821412696326745,1.0405684526372108,1.0131991446980966,1084311.192263794,1004317.7700002872,413042.51940695615,194055.397179134,2703546.382157709
P075,commercial,Commercial Building,21,10,41.97828052642641,False,0.8741190221910584,1.0451434895168077,1.0163199233207805,1224849.8418220289,1149933.9352155507,470859.39474876854,221218.8880570732,3122058.6919653914
P075,commercial,Commercial Building,21,11,51.467521607910214,False,0.8612155204857801,1.0498154871513334,1.0151245232190382,1289807.9082915008,1234556.1706377391,503259.6930446761,236441.17743193524,3233654.0469200597
P075,commercial,Commercial Building,21,12,60.93589089838889,False,0.865926143653056,1.0543626321351909,1.00467333833012,1294010.3416616307,1237176.3023151632,502152.76246462873,235921.1199480974,3182244.561624496
P075,commercial,Commercial Building,21,13,69.75704004439811,False,0.8602191957158565,1.0593367773054627,1.0056067672612734,1197611.6218356937,1158045.4752716762,467827.592681178,219794.488566097,3080593.0314724417
P075,commercial,Commercial Building,21,14,77.46526142631484,False,0.8527260065139819,1.0637494175853253,1.0063151995180026,1037397.9720998582,1016154.8945369769,408803.727639854,192063.93048678068,2729814.4151414363
P075,commercial,Commercial Building,21,15,83.83285887480648,False,0.8351631217947978,1.0685023394300832,1.0024871574905885,839322.0181044987,843174.5242909003,337704.04923244665,158659.92076771308,2117031.6024247417
P075,commercial,Commercial Building,21,16,88.85324463320921,False,0.8260223081706011,1.0734116983922275,1.0002136985798302,654501.3888213121,667835.9779404645,266254.99068304396,125091.76547274024,1701190.7404019511
P075,commercial,Commercial Building,21,17,92.66782684210749,False,0.7969183400902556,1.0782231023450124,1.0010612632751827,479780.40615993703,509708.6580467578,202305.4799703372,95047.04339767777,1238483.6519357208
P075,commercial,Commercial Building,21,18,95.48560487633576,False,0.7846480023221225,1.0828055805110455,0.9994052449138168,348950.1262986629,378114.7885550685,149440.20247739443,70209.90935247666,929793.9126264468
P075,commercial,Commercial Building,21,19,97.52398141541076,False,0.7810339412863065,1.0872737803094066,1.000916295787422,251267.33100575264,274656.4017472427,108104.82551297444,50789.746493948805,700082.8984977592
P075,commercial,Commercial Building,21,20,98.97633738973569,True,0.783471763479165,1.0921114717247098,1.007782563981293,62855.91836144239,147423.83579286328,23107.60836048056,28950.40846119994,255174.250759431
P075,commercial,Commercial Building,21,21,100.0,True,0.7765079987018364,1.0970087059881328,1.0053570472488909,0.0,41749.81626528736,0.0,12753.17966872093,54774.14917181631
P076,industrial,Industrial Building,33,1,0.8067798187454475,False,0.9971999999999999,1.004,1.003,71685.03790743703,62299.72449602355,37361.82965896422,14998.24019248915,194766.94711735583
P076,industrial,Industrial Building,33,2,1.066278154153572,False,0.9945243627101732,1.0082701332210375,0.9967054057425357,22995.41364831565,20123.747825298993,12017.321676909902,4824.139466024692,59110.02559636159
P076,industrial,Industrial Building,33,3,1.4080765264380786,False,0.9796801049487557,1.0124536150613213,1.0023573783572233,29836.336888600636,26615.983149758267,15828.621720933497,6354.117896623187,79661.77443983364
P076,industrial,Industrial Building,33,4,1.857413638985819,False,0.973841694088186,1.0167146435443353,1.0002423725702585,38989.87816507581,35137.329897726886,20808.721621922992,8353.290185010055,99591.92728397998
P076,industrial,Industrial Building,33,5,2.4466366336813836,False,0.9749530276208193,1.0214282698655406,0.9963284357876986,51186.4019511859,46289.76200788149,27286.811900170247,10953.803994656142,143483.64439223128
P076,industrial,Industrial Building,33,6,3.216745072532903,False,0.9910208695705216,1.0254707908780716,0.9963096861515857,68002.6608023547,60739.689059861645,35663.58458996059,14316.509996641646,182627.03386398553
P076,industrial,Industrial Building,33,7,4.218933154794477,False,0.9856268609592989,1.0297946250621275,1.0010759715390576,88014.24907974005,79377.46807409219,46411.15152573618,18630.929067093715,233620.71245390864
P076,industrial,Industrial Building,33,8,5.515838626687593,False,0.972730171687739,1.0341117690218853,0.9979057867175166,112406.63134675997,103150.94017354232,60059.461328614976,24109.799628668756,310918.25149117294
P076,industrial,Industrial Building,33,9,7.181990999682701,False,0.9689070085204755,1.0384945251354056,1.0029219626317007,143842.76967820886,133081.07937378326,77159.21952847377,30974.192594858356,396931.7123329244
P076,industrial,Industrial Building,33,10,9.302670156613702,False,0.9460633386251808,1.0432813465562696,1.007355567798323,178766.61001220337,170166.39474250356,98208.27390771794,39423.960079115495,469463.1572384998
P076,industrial,Industrial Building,33,11,11.97009261421133,False,0.9244458476043417,1.0477407913313428,1.0055128763355234,219717.4260651845,214952.76852361712,123527.8587461824,49588.05585407397,611704.3824157389
P076,industrial,Industrial Building,33,12,15.275682637123595,False,0.9357397317690483,1.0525029371220158,1.0038908496798722,275610.1976756258,267589.88493677805,153081.28499107494,61451.751753815915,747007.0062546113
P076,industrial,Industrial Building,33,13,19.29743407330853,False,0.9131891027764714,1.0573115474585486,1.0040452847129162,327240.5917623398,327051.08050768526,186246.592438433,74765.37294671912,937423.0856987806
P076,industrial,Industrial Building,33,14,24.08239581794056,False,0.9032372621753467,1.0618847928117352,0.9999568590376148,385098.24469250406,390798.83342714835,221590.7258384319,88953.64496035631,1058597.8707479723
P076,industrial,Industrial Building,33,15,29.626375160144814,False,0.9011619673003799,1.0667594535551048,1.0087207907987303,445159.536153706,454868.11066139484,256740.69554484703,103063.97342198835,1221276.8953045083
P076,industrial,Industrial Building,33,16,35.85575765776747,False,0.884918351514484,1.0711924324806892,1.0069731084451796,491178.5846834861,513227.4558554258,288481.59355129383,115805.79084826016,1356115.9304616465
P076,industrial,Industrial Building,33,17,42.61861069235927,False,0.8915239208707911,1.0756588902977458,1.0117653259790746,537222.475322011,559502.3411178568,313186.5190677885,125723.14260046589,1664843.3163942057
P076,industrial,Industrial Building,33,18,49.69188875772943,False,0.9030945447585101,1.0803256229034095,1.006463303780656,569174.1579896868,587723.1471068945,327562.24693348445,131494.02217032752,1619186.3176953737
P076,industrial,Industrial Building,33,19,56.807108340316184,False,0.8874160718222096,1.0850351150792978,1.0126794830714707,562609.188384744,593785.3634382952,329504.5511228993,132273.7255474273,1589086.868479977
P076,industrial,Industrial Building,33,20,63.689418984348,False,0.8912749594095658,1.0901062639179908,1.0110165416621417,546559.1884281315,577032.7914157886,318718.57967672317,127943.88967119461,1589496.2133761826
P076,industrial,Industrial Building,33,21,70.09864184849337,False,0.882511063395215,1.0951430299171294,1.0012977975235384,503984.00714502897,539850.6194662313,296809.9688820945,119149.06859361488,1480595.699002779
P076,industrial,Industrial Building,33,22,75.85985977210782,False,0.8844583535008265,1.0999627811918746,1.010924529770998,454028.29057689116,487404.6642711938,266800.97554369963,107102.49340893132,1323720.8740594182
P076,industrial,Industrial Building,33,23,80.87623243525643,False,0.8856128665278429,1.1044164494077997,1.0110961580782227,395844.79015228886,426108.3515597602,232307.32424353974,93255.63226647554,1154681.289683044
P076,industrial,Industrial Building,33,24,85.12434196680876,False,0.8596319148436397,1.1093563727563622,1.018688597144069,325386.447286349,362463.4132083907,196729.1955037841,78973.42699684878,963101.7238441934
P076,industrial,Industrial Building,33,25,88.6379952159033,False,0.8682687803878164,1.1146252473952243,1.012180578024238,271834.33397936536,301220.94282716693,162716.65592413174,65319.69957427394,801597.3296610131
P076,industrial,Industrial Building,33,26,91.48791776124014,False,0.8617943117691114,1.1191951810943277,1.009283751952488,218840.6034330021,245321.87529032212,131979.40529262632,52980.778487269614,634977.2805945647
P076,industrial,Industrial Building,33,27,93.76306285869241,False,0.8598467710803159,1.1239648254865833,1.0039077106578471,174309.63246280077,196679.55025628314,105361.56409145292,42295.52084906538,542154.0053635811
P076,industrial,Industrial Building,33,28,95.55643103049265,False,0.8730658847844247,1.1291508224500988,0.9974607715025479,139510.75839238957,155746.6809138424,83050.56050459937,33339.16636146256,401432.4580523109
P076,industrial,Industrial Building,33,29,96.9559419242024,False,0.8753473745704428,1.134217198927581,0.9993740150124455,109156.08234043057,122087.13410991209,64811.10013133144,26017.260283610056,303471.8550406154
P076,industrial,Industrial Building,33,30,98.03957427131002,False,0.883862749646499,1.139508119524033,1.0020130134741936,85341.05647865354,94972.25981009261,50182.82091951074,20144.998479936785,249641.7549206601
P076,industrial,Industrial Building,33,31,98.87354695550911,True,0.8718970541686216,1.1446488051885861,1.0066553257170048,25916.01670110636,58736.95922986452,14161.07968478979,12919.802013064855,105313.11733434173
P076,industrial,Industrial Building,33,32,99.51238641244424,True,0.867425568694113,1.1494930164557433,0.9945000803512669,14812.77511344944,39536.06993604175,6903.059666095558,9105.076342984863,70551.70618934318
P076,industrial,Industrial Building,33,33,100.0,True,0.8627237729745854,1.1546468407299715,0.9891450226515172,0.0,12991.030803911175,0.0,4532.429751809441,17073.401199090764
P077,commercial,Commercial Building,29,1,2.3042417215090825,False,0.9971999999999999,1.004,1.003,247254.47527048236,188790.85911292132,75031.62206913951,40873.3601877782,545056.0100688069
P077,commercial,Commercial Building,29,2,3.098662654448881,False,0.9656476420112274,1.0082662404535905,1.0100652476716914,82547.36580606448,65364.9780111584,25868.245786780946,14091.686922278996,186582.87696482282
P077,commercial,Commercial Building,29,3,4.155422893580166,False,0.9484723217535089,1.0128201516320485,0.999437754021201,107853.68340131985,87342.98141585656,34410.64109726456,18745.143568465406,239267.09471384308
P077,commercial,Commercial Building,29,4,5.552108699657536,False,0.9523088081442443,1.0172788463403166,0.9943150578774488,143123.31151958372,115946.5811668802,45479.43063989682,24774.84956898116,329757.5697542438
P077,commercial,Commercial Building,29,5,7.382396872256473,False,0.976632553185625,1.0220404499249873,0.9936529546295836,192346.6047775826,152653.50201377503,59598.560846350934,32466.22393290948,446765.0629039012
P077,commercial,Commercial Building,29,6,9.754294708710413,False,0.9832354684444493,1.0267277596018298,1.0008299259174858,250950.09868930405,198733.23277907702,77234.66700137178,42073.46551059814,555696.4173467255
P077,commercial,Commercial Building,29,7,12.784032545769472,False,0.9797334671759708,1.0313077710626926,1.0032877465687382,319408.7796830814,254983.77998965865,98655.51093741515,53742.437146547825,722262.0505779876
P077,commercial,Commercial Building,29,8,16.583514039376208,False,0.973882865014583,1.0356037146523922,1.0034353324403686,398166.6796412343,321097.66480741336,123720.20557820918,67396.39082364972,894992.8857114622
P077,commercial,Commercial Building,29,9,21.239880162826093,False,0.9546255074544787,1.0399518646446058,0.9975706054097575,478315.0111499297,395166.00188731565,151622.41874581866,82596.07833387004,1136514.1000173867
P077,commercial,Commercial Building,29,10,26.788058137204864,False,0.9405512197084833,1.0447727827341127,0.9988263103898931,561521.8887131725,473033.0098449455,180661.945775931,98415.31581337925,1338044.915022935
P077,commercial,Commercial Building,29,11,33.18146734508031,False,0.9363563957504131,1.049272327555403,1.0034107946792974,644180.4475179788,547444.2967363456,208184.6964842296,113408.2917352127,1536771.7328255111
P077,commercial,Commercial Building,29,12,40.27109250597534,False,0.941700489184246,1.0538148767963955,1.0013815201293739,718405.9578122441,609686.8293319383,230855.15322401113,125757.98801517159,1701812.1622539908
P077,commercial,Commercial Building,29,13,47.805397838722044,False,0.9037358944145344,1.058649499482933,0.9969598869438608,732687.1982283182,650900.5326221625,245335.003269502,133645.86395405242,1740977.7215314778
P077,commercial,Commercial Building,29,14,55.45888854578048,False,0.9133155518638777,1.0633217947798972,0.9974564957251278,752166.9857341296,664115.3049811658,249215.9641418143,135760.01139261536,1823834.2994897119
P077,commercial,Commercial Building,29,15,62.88513218780356,False,0.9188996825334426,1.0680175287413265,0.9954544409583658,734295.9795685236,647242.1446097151,241816.2561420445,131729.03189332807,1715012.4843066393
P077,commercial,Commercial Building,29,16,69.77721093906096,False,0.9158973153789121,1.072727169189406,0.9964453733025442,679251.9166675016,603335.2857301907,224422.56960629128,122253.8480286631,1770733.2185043844
P077,commercial,Commercial Building,29,17,75.91433093268473,False,0.9055391321121395,1.0775279670355546,0.99048274840084,598006.208386833,539650.2465941737,199839.30663878657,108862.15351170606,1414630.5462943448
P077,commercial,Commercial Building,29,18,81.18110333126124,False,0.9045957450111419,1.0820309656662903,0.9878543409560141,512664.1476580201,465054.07546411525,171498.70712147417,93423.65571485352,1264222.2392944566
P077,commercial,Commercial Building,29,19,85.55963290788654,False,0.8831713472875824,1.086579696729395,0.9802894973571682,416109.00437504775,388247.8751498326,142575.39621179196,77667.72678737841,998675.4447994726
P077,commercial,Commercial Building,29,20,89.10459870854798,False,0.8734095344936719,1.0914226719592424,0.9853956283365123,333168.4233499829,315736.096164179,115432.56582866536,62881.71187565219,856915.5286074493
P077,commercial,Commercial Building,29,21,91.91366383599485,False,0.882972957056653,1.09607161630186,0.9853556912298626,266896.6152863609,251258.03205443124,91469.87967571247,49828.07561954397,643072.0600799286
P077,commercial,Commercial Building,29,22,94.10192312994685,False,0.8672618490424967,1.1007254228446903,0.9849945616014849,204212.76194404243,196560.8371016373,71254.95680442714,38816.02762030396,514729.80604652327
P077,commercial,Commercial Building,29,23,95.78401745291116,False,0.8784198970321826,1.105307107823899,0.9840131002984385,158996.06086530339,151723.38451380076,54773.014630880614,29837.515088178116,393311.4011054105
P077,commercial,Commercial Building,29,24,97.06383447739051,False,0.8819468404394792,1.1102607413540295,0.9801146622877663,121457.4466815647,115955.6942843469,41673.90356750265,22701.79457636781,296612.6089375828
P077,commercial,Commercial Building,29,25,98.0300020091282,False,0.8734568980765931,1.1153460902467296,0.981089417707176,90808.76580161012,87938.95534097252,31460.72585186,17138.181796564295,230666.2060632663
P077,commercial,Commercial Building,29,26,98.75509397719347,False,0.867844251727235,1.120537437664769,0.9773227826114365,67712.48321455256,66303.83972882802,23610.72885947554,12861.908064309835,161401.6409584364
P077,commercial,Commercial Building,29,27,99.29685551792103,False,0.8515555152743515,1.125429443121639,0.9804142728313715,49642.654135962046,49756.02283560174,17641.05162927263,9609.935617145866,123359.19334517905
P077,commercial,Commercial Building,29,28,99.70029994682574,True,0.8451031566861229,1.130387432383928,0.9841880818584765,12840.896524412083,27912.036260339613,3941.134686466787,5725.138748924313,50728.15018945294
P077,commercial,Commercial Building,29,29,100.0,True,0.8415924523986582,1.1349799534804454,0.983220458279735,0.0,8327.516075202719,0.0,2658.086629397789,11295.851283737207
P078,commercial,Commercial Building,25,1,1.0576675049164876,False,0.9971999999999999,1.004,1.003,90473.94953727027,73994.37277906989,36309.61379759358,18885.01244079455,218656.57689155635
P078,commercial,Commercial Building,25,2,1.4612820899237104,False,0.9970878087345992,1.0084539480241497,1.0019448937683242,34521.71602054615,28362.123308661132,13856.046098197387,7206.675466265156,80331.23780889259
P078,commercial,Commercial Building,25,3,2.015896537317774,False,0.9979439691434139,1.0129301948774347,1.0023781114254007,47477.67622188673,39145.92094567677,19039.855434562392,9902.829282543094,119087.89166067792
P078,commercial,Commercial Building,25,4,2.775299348587821,False,0.9589056182250254,1.0171539469134399,1.0004911970757522,62465.494398968876,53823.84362169897,26070.218349196082,13559.395057278962,156914.94965202222
P078,commercial,Commercial Building,25,5,3.8100636659399654,False,0.9479677733456928,1.0215318755801828,0.9982571645652998,84144.77154313777,73656.17902882042,35523.34978614434,18476.068249849945,207967.4391774687
P078,commercial,Commercial Building,25,6,5.210733264868075,False,0.9669937842917955,1.0259855649996836,1.0018295106690744,116185.38541560883,100136.58396371367,48084.83947809823,25009.431298816988,288344.9831603887
P078,commercial,Commercial Building,25,7,7.089802938958501,False,0.9589486952350292,1.0307590756049663,0.9972926238271997,154571.83908093086,134963.35627776818,64508.2635590479,33551.427085886884,398358.4170250921
P078,commercial,Commercial Building,25,8,9.580628324295706,False,0.9673699110338425,1.0353441743873715,0.9948418002365329,206694.05056183308,179698.24935900766,85509.77254990663,44474.53303735011,515095.7215178809
P078,commercial,Commercial Building,25,9,12.830417193934299,False,0.9415473810679129,1.0394832476957379,0.9908376218921121,262475.90666434116,235390.24468673373,111564.90885064355,58026.083762426264,648297.2042020952
P078,commercial,Commercial Building,25,10,16.983791273123693,False,0.9408675333519079,1.0440665338321204,0.9863278179272359,335213.6142988596,302165.6150400223,142584.89371308644,74159.90449943772,821156.7591223813
P078,commercial,Commercial Building,25,11,22.15414899907654,False,0.9330034301707251,1.0485893232943109,0.9853171635127972,413805.2062641786,377782.50523348106,177497.83495482864,92318.49283834007,1051243.737731754
P078,commercial,Commercial Building,25,12,28.383763589238125,False,0.9183220770502352,1.0532812917007184,0.979001342403965,490736.455714446,457215.94538530667,213862.01128915418,111231.88382897899,1317152.8786636698
P078,commercial,Commercial Building,25,13,35.601054651271255,False,0.9206902202620849,1.0580943965449088,0.9822297013498527,570006.5786360552,532125.9681323472,247768.84031048947,128867.18260867154,1506795.8336393838
P078,commercial,Commercial Building,25,14,43.5924083275064,False,0.9031456969491435,1.0624470310639906,0.985316919465348,619113.5182009834,591620.8320184816,274342.3281468675,142688.3334251686,1639299.024078727
P078,commercial,Commercial Building,25,15,52.009115220537,False,0.8877928810918334,1.0669424684995636,0.9931155521775233,640982.215053168,625747.3575083927,288944.65917964943,150283.1595435605,1688915.434890731
P078,commercial,Commercial Building,25,16,60.41945166904252,False,0.8826848842610882,1.0719977352693772,0.9946903068346972,636811.9099208264,628236.3429931247,288725.96249156084,150169.4130934237,1739932.8119013587
P078,commercial,Commercial Building,25,17,68.39298289442979,False,0.8584698621419985,1.0766280646352036,0.9976519618419402,587175.4245721991,598180.4492471223,273730.4852905781,142370.10751350652,1579907.418079551
P078,commercial,Commercial Building,25,18,75.58434255013525,False,0.8578486434113644,1.0814170638063403,0.9980227757157228,529192.6408363482,541901.1169885434,246878.6178685499,128404.16854344848,1468976.79874168
P078,commercial,Commercial Building,25,19,81.78408290440493,False,0.853294211107466,1.0861123078229078,1.000110922285406,453799.9240359772,469206.5385614126,212836.43192447603,110698.46920306377,1319471.0826059545
P078,commercial,Commercial Building,25,20,86.92438367804219,False,0.8825096686148626,1.0908512281058689,0.995982996420714,389134.84524924913,390723.8082971112,176465.98295461258,91781.81574863689,1016954.5005029764
P078,commercial,Commercial Building,25,21,91.0501602730825,False,0.8666364175344725,1.0955751781860787,0.9988580335191277,306714.81980217056,314966.0259274892,141637.4749954077,73667.14204898196,866599.079105659
P078,commercial,Commercial Building,25,22,94.27621303970959,False,0.8465810002305696,1.1002421646406244,1.0024234737276339,234278.3204854323,247329.30085079942,110750.05093981474,57602.2675833486,633675.3623922882
P078,commercial,Commercial Building,25,23,96.74757343621263,False,0.8307624927262162,1.104992096510891,0.9936415540217048,176118.5420291433,190287.85621016705,84841.5415379321,44126.979052204166,510413.6989114083
P078,commercial,Commercial Building,25,24,98.61122867070196,True,0.8422747783956357,1.1099078320447857,0.9958876395670618,47128.05666043757,108100.96520135082,19193.726242401906,26620.957626158153,195890.45582764925
P078,commercial,Commercial Building,25,25,100.0,True,0.8606035480275943,1.114479179201916,0.98860372901259,0.0,32354.878624246914,0.0,12398.491827203865,45817.6737237322
P079,industrial,Industrial Building,34,1,5.150786652385754,False,0.9971999999999999,1.004,1.003,2066898.939946449,1230305.6698945898,767361.3971927415,274425.2152631945,4062749.589773831
P079,industrial,Industrial Building,34,2,6.11228799558678,False,0.9864156470056235,1.008614450621439,1.006588084175768,381657.02353121544,230717.6568618216,143243.94775304702,51227.16798250162,809817.027345703
P079,industrial,Industrial Building,34,3,7.240253883552193,False,0.9860830644479385,1.0132223125173394,1.01050304859531,447582.27251829463,271898.2810080263,168043.74519646997,60096.11783688888,947404.5397635387
P079,industrial,Industrial Building,34,4,8.558353432495284,False,0.9899454008926205,1.0174809118622028,1.008432318691702,525076.8423059941,319065.783418366,196369.7547145741,70226.11823564566,1118977.396665862
P079,industrial,Industrial Building,34,5,10.091634469881482,False,0.9952034499394243,1.0220484957713634,1.0079107404809362,614040.5451424039,372819.84286532615,228427.37596068686,81690.62458620522,1312616.2361595605
P079,industrial,Industrial Building,34,6,11.865801301217909,False,0.9952916818363893,1.0266524403902888,1.0045975452213252,710572.2471844492,433334.88289069344,264314.4106768138,94524.61293010575,1524992.7322347986
P079,industrial,Industrial Building,34,7,13.906157132463044,False,1.0062672011261595,1.0311353542343311,1.00641920462213,826195.1512838873,500526.807043291,303971.1032701041,108706.71336068884,1772886.8547530991
P079,industrial,Industrial Building,34,8,16.23616968312271,False,0.9760387040616967,1.0357065370723277,1.0111652929898711,915142.4710225418,574117.4256691571,347124.0039660105,124139.13425914447,1976300.3605701248
P079,industrial,Industrial Building,34,9,18.87565320143414,False,0.9572402771602936,1.039966224576322,1.0143398366782757,1016724.5949177305,653046.2505466751,393228.8205997666,140627.22484550308,2266938.6643913127
P079,industrial,Industrial Building,34,10,21.838616972435634,False,0.9719777976716574,1.0444434487271221,1.0184783524949557,1158900.3580888554,736235.9541737078,441420.7329076734,157861.7064827394,2505553.5288583925
P079,industrial,Industrial Building,34,11,25.13090931339752,False,0.9763110391128728,1.0490468478970363,1.0259660958466532,1293451.064724089,821673.0180059408,490483.9243452843,175407.7765887182,2855807.1905127238
P079,industrial,Industrial Building,34,12,28.747879348685636,False,0.9554480701654483,1.0535176407543378,1.0285662682366037,1390642.217001959,906551.4858030997,538854.2308576094,192706.0558943391,3014568.992529036
P079,industrial,Industrial Building,34,13,32.672368814902065,False,0.9424993409877973,1.0582176424063086,1.030592933345022,1488427.3239334268,988015.8609356945,584668.3086105228,209090.17189942146,3077938.6608747966
P079,industrial,Industrial Building,34,14,36.873405135222754,False,0.9202317602762279,1.0625908401265,1.035446137620901,1555668.5269606733,1062009.1417584664,625868.1086947311,223824.12131135626,3457128.199972484
P079,industrial,Industrial Building,34,15,41.30596286557644,False,0.8932800516684227,1.0673933269249103,1.0376478379218714,1593328.9507961734,1125601.427134998,660360.0425822792,236159.19109276825,3594651.2774825417
P079,industrial,Industrial Building,34,16,45.912068011167825,False,0.8740991863614072,1.072309545336667,1.0395818123825296,1620160.2571583942,1175059.263502963,686215.0422208894,245405.50432589697,3521346.92546833
P079,industrial,Industrial Building,34,17,50.62333464432165,False,0.8947641468491523,1.0769338239484414,1.0346138964603713,1696327.3661749992,1207069.9884559638,701881.9435066178,251008.33080840163,3926873.2991685783
P079,industrial,Industrial Building,34,18,55.36477396297612,False,0.8964736005805134,1.0814161382258907,1.0328007255413063,1710452.8729137513,1219856.6391564638,706377.0538005207,252615.8805425281,3959519.441442345
P079,industrial,Industrial Building,34,19,60.05946180345233,False,0.8781871258798881,1.0859723709560198,1.0341248541007504,1659041.3006729276,1212917.4596372573,699412.0439803058,250125.04072935117,3754572.376898893
P079,industrial,Industrial Building,34,20,64.63346501714527,False,0.876118243236462,1.0903391485849747,1.0326342316139876,1612584.9420799292,1186489.289448994,681432.5138467496,243695.16760140573,3725202.051633088
P079,industrial,Industrial Building,34,21,69.02036915129511,False,0.8678855887558093,1.0947713918381325,1.0273785108136007,1532089.132547539,1142581.8871669043,653558.5946221639,233726.84457731372,3534130.0753084477
P079,industrial,Industrial Building,34,22,73.16483878313286,False,0.8780876901583548,1.0994330293703978,1.025985081466386,1464435.5452704697,1084035.4701970606,617440.8341756583,220810.3436670298,3493109.9344656966
P079,industrial,Industrial Building,34,23,77.02484827343538,False,0.8589289634394035,1.1037652657269947,1.0270265018635767,1334163.426383219,1013609.9069782733,575062.1168290512,205654.78766308393,3248044.689981558
P079,industrial,Industrial Building,34,24,80.57247991963062,False,0.8573669852274232,1.1090348311998663,1.0222246430376565,1223964.121719451,936029.3303656179,528524.2353201802,189011.82360770396,2879140.4367650687
P079,industrial,Industrial Building,34,25,83.79342598903672,False,0.877800314213453,1.1137068720323833,1.0259430735459971,1137738.871425994,853414.6693538943,479854.7955693552,171606.56771495217,2589929.0701887957
P079,industrial,Industrial Building,34,26,86.68549734772665,False,0.8626500187307182,1.118480554435735,1.0312419934786263,1003938.3667774475,769561.2538013641,430859.2198353816,154084.67846312333,2308307.013500574
P079,industrial,Industrial Building,34,27,89.25651354618915,False,0.8711850067429395,1.1236465665657343,1.025489062292925,901319.1874242234,687290.4241500455,383028.5964850706,136979.40165730432,2147285.065281984
P079,industrial,Industrial Building,34,28,91.52193708170351,False,0.8678874119887687,1.1289759452094437,1.024044199478594,791181.654460428,608470.948694256,337501.5675790859,120697.94059668176,1808439.9832805067
P079,industrial,Industrial Building,34,29,93.5025461513403,False,0.858745517403067,1.133831462484947,1.0222188618085473,684426.2496918048,534260.4412332518,295070.06318445085,105523.50679008495,1560774.878422119
P079,industrial,Industrial Building,34,30,95.2223474822455,False,0.8514989045232435,1.138490697668944,1.015332205235488,589285.5412591642,465815.0523370481,256215.06795784016,91628.11086826636,1401643.9504055558
P079,industrial,Industrial Building,34,31,96.70683951378707,False,0.8327165676065602,1.1433046023054367,1.0110437792527684,497437.46011127037,403780.7157221162,221158.81637567,79091.22873951709,1158413.1055066073
P079,industrial,Industrial Building,34,32,97.98166173381667,True,0.8204975446015705,1.1486473471977727,1.0139990963407814,168364.41773228842,278696.8605620852,69638.18464695211,56600.31269072965,569640.2286377432
P079,industrial,Industrial Building,34,33,99.0716140781693,True,0.8088819737248032,1.1540223088698227,1.008537134172795,106433.25219186883,209471.77139310175,37888.78522817367,44520.96232396039,401563.8774430378
P079,industrial,Industrial Building,34,34,100.0,True,0.7902084991578923,1.1589990210384362,1.0139105255259766,0.0,76796.00373156101,0.0,24731.417125159187,101075.42925599708
P080,municipal,Municipal Engineering,22,1,11.212011268752658,False,0.9971999999999999,1.004,1.003,3125788.421286381,2027181.1393687776,918648.9785772682,531449.0082150626,6520074.999515634
P080,municipal,Municipal Engineering,22,2,13.876851351786396,False,0.9475958898423934,1.0082792823654494,1.0074801191494775,705973.0185663034,483868.45987916936,218341.9693104761,126313.34247112118,1522838.0035874224
P080,municipal,Municipal Engineering,22,3,17.060102643214233,False,0.9398588332534566,1.013024482597606,1.0081406248284244,836425.6338412805,580719.1984201857,260817.66039379677,150886.01867922026,1914335.8819060514
P080,municipal,Municipal Engineering,22,4,20.807203261664416,False,0.9421882537377092,1.0173466243964646,1.0056235896617318,987021.9783430862,686498.5464729646,307016.2946909404,177612.46038944987,2185583.4757359405
P080,municipal,Municipal Engineering,22,5,25.14256034371031,False,0.9063461884943982,1.0219757455842093,1.0024334147276324,1098532.1443332916,797885.8834342172,355214.7121265124,205495.79966376204,2370007.895175953
P080,municipal,Municipal Engineering,22,6,30.05949588283976,False,0.8958715514294712,1.0264378786656405,1.011412019475711,1231498.9422073406,908871.5387480131,402865.97136590705,233062.6016235218,2864533.8975055013
P080,municipal,Municipal Engineering,22,7,35.511492781505616,False,0.8874146828403554,1.0308694051908445,1.0145223658462057,1352620.5863439334,1012125.971644699,446705.8819432508,258424.4945117603,3058292.361225926
P080,municipal,Municipal Engineering,22,8,41.4074456832599,False,0.8612815512105265,1.0354997655574314,1.0096305655809046,1419688.0703506097,1099459.7351181968,483081.1333584062,279467.9961527213,3318603.7796889897
P080,municipal,Municipal Engineering,22,9,47.61352085127753,False,0.8619995404185189,1.039883539079061,1.010408108663913,1495608.2372738556,1162189.7840726217,508490.803069573,294167.7825586081,3515870.6822402216
P080,municipal,Municipal Engineering,22,10,53.962970713442445,False,0.8542641973290197,1.0446375170733129,1.017704445680083,1516429.0170114057,1194474.9208283622,520238.1170148693,300963.73889340693,3561633.727407272
P080,municipal,Municipal Engineering,22,11,60.27298201901507,False,0.8648371880091381,1.0490492745637554,1.0125895667348004,1525661.813019847,1192068.8613576095,517006.7440826058,299094.3524573777,3677248.359200162
P080,municipal,Municipal Engineering,22,12,66.36521418517282,False,0.8521900828341584,1.05355291916649,1.0110245981882957,1451465.4545079027,1155867.675577065,499163.1494604289,288771.62757977104,3601760.7124199183
P080,municipal,Municipal Engineering,22,13,72.08529413448512,False,0.8384010164574914,1.058326334971847,1.0126454571623231,1340749.6053840981,1090177.0133231154,468671.0953868543,271131.6233194514,3126235.4922927027
P080,municipal,Municipal Engineering,22,14,77.31693450977724,False,0.8300747207063056,1.0632056325630876,1.0117836047836204,1214084.329065566,1001683.3847595955,428651.11101340957,247979.60170942513,2883295.1185071995
P080,municipal,Municipal Engineering,22,15,81.98831025396052,False,0.8176664706976235,1.068149762549487,1.0110900505101368,1067861.1174986959,898570.7308126702,382746.18648523826,221423.07448129196,2629390.6614148337
P080,municipal,Municipal Engineering,22,16,86.0708253550427,False,0.8072350387933477,1.0728604892776255,1.0088159019625742,921343.5230432117,788762.70920604,334498.265987977,193511.09711598756,2243091.806434104
P080,municipal,Municipal Engineering,22,17,89.57230219564048,False,0.8035693040489775,1.0777252254871381,1.0016964307659861,786626.1495892643,679570.6673229242,286891.26741173485,165969.90045932392,1859103.1738492288
P080,municipal,Municipal Engineering,22,18,92.52736800312424,False,0.7965537197490289,1.082369232071473,0.9972137607639459,658075.9350424511,575993.9391941112,242121.42858250832,140070.03337343305,1577155.5818565907
P080,municipal,Municipal Engineering,22,19,94.98751817698496,False,0.7720168298145358,1.0873563816869278,0.9916342451240464,530984.8976916736,481735.71421449963,201570.83240385173,116611.04672648506,1362476.1367211954
P080,municipal,Municipal Engineering,22,20,97.01249826003972,False,0.7652798088942451,1.092363942764186,0.9945882556761808,433246.2314977399,398348.7244765341,165915.44909716467,95983.9970723141,1104529.962046833
P080,municipal,Municipal Engineering,22,21,98.66375078407137,True,0.7457760329684493,1.0971309649315129,0.9966950563714583,120499.08352321365,244685.6774937756,40588.29611068247,62615.45731085331,470802.94017022994
P080,municipal,Municipal Engineering,22,22,100.0,True,0.733055157312328,1.1019200966256568,0.9947628859845692,0.0,79548.89299674684,0.0,31669.08699568361,115946.63644818834
P081,commercial,Commercial Building,27,1,10.367403548690401,False,0.9971999999999999,1.004,1.003,925880.082625786,629010.0349636268,323658.0770507962,140832.69137717932,2073860.61706191
P081,commercial,Commercial Building,27,2,12.438911757309384,False,1.0030232187778565,1.0085036417247806,1.0068326489660473,186080.1782227722,126246.10470930426,64670.03625813826,28139.7434622464,399188.09520481003
P081,commercial,Commercial Building,27,3,14.85896580379584,False,0.9956729663921682,1.0126502159315032,1.0074827052864341,215796.42667804676,148094.31330540142,75551.22508409987,32874.45338114318,477963.3755374224
P081,commercial,Commercial Building,27,4,17.659500215821573,False,0.9934222842507312,1.017046556498945,1.0100300604683154,249159.4017913448,172121.69126055978,87429.37209435894,38042.96771970561,566482.927461525
P081,commercial,Commercial Building,27,5,20.864954602946035,False,0.9911903054499163,1.0212607428993243,1.0089439761532706,284543.79224651086,197824.5092095459,100070.49480984021,43543.47415004882,633393.242437757
P081,commercial,Commercial Building,27,6,24.488103401030898,False,0.9802837671772161,1.025771469003665,1.0044321844055721,318082.9932906149,224590.117959117,113110.42030433737,49217.51083555911,719934.2265221602
P081,commercial,Commercial Building,27,7,28.525720985218218,False,0.9730358821639333,1.0304069460586738,1.0066389368830964,351849.15079404536,251413.05095105091,126049.64560578173,54847.730047583005,782467.3308780168
P081,commercial,Commercial Building,27,8,32.95474240849266,False,0.9761631862975169,1.03523816203161,1.0090600459022243,387197.6157975014,277077.9154221739,138268.81054079012,60164.63083331192,857234.2653391296
P081,commercial,Commercial Building,27,9,37.72976056266257,False,0.9536138688984821,1.0396459280478065,1.0116525589882388,407802.6596749326,299995.2245953986,149070.41926196605,64864.71322046542,910187.8666320911
P081,commercial,Commercial Building,27,10,42.78271357540782,False,0.9513211538503219,1.0441506049703486,1.014874991903272,430501.7110735883,318832.2630578787,157747.21682747072,68640.23078152786,963622.6050208071
P081,commercial,Commercial Building,27,11,48.025374874535316,False,0.9391683500436313,1.0487960006976267,1.01250054034964,440958.49921320996,332274.246113987,163669.68515647072,71217.26257374935,1021958.1949111454
P081,commercial,Commercial Building,27,12,53.35475136010195,False,0.9392472605269552,1.0537812269078246,1.0158010624548026,448289.7476045814,339375.6793718736,166376.83071728348,72395.2174042083,997928.1805176458
P081,commercial,Commercial Building,27,13,58.66082981350965,False,0.9153537686273925,1.0583570269743907,1.013253369166891,434975.81362383085,339359.27410363994,165649.49370833876,72078.7327070202,1024381.9088007627
P081,commercial,Commercial Building,27,14,63.83549978213533,False,0.9048819296207931,1.0630417503251421,1.0090083923203566,419350.37931845593,332419.7630206447,161547.07623293516,70293.65600052048,1010848.3811128738
P081,commercial,Commercial Building,27,15,68.78115388339626,False,0.8807141823012845,1.067601409666509,1.0098752425095507,390086.74796909164,319070.5600945141,154397.47171553824,67182.66289433138,920141.6361554465
P081,commercial,Commercial Building,27,16,73.41755748511632,False,0.8744685525100626,1.0722915323290485,1.0093415855692485,363101.379445179,300433.2311055183,144743.03687673624,62981.74798294266,902397.3523024933
P081,commercial,Commercial Building,27,17,77.68605124758331,False,0.8689175651222746,1.0768472367929642,1.0042358686824606,332166.39712460176,277768.25256106484,133257.32682971485,57983.99395486671,799256.597363504
P081,commercial,Commercial Building,27,18,81.55081407057267,False,0.879148226516575,1.0816285386550109,1.004688079270752,304289.8172539412,252612.5029332061,120653.32440002765,52499.63960019763,676717.3575862171
P081,commercial,Commercial Building,27,19,84.99753364708698,False,0.8912512185263994,1.0862522695283128,1.0045919639535907,275111.3802063506,226250.99888149646,107602.50867333861,46820.86426974674,669053.9513586415
P081,commercial,Commercial Building,27,20,88.03023278206946,False,0.8792048997376846,1.0912785426832585,1.0040357928114576,238793.16694797412,199994.84469298462,94677.28015912238,41196.73545173968,607596.1699990368
P081,commercial,Commercial Building,27,21,90.66712685399418,False,0.8852500746988345,1.0963460069238882,1.0060224341027317,209055.2720075799,174700.51313653062,82320.714217168,35820.047640819044,539574.7012959177
P081,commercial,Commercial Building,27,22,92.93629144920392,False,0.8973415701540639,1.1009707080316011,1.0045840720802062,182358.60208913387,150971.7262370604,70840.63487526812,30824.74369019471,439744.18626504246
P081,commercial,Commercial Building,27,23,94.87169999749506,False,0.8726878339720462,1.1058914543023342,1.007174229302899,151263.46504027813,129341.83395432628,60421.165830542704,26290.940975734447,348294.53777478985
P081,commercial,Commercial Building,27,24,96.50994638091404,False,0.8840318997062855,1.110475978645345,1.00317125719459,129702.88092845462,109936.58544848699,51144.114502979064,22254.23619638802,328872.32927200396
P081,commercial,Commercial Building,27,25,97.88776089891526,False,0.8931027530261025,1.1156400539177758,1.006007331322192,110203.31355180523,92889.94637428508,43013.73968270724,18716.482470982224,263761.18778750097
P081,commercial,Commercial Building,27,26,99.04028600602169,True,0.8862112490070249,1.1203929359043043,1.012149478981544,32015.34351172185,58524.252840719724,10794.1412186839,12524.888180634067,113137.1493802937
P081,commercial,Commercial Building,27,27,100.0,True,0.8859599840483982,1.1254204795759999,1.0183468685032753,0.0,19580.859609374522,0.0,6518.464535962819,25300.334014776112
P082,residential,Residential Building,25,1,3.453665398896667,False,0.9971999999999999,1.004,1.003,559611.4407508268,439347.59941090667,150242.50411185581,127673.50456306999,1237372.184603732
P082,residential,Residential Building,25,2,4.790940135514364,False,0.978909596322443,1.0082633710407258,0.9940747050613304,212709.69327720915,170839.74543234118,58174.5716244403,49435.753747940355,493756.23899932025
P082,residential,Residential Building,25,3,6.610843917186136,False,0.9665205598981733,1.0123729761296758,0.9929810176751899,285814.05366266106,233444.29051177896,79170.06131756544,67277.36098808203,646025.9256714652
P082,residential,Residential Building,25,4,9.056838185438384,False,0.9505368075261005,1.0166471989593788,0.9924065704694508,377788.23487471923,315079.38480534666,106406.4584898311,90422.38442343386,905521.4517559614
P082,residential,Residential Building,25,5,12.289738534619781,False,0.9570264149599877,1.0210805029380736,0.9902475303086709,502736.36230417073,418260.24465080485,140638.70928558326,119512.36434630398,1213382.056573352
P082,residential,Residential Building,25,6,16.469445441809548,False,0.9513527543320524,1.0258515150010663,0.9931192482981205,646117.4405472327,543281.1270947569,181827.00396813964,154513.4711248715,1539992.4310522804
P082,residential,Residential Building,25,7,21.72173786022317,False,0.9499279768926348,1.0302606006491004,0.996795984618926,810706.4550474002,685630.7298977673,228486.97662555115,194164.3160519074,1943652.02093363
P082,residential,Residential Building,25,8,28.090983705957218,False,0.9492102810222235,1.0348545248013172,0.9918447852065715,982368.6651785703,835144.452822692,277077.05716738704,235455.3335735495,2364773.721492473
P082,residential,Residential Building,25,9,35.48949642054488,False,0.8999748755628935,1.0395995449513273,0.9880419814225102,1081929.2578073603,974551.4917930425,321852.56779599003,273504.7949716282,2726912.8678567484
P082,residential,Residential Building,25,10,43.66610190746172,False,0.9072834245917909,1.04408461762287,0.9865594394577741,1205424.67151848,1081690.5280491307,355701.41910145205,302268.9685798179,2868167.610333473
P082,residential,Residential Building,25,11,52.21993277360228,False,0.8910341076338495,1.0486172922807284,0.9862900339972447,1238451.611548118,1136506.5926910427,372111.60336748476,316214.061868534,3095389.3320840937
P082,residential,Residential Building,25,12,60.66957523181169,False,0.9051350247548695,1.053096759791657,0.9853455801319352,1242727.0689669226,1127459.3545937024,367579.16449485824,312362.47300886427,3072628.9578000973
P082,residential,Residential Building,25,13,68.55637906406585,False,0.8998392237157198,1.057450169474041,0.9854102798019041,1153161.1805160204,1056708.5839395905,343094.37086041796,291555.7150924415,2832147.727384847
P082,residential,Residential Building,25,14,75.53783074617499,False,0.8789248930529852,1.0621467834146745,0.9926589458801589,997060.6041154509,939560.0888301136,303709.43965535756,258087.07568410324,2520882.836455382
P082,residential,Residential Building,25,15,81.4337780393224,False,0.8659635564683811,1.0669034416459922,0.9922096708217311,829616.2748455608,797026.9269868919,256487.46566965562,217958.6516620163,2157931.5771030774
P082,residential,Residential Building,25,16,86.21831318186204,False,0.8449144062336018,1.071885331167845,0.9869820690857551,656865.6011152724,649803.9722190617,208138.44359560023,176872.48149411124,1671378.257458729
P082,residential,Residential Building,25,17,89.97683450387794,False,0.8296755978691601,1.076772178933515,0.9901669063219064,506698.2339131742,512784.7839003628,163504.44816045946,138943.27728160765,1311682.0476499782
P082,residential,Residential Building,25,18,92.8547139418135,False,0.8322924578964539,1.0814935891208035,0.989386058948563,389199.8019881393,394358.1594348894,125194.4711915602,106388.11555647838,979101.3077600625
P082,residential,Residential Building,25,19,95.01537638240681,False,0.8302319455579699,1.086528005876172,0.9861876826898889,291481.1121418441,297455.58863150945,93993.85815397195,79874.36943268249,774626.9371909145
P082,residential,Residential Building,25,20,96.6137303387911,False,0.8228879309245032,1.0913826115643046,0.9804855654863684,213716.33030028772,221026.46401521703,69532.12692259792,59087.209551053675,557646.3835748531
P082,residential,Residential Building,25,21,97.78321498064567,False,0.8455717461215999,1.0962696090133492,0.979333307299014,160682.67057833288,162444.93808612527,50875.31095766194,43232.96715598402,412662.9506472202
P082,residential,Residential Building,25,22,98.63205312792928,False,0.8338821945860986,1.1008427159376943,0.9825291441122963,115014.7778012798,118398.02208958686,36926.44020300888,31379.455897825097,311667.1284194196
P082,residential,Residential Building,25,23,99.24457059359139,False,0.8188443806357274,1.1054802505153365,0.986029436696626,81497.42842553496,85795.3500650119,26645.93908915557,22643.26227785586,202362.57667313074
P082,residential,Residential Building,25,24,99.68469966089525,True,0.8132831508915481,1.1101752928474153,0.988379264942204,20357.007003466766,46433.04427036188,5743.992445701717,13016.39018086924,83249.61395288809
P082,residential,Residential Building,25,25,100.0,True,0.8240786775695835,1.1151405023366037,0.98943234860976,0.0,13365.01860899947,0.0,5827.938528192153,19268.127354339103
P083,commercial,Commercial Building,23,1,10.310640783381213,False,0.9971999999999999,1.004,1.003,859981.1921287243,630454.7759071471,298013.5831093288,145989.38091850214,1813019.4020988592
P083,commercial,Commercial Building,23,2,12.225278252245477,False,1.0058286850584004,1.0086125567005928,1.003993368526227,161076.28238281285,117610.33686455149,55339.719852455215,27109.540971826857,365064.29872268584
P083,commercial,Commercial Building,23,3,14.446953712872135,False,1.003508238473584,1.012863545729078,1.0081374367861788,186475.84647415427,137045.92556689525,64214.19176920417,31456.92221394131,425412.2497759146
P083,commercial,Commercial Building,23,4,17.006342246598795,False,1.0072314723573743,1.0173266356207882,1.0067420584840907,215618.7551133028,158573.71650612046,73975.2808316427,36238.63496155451,487915.2556128492
P083,commercial,Commercial Building,23,5,19.93034829442161,False,1.0107489163297279,1.021783487316308,0.999371140309305,247196.64824352186,181958.23525117105,84514.0023449895,41401.29034576085,568397.7873429673
P083,commercial,Commercial Building,23,6,23.239330251070275,False,1.016887449106422,1.0265314099227096,0.9962530794971171,281441.6142158928,206871.76088400037,95641.15267544056,46852.20225112093,612398.0781132363
P083,commercial,Commercial Building,23,7,26.94395570328162,False,1.021332393876592,1.030980116040046,0.9932520844073499,316469.9218699423,232610.41984591528,107076.63357557796,52454.15757039897,714774.3433675945
P083,commercial,Commercial Building,23,8,31.04196938888203,False,0.9968539188261641,1.035280809824726,0.9957734829871171,341685.03002968023,258384.30983970896,118446.92951046157,58024.18040987759,768847.702668147
P083,commercial,Commercial Building,23,9,35.51529975183787,False,0.96971619758745,1.03967248942656,0.9992219583002171,362824.53681324446,283244.89728954004,129294.89426544184,63338.32630310122,855505.1379687724
P083,commercial,Commercial Building,23,10,40.3280379684847,False,0.9522570686227914,1.0440440523736,0.9957222788125609,383325.2886597322,306017.05593915447,139104.96841494823,68144.03561644362,870436.643049089
P083,commercial,Commercial Building,23,11,45.425842583032036,False,0.9391782172385714,1.0488840780088347,0.9968627506830282,400453.62027220515,325645.62556344754,147344.38441703925,72180.31889160555,1016980.1040774409
P083,commercial,Commercial Building,23,12,50.737206849965865,False,0.9300816695502426,1.053692394448834,0.9989599779381491,413188.4752361964,340843.09672194056,153517.00535810247,75204.13109650029,991425.4081764668
P083,commercial,Commercial Building,23,13,56.17675997936664,False,0.9070989890046737,1.0583781605409284,0.9957012954226016,412704.2419568497,350621.59599555767,157222.11186128497,77019.16985746272,1003484.9358594952
P083,commercial,Commercial Building,23,14,61.65039687497374,False,0.9143186432998951,1.063394621682274,0.9946156011881406,418595.5300512282,354490.83657244965,158207.25192254837,77501.76526858899,1039450.6674904134
P083,commercial,Commercial Building,23,15,67.06163809343329,False,0.9170610015879519,1.0681557843735006,0.997050862968338,415065.0313445882,352018.9638924845,156403.79860592782,76618.29871494448,1024704.3681154783
P083,commercial,Commercial Building,23,16,72.31833420020168,False,0.9095027321809894,1.0728934747060144,1.0034766923333718,399887.5708901798,343482.0485942677,151936.90431150637,74430.07921881587,1007560.552364462
P083,commercial,Commercial Building,23,17,77.33874522411917,False,0.8992238505158975,1.0774741626886049,1.005417392495365,377596.6379775405,329443.322284701,145107.4389412088,71084.4954000799,894047.3335780514
P083,commercial,Commercial Building,23,18,82.05617644096768,False,0.9038100587869349,1.0821254733529073,1.0080230334954228,356618.4219545209,310897.8843725412,136350.2627567825,66794.57439574222,850303.6181676232
P083,commercial,Commercial Building,23,19,86.42168267356885,False,0.8944986230494358,1.087131244935522,1.004365224047144,326614.3906486927,289035.48204086797,126178.39975188706,61811.63379491827,791940.5386802458
P083,commercial,Commercial Building,23,20,90.40475362665997,False,0.8835489184411436,1.0919547442665647,1.0007357125155794,294353.815301838,264884.9307205412,115124.68249525342,56396.69491090069,731602.5549408874
P083,commercial,Commercial Building,23,21,93.99224432932766,False,0.8788156465773662,1.0966074228136273,1.000842901142672,263699.67326824105,239594.3293651948,103691.02960085883,50795.635085794165,633800.7226938362
P083,commercial,Commercial Building,23,22,97.18603783669518,True,0.8786746951756013,1.1013661687869576,1.003688817193199,82153.11293794963,160669.85384327982,27693.541075817833,36176.99009928737,312109.0523104972
P083,commercial,Commercial Building,23,23,100.0,True,0.8763871758949624,1.1059278691048822,1.0090183076527082,0.0,56859.217715433064,0.0,19921.584059601126,76016.51011972196
P084,infrastructure,Infrastructure,34,1,3.085315439797256,False,0.9971999999999999,1.004,1.003,1724051.4397030605,1014802.5719070042,488844.934409833,219454.0017144287,3379552.389800128
P084,infrastructure,Infrastructure,34,2,3.895217304214483,False,0.9777658132754415,1.0084694474102749,1.0012425220864327,443747.1986289926,267573.69624298514,128322.83489802829,57607.14215789121,925298.2501819277
P084,infrastructure,Infrastructure,34,3,4.907076611079186,False,0.9509733057516863,1.0128871732173628,1.003172453328097,539208.6295009793,335760.40181591205,160321.46668567517,71972.08142777103,1126328.7871376174
P084,infrastructure,Infrastructure,34,4,6.165115705955833,False,0.9512378922741287,1.0171627645940022,1.0007094101638876,670581.636892565,419211.1882188986,199326.79520781586,89482.49184596178,1390974.4600054165
P084,infrastructure,Infrastructure,34,5,7.719798219934539,False,0.957301841790698,1.0216165352362676,1.00411058212613,833986.432706771,520328.84406564356,246327.70502842852,110582.3069781465,1714006.2994139472
P084,infrastructure,Infrastructure,34,6,9.626776996519613,False,0.9573675266103285,1.0262506912131466,1.0077735500377365,1023040.7411179984,641132.2102214538,302146.38767112023,135640.62795912387,2145260.90517601
P084,infrastructure,Infrastructure,34,7,11.944571649511333,False,0.9572632237059697,1.0309884977128374,1.0117640992978734,1243296.4919549555,782847.2866085327,367237.0612424816,164861.36399225463,2741281.006284213
P084,infrastructure,Infrastructure,34,8,14.730547914457807,False,0.9397774985601774,1.0356935345750817,1.0118348086088178,1467137.546862174,945272.3425402287,441416.90244631993,198162.44139500277,3167479.198766021
P084,infrastructure,Infrastructure,34,9,18.03488808296842,False,0.9120090959754243,1.0401298700818336,1.0167698850061693,1688699.196784226,1125953.8550527045,523547.7488322859,235032.91224349994,3488219.8764651935
P084,infrastructure,Infrastructure,34,10,21.89257697037177,False,0.928905088139214,1.0446034134087085,1.0167947363795338,2008014.8439508034,1320161.048010745,611221.675038891,274391.80214441166,4238340.815020615
P084,infrastructure,Infrastructure,34,11,26.314036902806308,False,0.911653784377916,1.0493045286474707,1.022464560135337,2258728.387463776,1519901.7494723003,700546.9401237947,314492.016951281,4651931.804081326
P084,infrastructure,Infrastructure,34,12,31.275877089288525,False,0.9054106632118764,1.053820689362765,1.0302800961159782,2517426.2379378374,1713001.5928159556,786166.1109997757,352928.4788016823,5519785.286379769
P084,infrastructure,Infrastructure,34,13,36.71403591224774,False,0.9153445361717945,1.0585439116107829,1.0339400663964722,2789361.856732522,1885858.22226332,861635.2022969956,386808.33092886297,5985910.293952403
P084,infrastructure,Infrastructure,34,14,42.521947588437286,False,0.9087609763777824,1.0631127152463287,1.035720360419215,2957590.5496583977,2022775.0568082335,920219.7499104182,413108.31382204045,6163251.576381993
P084,infrastructure,Infrastructure,34,15,48.55578051147764,False,0.9064377385661984,1.0676168063152636,1.035474638862729,3064782.337942274,2110361.989712178,956015.265556568,429177.7636598765,6312396.147622756
P084,infrastructure,Infrastructure,34,16,54.647105360721405,False,0.8849420994763547,1.0722384216702139,1.034184412520376,3020612.355468215,2139692.676260665,965124.4271455193,433267.0807873457,6775577.125849126
P084,infrastructure,Infrastructure,34,17,60.62101258534578,False,0.8781250651685046,1.0769977640211552,1.0341997922327417,2939566.0618668008,2107761.896716645,946520.4911377981,424915.3358532134,6580098.729513184
P084,infrastructure,Infrastructure,34,18,66.31573220388573,False,0.8893910395359157,1.081791975897434,1.0336573402908684,2838137.7690358544,2018200.8092912247,902285.3230820661,405057.12732322153,6150889.201016738
P084,infrastructure,Infrastructure,34,19,71.599235872913,False,0.8750482722929546,1.0867180118836952,1.042585486036863,2590731.4796256754,1880992.884216462,837131.2609479777,375807.93467169465,5859799.31699128
P084,infrastructure,Infrastructure,34,20,76.37943926707494,False,0.8785777783885216,1.091647352941183,1.0437687722417115,2353395.765498128,1709531.1389798573,757387.1327848139,340008.91783261875,4984590.178199744
P084,infrastructure,Infrastructure,34,21,80.60684957523355,False,0.875724563003406,1.0958846495587722,1.0473192022812206,2074485.0555467224,1517705.5407387726,669801.242413983,300689.54929133464,4687623.645100749
P084,infrastructure,Infrastructure,34,22,84.2707111860075,False,0.8751504635465308,1.1007110524708963,1.0445835997112678,1796760.3934430536,1321175.959789468,580511.2066347402,260605.1497493084,3973235.978425726
P084,infrastructure,Infrastructure,34,23,87.39102603689899,False,0.8661619060864933,1.1055320133280286,1.0438613624796642,1514488.133199586,1130102.9670051308,494390.32681932475,221943.4589424329,3262391.1320096324
P084,infrastructure,Infrastructure,34,24,90.00904245979092,False,0.8500563684217373,1.1104656366034555,1.048048420144159,1247063.2155442825,952413.9860125944,414804.93372715625,186215.70201440505,2608616.203870289
P084,infrastructure,Infrastructure,34,25,92.17823643276142,False,0.8258725222765335,1.1154073874315247,1.0509686834784404,1003875.3334129445,792647.6557409998,343692.40556766343,154291.61366219324,2294313.4892793554
P084,infrastructure,Infrastructure,34,26,93.95694835601968,False,0.8162940521508475,1.1202404631610896,1.053846474181815,813618.145077951,652777.45319093,281823.4732965598,126517.19315994502,1752014.7583466289
P084,infrastructure,Infrastructure,34,27,95.4030673335524,False,0.7931135890683441,1.1250335288997202,1.0581742261059284,642699.2508501132,532988.409778218,229126.6324351119,102860.34046346642,1538719.0083060772
P084,infrastructure,Infrastructure,34,28,96.57064211950723,False,0.7913204308725998,1.1303706120054713,1.0584047539143864,517732.54242130404,432368.29439724016,184993.40854955465,83047.89707190913,1195571.2639920753
P084,infrastructure,Infrastructure,34,29,97.5080471816034,False,0.7563039826036138,1.1357604276815914,1.062491735734714,397275.752509359,348788.6156071048,148524.75380149868,66676.2592410604,980994.3272488256
P084,infrastructure,Infrastructure,34,30,98.25727058912616,False,0.7322531497466966,1.1409443472576413,1.0624449137785814,307426.2608891706,280042.5813699518,118708.79158237451,53291.17173503469,776395.8763068574
P084,infrastructure,Infrastructure,34,31,98.85393385518024,False,0.7350310831113338,1.1460282915127094,1.0682146733440816,245755.57759077506,224012.84101689837,94536.78913885327,42439.790668591166,629530.1665719176
P084,infrastructure,Infrastructure,34,32,99.32773883392811,True,0.7355535701485482,1.150702586096426,1.0619734209973994,78116.41360936993,142889.71500057573,27525.967777188158,28084.216089444904,279159.6335409124
P084,infrastructure,Infrastructure,34,33,99.70312555205054,True,0.744057852376687,1.1560274234183028,1.0632185507337502,46954.285755384524,99516.10116678837,13878.011225075643,20470.545492748806,182690.9730008526
P084,infrastructure,Infrastructure,34,34,100.0,True,0.7354400805217313,1.1613625379522834,1.0661910250982987,0.0,33885.208394738496,0.0,10558.123939111974,45947.256448440676
P085,infrastructure,Infrastructure,26,1,1.7098433809655347,False,0.9971999999999999,1.004,1.003,428633.63097117114,278925.90473806957,113685.33299160836,41934.769704932,891628.0755620939
P085,infrastructure,Infrastructure,26,2,2.274653551117598,False,0.9776380957506668,1.0084569011550155,1.0067742795542372,138812.40108711843,92546.21396696533,37553.516880899995,13852.253765462081,285826.07261341123
P085,infrastructure,Infrastructure,26,3,3.0205356607560327,False,0.958050759017524,1.0131826977302378,1.0098968502004622,179641.36716835256,122788.23630057815,49592.76209195561,18293.134238443487,367363.4063833695
P085,infrastructure,Infrastructure,26,4,4.00139401613734,False,0.9415425978194678,1.0176904316174087,1.0077787130071414,232163.4833179161,162188.77490178472,65216.036737912735,24056.04495941992,497467.4628984774
P085,infrastructure,Infrastructure,26,5,5.284124502709328,False,0.937580590035892,1.0220707792031452,1.007311640942808,302337.25554551,213017.45658060542,85287.13455736311,31459.610948411148,638542.6820520522
P085,infrastructure,Infrastructure,26,6,6.949527906837849,False,0.9178922172981232,1.0265219647487958,1.009689318764218,384289.7292429564,277770.74311943393,110730.57490025483,40844.85690057895,779918.7319537458
P085,infrastructure,Infrastructure,26,7,9.091552828236829,False,0.9017065753580219,1.031336780483902,1.0096115254904896,485553.845241729,358941.630854489,142420.53931749865,52534.23955729072,1037774.5354132176
P085,infrastructure,Infrastructure,26,8,11.813566423974835,False,0.8977878274426909,1.0360056983760921,1.0076843518248644,614344.0333505614,458195.94392476283,180983.2558256972,66758.75377925506,1427591.2108068734
P085,infrastructure,Infrastructure,26,9,15.220070712645844,False,0.908588020677343,1.0406021199903241,1.0122359482378087,778078.8107145923,575960.171711237,226494.1799384092,83546.23261670621,1699965.1660809997
P085,infrastructure,Infrastructure,26,10,19.402463709785923,False,0.8879893132868697,1.0451285663212957,1.0187660842685013,933641.6549386902,710220.7608833364,278082.0429957408,102575.29379769828,1990066.524320455
P085,infrastructure,Infrastructure,26,11,24.418594880834917,False,0.894057861911221,1.0495418355320911,1.0113275396463286,1127410.701951138,855396.4536711324,333516.2441534674,123023.14224176918,2400655.457293918
P085,infrastructure,Infrastructure,26,12,30.26840196514315,False,0.8825761477036408,1.0541773804561623,1.0122577557108787,1297900.4172814377,1001968.442757646,388946.3056790089,143469.46371206272,2802678.229397848
P085,infrastructure,Infrastructure,26,13,36.87157374117363,False,0.8922072192968457,1.058439141278822,1.0116458634468783,1481037.2102773213,1135578.8444644378,439036.5752300133,161946.11204306938,3165713.054413821
P085,infrastructure,Infrastructure,26,14,44.05631865424816,False,0.8766779336954185,1.0630626798962044,1.0110533345376174,1583430.7358503395,1240992.1424261848,477704.6406679665,176209.48601054066,3517304.008851871
P085,infrastructure,Infrastructure,26,15,51.56805784858406,False,0.8662720370590897,1.067525108276763,1.0128704365565768,1635846.0833529418,1302918.964704005,499446.07860631106,184229.18537726413,3438748.5311935707
P085,infrastructure,Infrastructure,26,16,59.101050485612575,False,0.8324841362890201,1.0723611474088164,1.0103015318677326,1576489.7491554802,1312524.5029307974,500859.1932439587,184750.43675892474,3877810.4921976966
P085,infrastructure,Infrastructure,26,17,66.34611601362468,False,0.8090833110867637,1.0772493001716064,1.0109608932780885,1473612.1808372133,1268111.2183838515,481715.28238625365,177688.87945910255,3370817.558982899
P085,infrastructure,Infrastructure,26,18,73.03948668328691,False,0.8219809321562339,1.081722792539561,1.0095832282171289,1383102.1654497338,1176412.5883575638,445033.786069412,164158.28531823296,3117897.1241239696
P085,infrastructure,Infrastructure,26,19,78.99722249266522,False,0.7979544179027853,1.086601998617052,1.0020776011852977,1195107.4846608127,1051842.092906093,396122.35068145965,146116.47002898323,2805295.6864906773
P085,infrastructure,Infrastructure,26,20,84.12700563657076,False,0.7757309593274525,1.0915482313073213,1.0034505420839464,1000363.3504355926,909789.1277384965,341072.82069327513,125810.51409190854,2315214.518873382
P085,infrastructure,Infrastructure,26,21,88.41914216255743,False,0.7789197419674327,1.0961186869714317,1.0047693133944509,840453.8691565283,764416.2586743739,285378.75201569416,105266.80909086482,1983219.2699795729
P085,infrastructure,Infrastructure,26,22,91.92514670640122,False,0.7710422196148184,1.1007820625866815,1.005541302364297,679576.3798532954,627065.0920504759,233109.8265923623,85986.52646624974,1671537.458050991
P085,infrastructure,Infrastructure,26,23,94.7332205605065,False,0.7510581250112703,1.1058241039593715,0.9988426245115563,530187.783259651,504537.42237684934,186705.2940186344,68869.42494104299,1273878.3058684855
P085,infrastructure,Infrastructure,26,24,96.94707441767785,False,0.7450121121453874,1.1108282766322926,0.9991485877968317,414629.23815347627,399571.6628417973,147196.35479429635,54295.88036796191,1047078.8540217284
P085,infrastructure,Infrastructure,26,25,98.67082914683539,True,0.7169194235163788,1.1158485433932535,0.99802098552644,108733.03333735852,234390.92398816525,34383.08430380456,33820.762018186586,422364.32805989136
P085,infrastructure,Infrastructure,26,26,100.0,True,0.7130720425730965,1.1206946688265513,0.9960582647050684,0.0,72608.61890713708,0.0,16299.292159288647,88642.31653821161
P086,residential,Residential Building,23,1,4.816718353330206,False,0.9971999999999999,1.004,1.003,302019.32906186243,242208.97502132397,70678.87733641648,43861.450775298086,661522.3038465922
P086,residential,Residential Building,23,2,6.603082200377974,False,0.9879514852856471,1.0082982214415916,1.0034611861767793,110970.29874167994,90211.97445338707,26212.491983552518,16266.782526299487,245171.54743068723
P086,residential,Residential Building,23,3,8.990209620216781,False,0.988324969793305,1.0127831765504502,1.005552611868019,148346.2543532835,121086.95173381316,35027.891131839446,21737.387187530734,323468.3198276326
P086,residential,Residential Building,23,4,12.129767454337774,False,0.9680183836331883,1.0170709135491123,1.0045578178411416,191096.75335661529,159928.177595792,46068.79762753919,28589.083125919515,431824.98668630345
P086,residential,Residential Building,23,5,16.17359155239525,False,0.957758038263959,1.0213553470935357,1.0045974092835246,243528.21053547552,206858.98492800567,59337.69143862079,36823.409344306514,538970.027689341
P086,residential,Residential Building,23,6,21.244310451157045,False,0.937075335884674,1.0258631168115149,1.0063190430220033,298775.69051622634,260533.8862709951,74405.99444749484,46174.40154449635,688412.7155688781
P086,residential,Residential Building,23,7,27.393131646543445,False,0.9441237271686638,1.0301928978460952,1.009210211310637,365024.4811356489,317260.2645515382,90225.6987336208,55991.693598004604,838655.2054878661
P086,residential,Residential Building,23,8,34.5533548418286,False,0.9433373819333271,1.0348058792683288,1.0096007442446326,424712.28251047526,371099.79462771263,105066.66568350003,65201.60702421236,941318.0669903333
P086,residential,Residential Building,23,9,42.50849238957559,False,0.9275339950912715,1.0393942290616334,1.0069363182895075,463958.0826986377,414126.72769925237,116730.96695446032,72440.16535033436,1028196.0901213128
P086,residential,Residential Building,23,10,50.89820431726437,False,0.9189605908739511,1.0437469191310085,1.0128182744562864,484780.5111021224,438578.6858432589,123107.76273954475,76397.4369563945,1059891.0922299253
P086,residential,Residential Building,23,11,59.27392414833277,False,0.8973340891048169,1.0483276881058192,1.010922666796911,472582.37903409865,439768.8505816532,122902.44750037829,76270.02372353774,1103745.0037627805
P086,residential,Residential Building,23,12,67.19003079151258,False,0.900784255847855,1.0527772592929527,1.0074412688948275,448366.9981383547,417400.9160993724,116158.24081315998,72084.74658307235,1046089.2667131405
P086,residential,Residential Building,23,13,74.29377830199316,False,0.8952255440870733,1.05736626944844,1.005709196343929,399872.1875159044,376199.51841801003,104237.96080478681,64687.3345907112,942617.5689577772
P086,residential,Residential Building,23,14,80.37802966217161,False,0.8796437749261365,1.0617959272642028,1.0053974400069248,336523.34525359207,323558.9887447059,89278.22306086528,55403.71513615733,807442.730172468
P086,residential,Residential Building,23,15,85.38436786572964,False,0.8643279879347978,1.066028863617523,1.0149891755092808,272082.1039123456,267297.2035057188,73461.29415045663,45588.145407762255,674721.0650987326
P086,residential,Residential Building,23,16,89.36965892370014,False,0.8843816887447389,1.0705773076188732,1.0152048386131993,221615.94418429985,213689.57964726342,58478.79763230678,36290.4024570078,524880.006514927
P086,residential,Residential Building,23,17,92.45938363527864,False,0.8769046995892181,1.0756513451830945,1.0136426763870325,170362.2628115027,166454.8973941484,45337.563435065174,28135.298434550503,440144.25156769756
P086,residential,Residential Building,23,18,94.80605833868073,False,0.8731270682134439,1.0805014620731892,1.0100881782882476,128834.31713471957,126994.0919280618,34434.3018095619,21369.021279341578,309887.24663855875
P086,residential,Residential Building,23,19,96.56070403931214,False,0.8903982941671554,1.0856786753850065,1.0101155871378267,98236.97296536215,95410.46457894129,25747.070753691623,15977.954362459875,233583.29561205007
P086,residential,Residential Building,23,20,97.8573878233222,False,0.8651849884489681,1.0904192658300405,1.0079714451878274,70541.43192112414,70816.23968785614,19027.094256155484,11807.713839893227,172847.12046782378
P086,residential,Residential Building,23,21,98.8073581918836,False,0.8685601488108946,1.0953412089628298,1.0116344136956341,51881.33875521961,52115.24123097305,13939.540207153424,8650.511718178172,124678.69597622044
P086,residential,Residential Building,23,22,99.49890544204872,True,0.8665142121061635,1.1003235875235335,1.024228234303065,13187.63168226256,28583.06595782085,3044.258332000944,5037.830895956725,45983.44490496256
P086,residential,Residential Building,23,23,100.0,True,0.868057639111156,1.1049959947329397,1.0241118338891744,0.0,8319.685531762361,0.0,2281.505028434337,10426.427848950376
P087,residential,Residential Building,27,1,2.42604564765098,False,0.9971999999999999,1.004,1.003,183324.59734706912,133429.20628318895,46418.34846164259,34753.94730723817,410273.17153794615
P087,residential,Residential Building,27,2,3.19443097834492,False,1.0012375238597475,1.0082887476285647,1.0040404191947436,58298.272303838974,42440.66764680464,14701.775322117504,11007.386988142007,126801.33255366024
P087,residential,Residential Building,27,3,4.195992511779019,False,1.0003846520445243,1.012735390479382,1.000732964416334,75924.8877240111,55563.78790817916,19163.214142213637,14347.717155127897,170480.31144325633
P087,residential,Residential Building,27,4,5.494228640729049,False,0.9754618958747756,1.0174478386361514,0.999286647218343,95962.93057200302,72357.58546394436,24839.589097363092,18597.683873577786,216044.81153166888
P087,residential,Residential Building,27,5,7.164904652669786,False,0.9708084104094197,1.0220951676428165,1.0076547911997955,122903.78811816707,93540.95372062523,31965.60681529645,23933.014674589613,277208.15585506166
P087,residential,Residential Building,27,6,9.294991688432125,False,0.9497505097986204,1.026768518131631,1.0146931814687081,153301.49365335898,119808.6335757696,40755.67266237528,30514.237303157926,349504.1863125389
P087,residential,Residential Building,27,7,11.978892297846778,False,0.9607688723315208,1.0311867514205986,1.0049702745713647,195400.13291311325,151607.94993363775,51351.97428987006,38447.80927670341,435275.8686849094
P087,residential,Residential Building,27,8,15.310654671808882,False,0.9482339684736714,1.0359745747338915,1.005287702582033,239402.69227682776,189078.14717945745,63747.731628919326,47728.654280282506,519800.60690817767
P087,residential,Residential Building,27,9,19.371109580388655,False,0.9239803282018899,1.0409898860497022,1.0002635746752269,284300.038749715,231547.1413889159,77690.05131529101,58167.42816559718,642389.7638772749
P087,residential,Residential Building,27,10,24.20989929321052,False,0.9184959770920607,1.0457904226321268,0.9978769734426759,336785.5960842506,277204.0879396705,92582.19326575905,69317.34482120932,754995.9921612144
P087,residential,Residential Building,27,11,29.824490146693655,False,0.9115694625105764,1.0501570089954155,0.998265616075498,387835.34323470463,322991.1113319213,107425.85777760488,80430.96586520878,890754.919342121
P087,residential,Residential Building,27,12,36.141193046527334,False,0.9085404622063724,1.0547019130564097,1.0028402614113396,434884.79753718333,364954.2337183819,120859.6040297303,90488.96501550112,997865.9569659776
P087,residential,Residential Building,27,13,43.00564224713435,False,0.887267382545476,1.0589992964618953,1.0054698488318163,461529.7637781017,398216.8096568969,131339.8184817915,98335.62119579304,1089208.622762932
P087,residential,Residential Building,27,14,50.189909085968054,False,0.8845994115954443,1.063481934767349,0.9984658978992653,481580.177585993,418534.0473411101,137458.99706763573,102917.12004665683,1125111.9168763782
P087,residential,Residential Building,27,15,57.41884365434154,False,0.8666613493392414,1.0681841454272092,0.9994121673744644,474748.0879674451,422998.32056356606,138313.63978088213,103557.00080086384,1155202.1218910774
P087,residential,Residential Building,27,16,64.41045153962747,False,0.8443970352313324,1.0729741352575801,1.0015860204873677,447366.2993870586,410945.79252508597,133772.78842242926,100157.21356000415,1121825.9151195087
P087,residential,Residential Building,27,17,70.91840462562111,False,0.8321023841538253,1.078017074016098,0.9972776117207965,410355.89976561896,384315.83102790447,124518.85825403678,93228.69041957112,978409.8133216308
P087,residential,Residential Building,27,18,76.76370498981703,False,0.8138697867857558,1.082920873604104,0.9927403413858787,360496.6728888505,346754.23914893664,111840.1005483664,83735.95981136725,906052.2594094839
P087,residential,Residential Building,27,19,81.84785071205782,False,0.8217326841869156,1.0876744365100328,0.9926051968496222,316583.3372766488,302925.0114387134,97276.67242916374,72832.15495312758,771537.9036589946
P087,residential,Residential Building,27,20,86.14785996911715,False,0.7762843642894612,1.09268032488933,0.9899352692398049,252947.11543228457,257383.51955523048,82273.52534595986,61599.12748763554,665829.8924507226
P087,residential,Residential Building,27,21,89.69938101092745,False,0.7628628606123735,1.097493209967921,0.9963107261944713,205305.39695960502,213517.9817724049,67952.44823494073,50876.773595391074,568850.5226604617
P087,residential,Residential Building,27,22,92.57565003254234,False,0.7433454682266432,1.102410997285651,1.0040483383921084,162016.67076353965,173696.57796585566,55032.623909620495,41203.55365754703,440318.2213445236
P087,residential,Residential Building,27,23,94.86822565747394,False,0.7574493934751367,1.107473979457711,1.0038713121152882,131588.15404939628,139083.4398801617,43864.621564636065,32841.94283148693,354851.4620182248
P087,residential,Residential Building,27,24,96.67245813897497,False,0.745655642414401,1.1125929654259876,1.0074879182235472,101946.02751382488,109963.11362650037,34520.987728825334,25846.257531389914,270780.46570989577
P087,residential,Residential Building,27,25,98.07820480508698,False,0.7449882756798285,1.1174649174815527,1.0129287996225484,79358.9662710037,86051.64587055577,26896.624414120008,20137.8096940122,203610.1623298388
P087,residential,Residential Building,27,26,99.16494393811607,True,0.7455267777544383,1.1223776126235643,1.016201450078333,21488.005143620376,50112.2366127656,6237.883752849921,12454.332704770351,90900.32670854224
P087,residential,Residential Building,27,27,100.0,True,0.7440824185799797,1.1273190595360818,1.0119048030788431,0.0,15470.41482430788,0.0,5981.2341951199605,21047.659747829803
P088,industrial,Industrial Building,26,1,10.597402259742827,False,0.9971999999999999,1.004,1.003,3697207.672067486,3163052.6910160505,1558192.9872674982,592007.610721426,8897846.927660692
P088,industrial,Industrial Building,26,2,12.989975788834126,False,0.9924433843577479,1.0084464558494934,1.0006470645696153,830736.3050826692,717284.4758240107,351792.9397390246,133657.44771370443,2040771.1430544925
P088,industrial,Industrial Building,26,3,15.82995762981676,False,0.990715401585061,1.0126981289490562,1.001557708580753,984366.0655914549,855005.4140225218,417577.7874731319,158651.2263065841,2405214.4254711806
P088,industrial,Industrial Building,26,4,19.158356898467435,False,0.987583683956144,1.0173027456491344,1.0105602736758992,1150009.6381691901,1006604.6413924432,489392.4258154573,185935.91620524606,2916628.3870211095
P088,industrial,Industrial Building,26,5,23.001449058271657,False,0.9796982814314664,1.021737743497411,1.0151743555515524,1317241.1865513339,1167329.6858071953,565070.4867152004,214688.44453991263,3169091.3486207337
P088,industrial,Industrial Building,26,6,27.36318205504571,False,0.9913621505014161,1.026332584804588,1.0118393983521095,1512807.1434452373,1330823.582950358,641329.0352980813,243661.51880769257,3625968.7786441566
P088,industrial,Industrial Building,26,7,32.21799270197801,False,0.9772006362146796,1.0311668792916393,1.017259672807145,1659771.0785557698,1488245.386451833,713828.8911895162,271206.5448825454,4270533.922222177
P088,industrial,Industrial Building,26,8,37.50577797720253,False,0.9289459306714518,1.0359627110184269,1.018859138829466,1718527.1739207928,1628512.9956975195,777491.4768811585,295394.0078961927,4201606.541119133
P088,industrial,Industrial Building,26,9,43.13092743703932,False,0.9210781425070633,1.0405573391391232,1.0166657029919504,1812686.4926078913,1740096.6736055014,827095.9453851996,314240.34023124014,4583330.815727092
P088,industrial,Industrial Building,26,10,48.96682667632666,False,0.9170223166956164,1.0450470300064967,1.0132672241576768,1872319.005291614,1813079.7788060168,858083.6176806545,326013.55316914525,4807675.014051838
P088,industrial,Industrial Building,26,11,54.86601625247594,False,0.9318933286935686,1.049551293989192,1.0064662356438456,1923316.2969167896,1840641.947899532,867389.5359276839,329549.1706902162,5216005.58196299
P088,industrial,Industrial Building,26,12,60.6745555713578,False,0.9249449872582249,1.054081579629366,1.0050848027925467,1879641.3592105121,1820180.4754759355,854060.7415962047,324485.1332118973,4889405.000278835
P088,industrial,Industrial Building,26,13,66.24775534005967,False,0.9283532664080527,1.0588717314146587,1.0071274213631585,1810131.1255755553,1754370.2680419576,819457.5032053968,311338.2504763447,4777976.823064024
P088,industrial,Industrial Building,26,14,71.46396516445414,False,0.929342358389721,1.0637662680471713,1.0003253864087944,1695988.6480562433,1649584.4785386168,766967.3538168147,291395.55520055693,4309354.3915185705
P088,industrial,Industrial Building,26,15,76.23377714669347,False,0.9160516004359593,1.0682886291614173,0.9987971305000302,1528668.632054447,1514827.428173349,701331.0808766242,266458.2249484661,3914240.0603017616
P088,industrial,Industrial Building,26,16,80.5034913233541,False,0.9174222126005287,1.0727522541736454,1.0020811384718273,1370440.5815174144,1361668.946400213,627799.0138189445,238521.0286666608,3792386.88833384
P088,industrial,Industrial Building,26,17,84.25329198170948,False,0.8908274206051618,1.0772777754993117,1.0061448784532883,1168675.4299309086,1200906.4443189055,551353.336062021,209476.85800958477,3052692.8863693117
P088,industrial,Industrial Building,26,18,87.49168986737843,False,0.8979360336321193,1.0821654825734266,1.0087382999632137,1017343.847897571,1041830.7666654494,476159.03895618574,180908.12709290502,2815586.6173847774
P088,industrial,Industrial Building,26,19,90.2481490698418,False,0.8804392837335694,1.0871448086436286,1.0077619898465824,849069.2971180577,890865.7436139062,405297.005218297,153985.3623090671,2384491.16369999
P088,industrial,Industrial Building,26,20,92.56556592725677,False,0.8584423984547146,1.0917939320353898,1.0072001257029402,695997.1753669073,752173.6791712387,340742.25053405814,129458.93561249822,1870628.865306966
P088,industrial,Industrial Building,26,21,94.49370643795388,False,0.8511448083015507,1.0965565259926213,1.0099414615996856,574161.7934549494,628554.582907199,283504.85794501816,107712.61002417447,1580380.8919358144
P088,industrial,Industrial Building,26,22,96.08412261458847,False,0.8644188893526839,1.1014242804008079,1.0092709745961688,480980.18933344365,520761.3264339231,233847.4347324572,88846.158492902,1351057.264777818
P088,industrial,Industrial Building,26,23,97.38662082093772,False,0.8596440509785623,1.1061451622920486,1.0062914314391125,391731.0097041319,428314.27823787637,191513.3087635722,72762.0630235922,1046079.6758737101
P088,industrial,Industrial Building,26,24,98.44709067766506,False,0.8574019496000853,1.1110248484980159,1.0091957057836876,318108.2636541231,350263.9126469019,155926.58025620822,59241.520774213,835011.9626622258
P088,industrial,Industrial Building,26,25,99.30639338117614,True,0.8434549407930094,1.1160717384543222,1.0041381542523267,88749.98025100952,213832.07311882154,37904.3678931781,38402.90123360101,371006.35404326895
P088,industrial,Industrial Building,26,26,100.0,True,0.8270132138104502,1.1208881757999236,1.004854369145919,0.0,69337.80118838174,0.0,19373.63455336296,87471.60810914298
P089,industrial,Industrial Building,30,1,1.3394329306612078,False,0.9971999999999999,1.004,1.003,436793.25333623623,331148.56233170495,183698.14337836098,79361.73735943777,1027284.5766191432
P089,industrial,Industrial Building,30,2,1.9343813977935012,False,0.9934313079830763,1.0087097510470424,1.0036245362319764,193281.3152849921,147779.35205367138,81594.92447602653,35250.846018579694,465868.0098213214
P089,industrial,Industrial Building,30,3,2.7861419604039384,False,0.9992532205381925,1.0128860094522827,1.0100049095268744,278333.68169345276,212444.89002864683,116815.72878546895,50467.02713934864,663387.1085823331
P089,industrial,Industrial Building,30,4,3.997689217746439,False,0.9901377196559258,1.017669637987151,1.011226024636309,392291.27044011327,303609.5061683982,166159.10860060534,71784.4791140817,887341.6971082587
P089,industrial,Industrial Building,30,5,5.705202501061112,False,0.9794548709664063,1.0218631980714388,1.004925853160832,546916.7205954331,429660.11309439247,234178.96690351915,101170.5906478464,1378538.163610374
P089,industrial,Industrial Building,30,6,8.080741660182039,False,0.9574045126569214,1.0264563128091908,1.0112069123090808,743755.7628274462,600441.7096899961,325796.18065511354,140751.2914738842,1861141.2571172484
P089,industrial,Industrial Building,30,7,11.326778525656895,False,0.9567408464479916,1.0306332896830974,1.0181211695325405,1015594.7412385669,823807.6167020819,445181.63759874715,192328.499083339,2457397.178420447
P089,industrial,Industrial Building,30,8,15.655023840816654,False,0.9453443401701487,1.0354845434180908,1.0231100851593133,1338056.8811139371,1103630.457014894,593602.4195615693,256449.6213777268,3339605.345598839
P089,industrial,Industrial Building,30,9,21.241650105673525,False,0.9521598012708344,1.0400162081414055,1.026524697673612,1739530.8725811683,1430730.7635757173,766184.5913377595,331009.0085197787,4174836.725598557
P089,industrial,Industrial Building,30,10,28.157506942377918,False,0.9402378853796547,1.0444567482663383,1.024437159341445,2126456.0969317174,1778707.9400239044,948483.5199221188,409766.2535585604,5383461.0007287925
P089,industrial,Industrial Building,30,11,36.28944300153877,False,0.9395114656405508,1.0491858800549683,1.0256276978675214,2498438.821294834,2100944.507046053,1115264.170339587,481819.2527432352,6241240.384737944
P089,industrial,Industrial Building,30,12,45.292291923289376,False,0.9119637119797822,1.0538389560428127,1.0287709184860896,2684912.888289126,2336266.5980503284,1234706.564385473,533421.0584638731,6704789.644769114
P089,industrial,Industrial Building,30,13,54.618247181739434,False,0.9185145664816041,1.0583785453748653,1.0314143540234832,2801251.1988057955,2430538.720787589,1279019.3722960362,552565.1900178537,7149199.397202066
P089,industrial,Industrial Building,30,14,63.636713349976894,False,0.913930881990392,1.062916293427933,1.0357199913832418,2695372.0009637824,2360477.8735112334,1236848.410474699,534346.3842383825,6685395.566698292
P089,industrial,Industrial Building,30,15,71.79597644960802,False,0.8925299024993272,1.0673541597687808,1.0316402337879949,2381477.004860361,2144508.013405586,1119011.9702357252,483438.3867505965,6302075.171540716
P089,industrial,Industrial Building,30,16,78.7449703212184,False,0.8680248181003715,1.0718827906828965,1.0345694539337222,1972544.2336466052,1834160.836229074,953028.1385065581,411729.6311946328,5287091.525752
P089,industrial,Industrial Building,30,17,84.36501986991209,False,0.863260506600698,1.0766340092125801,1.0352047131189264,1586553.4107360342,1489966.2390932299,770768.4678767673,332989.34647685615,4199462.451466732
P089,industrial,Industrial Building,30,18,88.72325541555199,False,0.8510909072711443,1.081603831399083,1.033658757751694,1212995.8888422847,1160772.4836184806,597715.4658609247,258226.5500616729,3214571.709153243
P089,industrial,Industrial Building,30,19,91.9941332705621,False,0.8514429453967982,1.0864418931704467,1.0330058328097789,910736.112902061,875062.3915987291,448588.4850435499,193800.333948764,2494328.063941392
P089,industrial,Industrial Building,30,20,94.38912901321635,False,0.8517859321130801,1.0910651033962457,1.0316882806059628,667126.0334867642,643463.030911594,328464.5772502241,141904.0989321273,1764232.0098972358
P089,industrial,Industrial Building,30,21,96.11129477493893,False,0.8322299508459965,1.0961549538852993,1.0327730750143498,468695.703049518,464852.41412969213,236188.49871195087,102038.753671507,1300202.3742746518
P089,industrial,Industrial Building,30,22,97.33357719712247,False,0.821175784776536,1.1008195269453458,1.0307223598116857,328231.5927041883,331326.2765292543,167631.39571929383,72420.54032560073,881959.1442952863
P089,industrial,Industrial Building,30,23,98.19305331192471,False,0.8140125915641817,1.1057420077099755,1.0338854994571094,228790.3035754497,234021.5276210277,117873.88748855161,50924.175543432844,637479.8354968097
P089,industrial,Industrial Building,30,24,98.79347350724868,False,0.785432549915126,1.1107518735387383,1.0335192461553697,154218.63916341594,164225.47811510015,82345.35123265683,35575.047287421716,435557.9759003238
P089,industrial,Industrial Building,30,25,99.21100601066544,False,0.7923837728435601,1.1155912258990426,1.037042298272951,108192.84531327196,114700.03972659406,57262.99833461285,24738.90563436578,312102.90627519984
P089,industrial,Industrial Building,30,26,99.50043559799472,False,0.7859696129138855,1.1204772972590147,1.0418315275998644,74391.16514499781,79857.21787273478,39694.16953554383,17148.775700429356,205742.143618947
P089,industrial,Industrial Building,30,27,99.70062305069453,False,0.7824963190425653,1.1252295908120993,1.0407528718330812,51226.16409979663,55468.47001911965,27454.94943926946,11861.156822516967,146369.62437882068
P089,industrial,Industrial Building,30,28,99.8388737872908,True,0.789327501878802,1.1302208745187439,1.0374859899145734,14274.383478354495,30781.44150340552,6952.206752892376,6826.159038614967,54241.65329664324
P089,industrial,Industrial Building,30,29,99.93424995056483,True,0.7757640979298316,1.1351626402827641,1.0377014458498024,7258.777078807428,18662.25702608696,3052.1117308802027,4332.480571373396,33925.88570930592
P089,industrial,Industrial Building,30,30,100.0,True,0.7648852947823396,1.1399169360573167,1.0236847847018424,0.0,5536.798691122072,0.0,1947.8534666411883,7452.447687950991
P090,residential,Residential Building,24,1,3.971506095203277,False,0.9971999999999999,1.004,1.003,162254.18135613055,140081.13173354618,41667.88551602598,31502.18002036256,374106.9660424426
P090,residential,Residential Building,24,2,5.427084561640399,False,1.003065172115635,1.0083480910657467,1.0030222740148154,59816.798861890995,51562.836264486075,15271.505430231578,11545.71937805839,133818.5509679307
P090,residential,Residential Building,24,3,7.37571993084732,False,1.0009869203443083,1.0127086721134728,0.9975849109774448,79912.98957151381,69327.54248215795,20444.514884330576,15456.670775085418,181124.99455785044
P090,residential,Residential Building,24,4,9.951416270092128,False,1.028860707352125,1.017280235392264,0.994462389985219,108569.94971423957,92050.45998095932,27023.455992507203,20430.548968482883,248101.24402661924
P090,residential,Residential Building,24,5,13.299242660896532,False,1.0221665628780827,1.0213921566146476,0.9923183580361413,140198.37926807726,120128.52446950099,35124.41966236699,26555.122190903487,332009.4509475181
P090,residential,Residential Building,24,6,17.55691216247157,False,1.015723161846421,1.0259196904118442,0.992867898801095,177176.32808948722,153453.22055636992,44670.22864977464,33772.04211465753,436095.4889472486
P090,residential,Residential Building,24,7,22.824189340118384,False,1.0086912424503938,1.030404236903594,0.9920838486496604,217672.12509656372,190670.93841941853,55262.73840658181,41780.299435467496,497001.46923657367
P090,residential,Residential Building,24,8,29.122285115227026,False,1.003389534448085,1.035183350026869,0.9957453978978288,258903.0829438752,229043.11126748894,66077.78697435479,49956.802819108416,604867.2604824767
P090,residential,Residential Building,24,9,36.353388523220495,False,1.010182462510135,1.0396840118412716,0.9907896857856351,299269.72949014464,264117.1688271888,75866.63138267079,57357.46486190603,714909.1273785513
P090,residential,Residential Building,24,10,44.27877601232446,False,0.9900364342000332,1.0444040034463502,0.9953522527035038,321462.3214228041,290790.1747791542,83150.85779799757,62864.56005051232,777227.1088751811
P090,residential,Residential Building,24,11,52.534744044413465,False,0.9853238396777546,1.049078649517498,0.9894161154110854,333277.03394421516,304275.33325566765,86619.21259558013,65486.741038455926,800320.4826718011
P090,residential,Residential Building,24,12,60.6921199939909,False,0.9686712722265514,1.0539272748676045,0.9854620038400634,323731.7482252699,302031.2065728117,85584.81317420186,64704.70383206387,755893.3490615005
P090,residential,Residential Building,24,13,68.34165674002006,False,0.9667324332567762,1.0586816539836643,0.9898369503373842,302970.13375117263,284505.8612753484,80256.71212468886,60676.49850439286,748439.720180221
P090,residential,Residential Building,24,14,75.17134573392438,False,0.9680750936215821,1.0633233254281316,0.9909230239782265,270874.6534319527,255127.3181838921,71655.10823507945,54173.42615410265,688983.8063617088
P090,residential,Residential Building,24,15,81.00691593430412,False,0.9756751891823708,1.067750651555338,0.9866240999774488,233263.5890404836,218899.03074543012,61225.103323858675,46288.02740498275,560581.0242028328
P090,residential,Residential Building,24,16,85.80876376050226,False,0.9814591910401067,1.0724518167503176,0.9864722212641247,193080.77509743147,180915.95861146948,50379.589176272326,38088.49112279611,453332.6582682591
P090,residential,Residential Building,24,17,89.63903235274887,False,0.9489632280667248,1.077211563851666,0.9903858791853164,148914.50687048168,144950.90520593902,40186.0627609569,30381.877259366884,373940.6664285562
P090,residential,Residential Building,24,18,92.61922615501284,False,0.920167565433553,1.0815247031734898,0.9910619786740974,112349.15813476214,113232.64351792111,31267.325591741053,23639.042570746176,270936.09264908877
P090,residential,Residential Building,24,19,94.89342934458197,False,0.9051153136474477,1.0862269162730427,0.993086973609473,84331.83908427463,86784.17117337683,23860.277655773825,18039.090602735945,206473.72503276018
P090,residential,Residential Building,24,20,96.60331039855859,False,0.8978089470575856,1.0910478981369254,0.9930556129046896,62893.85622753048,65539.090877686,17939.574130119072,13562.859903661109,163659.81664064608
P090,residential,Residential Building,24,21,97.87460308090155,False,0.8989335833055103,1.096241215157648,0.9858723375761183,46820.01484321912,48960.108196220506,13338.032644393255,10083.955551801246,116034.20016200372
P090,residential,Residential Building,24,22,98.81196836196435,False,0.9054317022599276,1.101068743438153,0.9882127729175325,34771.46225522997,36258.847317244894,9834.563584126381,7435.227120648936,88105.84014022583
P090,residential,Residential Building,24,23,99.49888309378011,True,0.8867297379710842,1.106163533980412,0.9912730180336013,8734.147917950118,20020.463457102112,2162.0728045066344,4358.91292050339,36752.63200090992
P090,residential,Residential Building,24,24,100.0,True,0.8924062943820465,1.1114803756510465,0.990202694799287,0.0,5870.198732448731,0.0,1987.4418687223617,7789.53881684804
P091,commercial,Commercial Building,26,1,0.8406273917294057,False,0.9971999999999999,1.004,1.003,117848.7578110242,87084.00604174031,39506.081531937154,17460.463821042187,257746.49507408513
P091,commercial,Commercial Building,26,2,1.1915717500330956,False,0.9968166157797383,1.0084661413096052,0.9985991756540864,49180.476903848226,36517.47460440836,16492.96295686476,7289.378542322001,111845.08495393972
P091,commercial,Commercial Building,26,3,1.686580330774277,False,1.0030565174225963,1.01294742297154,0.9964453857979304,69803.52160490818,51736.944964210605,23263.397721953555,10281.700905981197,151045.29234160617
P091,commercial,Commercial Building,26,4,2.3823580795026316,False,0.9869774445237824,1.0173202184373966,0.9940715100010078,96542.14982170679,73034.71866605294,32698.735182564862,14451.827680947372,224141.2557190049
P091,commercial,Commercial Building,26,5,3.3555490294518027,False,0.9833589223341503,1.021859068228593,0.9905985659309605,134539.35035153187,102610.12438442944,45736.03167479372,20213.90873023437,286842.1737957837
P091,commercial,Commercial Building,26,6,4.707462347114364,False,0.9840037420107242,1.0263234374067984,0.987774285980208,187018.5985846741,143164.1378031387,63534.448528749446,28080.257441611695,444335.5882281508
P091,commercial,Commercial Building,26,7,6.567706584544479,False,0.9756138034714583,1.0313002204305244,0.9924079272948317,255145.02596340745,197950.3288522133,87423.94220825814,38638.67335934507,576718.3887337098
P091,commercial,Commercial Building,26,8,9.094203314044409,False,0.9496696211751572,1.0357593952555835,0.9898215775480631,337310.9875232256,270009.3298447474,118735.10995216992,52477.23923040445,787078.2997955505
P091,commercial,Commercial Building,26,9,12.465379721515578,False,0.9448363521325569,1.0404730336960089,0.9893019475393698,447792.97409126937,361920.72814869945,158431.63251926206,70021.87208759054,1100303.7326816437
P091,commercial,Commercial Building,26,10,16.8589600276966,False,0.9441439130252789,1.0448240130110857,0.9918257857039796,583171.0661439014,473655.8040069807,206480.47339501083,91257.9708152207,1339026.0524890535
P091,commercial,Commercial Building,26,11,22.41257522520708,False,0.9321760845415683,1.0495133693135268,0.9943252896786702,727801.4952518049,601402.0569323456,260997.41329923092,115352.76887971735,1699542.4918438133
P091,commercial,Commercial Building,26,12,29.167391944891126,False,0.8945936203145491,1.054002923797204,0.9959233223113225,849529.7035467131,734609.4899491788,317449.0180627258,140302.62886053947,2066248.9619007919
P091,commercial,Commercial Building,26,13,37.008885376610095,False,0.871577551053895,1.0585145602380668,0.9934817606329389,960824.3942381508,856439.6560848724,368518.42075752665,162873.7223108972,2411418.0465637483
P091,commercial,Commercial Building,26,14,45.63389754898826,False,0.8471587717196372,1.0629766563945278,0.9961707261078303,1027220.6248200889,945985.7470699083,405340.62707012653,179147.99645302762,2533603.6331163174
P091,commercial,Commercial Building,26,15,54.57567349155775,False,0.8483995703403469,1.0676288983589244,0.9954848111140594,1066506.300222203,985020.4640762388,420227.24087151274,185727.4184462416,2654019.9346921723
P091,commercial,Commercial Building,26,16,63.29485219044783,False,0.8494859841016085,1.0721899989183061,0.9956564145892142,1041288.3232288996,964602.7142847197,409766.07229182613,181103.90610514092,2604040.491181998
P091,commercial,Commercial Building,26,17,71.30348121395858,False,0.8605334244703258,1.0769661181331727,0.9995205759205749,968869.1382873616,889941.3090991651,376373.1164064878,166345.2543861073,2499059.8352514836
P091,commercial,Commercial Building,26,18,78.265428352926,False,0.8414136622647919,1.0817703418609708,0.9987523201046508,823530.1108239127,777082.1642769867,327183.30856106256,144604.8836142113,2136840.530952964
P091,commercial,Commercial Building,26,19,84.03368199308619,False,0.8033352466287917,1.0867606666065288,0.9938437370972816,651448.9269460384,646813.9970189875,271084.5504763378,119810.97093137824,1701395.6145675608
P091,commercial,Commercial Building,26,20,88.62571613093198,False,0.8004790635006673,1.0916844795904224,0.9908242792814971,516766.42294480023,517253.44657272234,215806.99942926705,95380.00631159087,1273178.1003228973
P091,commercial,Commercial Building,26,21,92.1664691453514,False,0.7800879352067341,1.096634327981585,0.990002328004332,388309.8407214494,400643.9778586616,166401.04599057953,73544.10588540151,1038889.2133369604
P091,commercial,Commercial Building,26,22,94.82996758324234,False,0.7782483324422897,1.1016462480825973,0.9984294240124764,291413.62094092387,302758.08894012077,125173.6351715007,55322.86786006522,790271.3526681316
P091,commercial,Commercial Building,26,23,96.7965416395375,False,0.756731224580866,1.1065442824586011,0.9928295796302573,209214.20185479018,224533.03831228922,92421.01288985525,40847.22375117985,557533.5247228032
P091,commercial,Commercial Building,26,24,98.22864319664035,False,0.7285146740518971,1.1113315946328253,0.9950014601897712,146673.38768513867,164217.19413776265,67302.9708924017,29745.827547220502,407445.7661388907
P091,commercial,Commercial Building,26,25,99.26108111182856,True,0.7202860352195599,1.1160625217519673,0.9929259042651642,36591.16074370732,89169.20242715275,14556.119698946726,17155.610243468007,164156.78943599426
P091,commercial,Commercial Building,26,26,100.0,True,0.734424973282219,1.1207101949509632,0.9929037456448283,0.0,25633.770668982957,0.0,7673.950813724571,32760.940776227308
P092,municipal,Municipal Engineering,25,1,5.994885261590696,False,0.9971999999999999,1.004,1.003,1743528.7759126015,1049485.8058202523,459860.33203969663,189538.4972706946,3544242.822660992
P092,municipal,Municipal Engineering,25,2,7.395349287406669,False,0.9768235967592809,1.0082669242449567,0.9988948022583958,398982.70822160493,246212.1377801336,107427.88624289674,44278.05293214133,799846.7494335423
P092,municipal,Municipal Engineering,25,3,9.093781898765801,False,0.9735552286605837,1.0129829332257692,1.0025702230398432,482252.9444620969,299993.9037846582,130284.69278816796,53698.83672921758,955661.7822268959
P092,municipal,Municipal Engineering,25,4,11.139051393421088,False,0.9742919566190754,1.0175242095469337,1.0048111012851446,581173.2711831918,362875.1871807934,156890.126813416,64664.67490450255,1209906.5167186435
P092,municipal,Municipal Engineering,25,5,13.581095570190744,False,0.9779839579175473,1.0219762837792346,1.0014324245914143,696548.2756674064,435167.3612758447,187326.2284400956,77209.38155382713,1445928.1165999023
P092,municipal,Municipal Engineering,25,6,16.467407343284485,False,0.9838928227886992,1.026403748051384,0.9999721681407128,828241.5384297648,516563.18489057134,221405.4535537157,91255.65749055585,1687757.7004751097
P092,municipal,Municipal Engineering,25,7,19.838119257665777,False,0.9731252142512801,1.0306344632998359,1.0043287230011022,956657.1813791448,605742.8238538749,258563.19721225958,106570.7921180021,1822933.1206465894
P092,municipal,Municipal Engineering,25,8,23.719803435185895,False,0.9992698139314926,1.0355025335082408,1.0019681037156545,1131276.9543247048,700863.3402000017,297759.2559084262,122726.04958770717,2162835.7052889178
P092,municipal,Municipal Engineering,25,9,28.118506600167585,False,0.9886266852777067,1.0399748029457727,1.0031043752561988,1268302.8224979746,797644.6448669464,337419.1514477484,139072.48453480098,2436970.2404464176
P092,municipal,Municipal Engineering,25,10,33.013046557889105,False,0.9566125756211643,1.0447338215304884,0.999206719369203,1365569.9094225066,891619.4091138468,375454.1866814889,154749.20835628244,2870378.6322358456
P092,municipal,Municipal Engineering,25,11,38.35006117343067,False,0.9585659415148932,1.0491199558187043,1.0006930184655605,1492060.2504749903,976305.017201203,409395.8776706316,168738.79749169206,3068971.931801892
P092,municipal,Municipal Engineering,25,12,44.042486189275024,False,0.938616356916522,1.0535461933341626,0.9918877987951832,1558301.2214609135,1045713.9021775937,436658.97572202596,179975.70199416348,3112153.168002013
P092,municipal,Municipal Engineering,25,13,49.9727995355063,False,0.9424612770081264,1.0579654324156045,0.9902674283209857,1630073.2888432995,1093984.32716351,454907.0992183989,187496.94630365097,3443334.062507723
P092,municipal,Municipal Engineering,25,14,56.00141399926404,False,0.9264226566091026,1.0624776881489773,0.9869865468055942,1628893.3606240603,1116861.475514422,462447.6579735805,190604.9033842263,3292597.1780226273
P092,municipal,Municipal Engineering,25,15,61.97923256827964,False,0.9373906413444933,1.0674350140816316,0.9914957646408988,1634290.7303798588,1112618.188291635,458551.1668810762,188998.90474758338,3347849.794971184
P092,municipal,Municipal Engineering,25,16,67.76210088874346,False,0.9432879887866144,1.0723342573686894,0.982308512427585,1590939.1972680436,1081273.264176819,443596.7712390724,182835.22095036437,3400965.112886204
P092,municipal,Municipal Engineering,25,17,73.22426621492384,False,0.9154459839792137,1.077018327870822,0.9839718559456332,1458355.9542251332,1025769.8168291543,418996.03594523703,172695.65014053602,3095985.529582393
P092,municipal,Municipal Engineering,25,18,78.2682825797349,False,0.9149074901282971,1.0822159982786834,0.9851644422924799,1345921.2323877846,951814.7215666522,386920.3394428616,159475.15928626875,2954955.3551430795
P092,municipal,Municipal Engineering,25,19,82.82992713504063,False,0.9216552115253906,1.0868641592351387,0.980979667266493,1226184.718568482,864487.4451455633,349918.1866398816,144224.15381913044,2571915.4711520043
P092,municipal,Municipal Engineering,25,20,86.87809615306477,False,0.9055526471335038,1.0917307063320247,0.9812246395058659,1069149.2005052795,770612.6666777245,310530.10483931005,127989.75107831939,2198369.7946052235
P092,municipal,Municipal Engineering,25,21,90.41077580885481,False,0.896492060147328,1.0962625460274824,0.9812629797413531,923669.6614759328,675275.2228353757,270987.5449843763,111691.67783530339,1979455.9541753347
P092,municipal,Municipal Engineering,25,22,93.44872167555063,False,0.8763894445910609,1.1011301862154514,0.9794459258869518,776503.0097376594,583284.8284473661,233037.1198141454,96049.82735073369,1636981.9504043178
P092,municipal,Municipal Engineering,25,23,96.02844075718984,False,0.8876009347100455,1.1060364136310594,0.9829971749481267,667814.9564011005,497512.3000984395,197887.1023691569,81562.20791199786,1459411.1654892347
P092,municipal,Municipal Engineering,25,24,98.1956661258926,True,0.8996150506297501,1.111107265190167,0.9873320752741401,199019.12248712007,314907.7199150766,49873.563921658504,54816.41388704122,616249.9186138682
P092,municipal,Municipal Engineering,25,25,100.0,True,0.8690906222553052,1.1158802315213794,0.9898934287368293,0.0,105321.66644834675,0.0,28523.5426659511,136331.2803980328
P093,municipal,Municipal Engineering,24,1,6.953754235026485,False,0.9971999999999999,1.004,1.003,760695.0230341587,486133.7934726787,252051.51418154995,134926.66405702053,1596216.98949564
P093,municipal,Municipal Engineering,24,2,8.804610245627838,False,0.9738643967092893,1.0081187556686082,1.0065337732785953,197733.42548788336,129923.3141049134,67087.65427087563,35912.94985698829,427745.40245560056
P093,municipal,Municipal Engineering,24,3,11.091757855055342,False,0.9682928972476103,1.012511835020602,1.0159753813336556,242946.0867190807,161249.01274364046,82901.83958604031,44378.50213221791,519323.23121139646
P093,municipal,Municipal Engineering,24,4,13.886303678097157,False,0.9701310806994105,1.0171819425388737,1.012301963486722,297406.61322121485,197930.4621960621,101293.4139373898,54223.76643083602,622443.0439997249
P093,municipal,Municipal Engineering,24,5,17.25407943863621,False,0.942338586759728,1.0213256633136953,1.010054878263042,348144.1558534431,239502.56740405346,122071.17927637784,65346.391791181726,756694.6815539898
P093,municipal,Municipal Engineering,24,6,21.245912999985137,False,0.9298059310470534,1.0259489347700348,1.0180932044212174,407168.0619737472,285168.09327872004,144691.2932917155,77455.2518969798,920018.217429442
P093,municipal,Municipal Engineering,24,7,25.8854789848758,False,0.9143487476988129,1.0302469766120432,1.0250432401193224,465369.80129104934,332829.2345405712,168169.5372186894,90023.48082141239,1055763.9750290103
P093,municipal,Municipal Engineering,24,8,31.156447296840273,False,0.9110877056995266,1.0346658216442375,1.0223779954862953,526816.7310232116,379746.05444578297,191055.8669936304,102274.84990788181,1217494.3910071983
P093,municipal,Municipal Engineering,24,9,36.992008529686196,False,0.8989493079424802,1.0392616093132778,1.01986941508496,575475.4490149172,422289.4939414354,211520.56790117,113229.88754510907,1416371.1756496173
P093,municipal,Municipal Engineering,24,10,43.27069994527514,False,0.8924552376884343,1.043943469847362,1.0190860208052592,614701.8910478414,456403.41220738186,227582.63017212655,121828.1317855118,1386286.716990985
P093,municipal,Municipal Engineering,24,11,49.821920295973214,False,0.8957739449992796,1.048558147646038,1.0165032839068409,643768.3196469694,478318.8410716765,237460.93884264896,127116.1271374425,1491838.1285572525
P093,municipal,Municipal Engineering,24,12,56.44213782614188,False,0.8979474564677878,1.0533166966674739,1.0216386365804022,652126.955565887,485550.03541324707,239961.8675456248,128454.90888621598,1505615.620301979
P093,municipal,Municipal Engineering,24,13,62.91915746644615,False,0.8919614283167807,1.0577065444544962,1.0159927046021058,633767.9250723844,477027.2264656311,234771.39866392067,125676.3790552241,1479735.4879490952
P093,municipal,Municipal Engineering,24,14,69.0586171983538,False,0.8817644414875844,1.062403406098391,1.0104286925181534,593870.4335416191,454174.1074169411,222535.92367261476,119126.55994744881,1357855.9699788627
P093,municipal,Municipal Engineering,24,15,74.70594417610239,False,0.8671395622125866,1.0672231488882487,1.0075082047865445,537206.059004808,419663.24314597144,204697.67376160756,109577.49788002552,1245106.361934588
P093,municipal,Municipal Engineering,24,16,79.75889041683575,False,0.8526667006897837,1.0720128333786312,1.0063823165924266,472642.6928684664,377178.92979953665,183153.25908983074,98044.47452103805,1074362.9863779868
P093,municipal,Municipal Engineering,24,17,84.169351753927,False,0.8386545875008053,1.0768898734983774,1.0079851924043985,405766.42983579496,330718.183719411,159865.22109934763,85578.06546695171,1057127.3737983447
P093,municipal,Municipal Engineering,24,18,87.93651720952957,False,0.8120363355096163,1.0820923389585253,1.014524057342745,335582.3610392719,283845.346830632,136547.78773662547,73095.92066325955,863286.8975600195
P093,municipal,Municipal Engineering,24,19,91.0951300084554,False,0.8108874329962564,1.0873098040814906,1.0085467808293083,280973.8667301977,239140.1275691441,114489.68597024973,61287.91349285386,676219.6631193842
P093,municipal,Municipal Engineering,24,20,93.7025998181461,False,0.8051362567195693,1.0923648615299406,1.0086265407852424,230301.96334483562,198330.6211448664,94512.5023839325,50593.85062515396,564903.7375656144
P093,municipal,Municipal Engineering,24,21,95.82758141907553,False,0.7947686296396441,1.0975806491848177,1.0098963366287925,185269.89626211478,162403.12338217578,77023.83662400958,41231.92579222087,481392.94304338045
P093,municipal,Municipal Engineering,24,22,97.54127222738293,False,0.7916152442542099,1.1021917702145587,1.0130049481015022,148818.04115431555,131520.17952217185,62115.85116097248,33251.47484008217,379237.98430326337
P093,municipal,Municipal Engineering,24,23,98.91161672040899,True,0.7700310791538034,1.1070334615795825,1.008194252122536,40514.9236470316,79223.59250258528,14901.191187248653,21271.5036860615,151513.14258039015
P093,municipal,Municipal Engineering,24,24,100.0,True,0.7560747177850805,1.1115581825361582,1.0118853842057038,0.0,25271.91066723464,0.0,10559.182864915783,35751.93437880689
P094,industrial,Industrial Building,31,1,0.2989508921101142,False,0.9971999999999999,1.004,1.003,53965.52209589007,41906.07120996062,24228.570687395862,7153.7469187226025,128766.06553749971
P094,industrial,Industrial Building,31,2,0.4177831103825728,False,0.9949839809047742,1.0083106750495041,0.9945052787184255,21403.48794869336,16729.07581993985,9630.795145089685,2843.596181671377,50571.94397241024
P094,industrial,Industrial Building,31,3,0.5835782425200944,False,0.9759217271254435,1.0129416845257335,0.9989973381849755,29290.111272657927,23447.664903041856,13436.91952302481,3967.3954718661103,72409.22936221499
P094,industrial,Industrial Building,31,4,0.8146376885082671,False,0.9662032912081997,1.017139672115583,1.0017289876827224,40413.50331692275,32813.133199650074,18726.28671752864,5529.138207658553,100551.83912218313
P094,industrial,Industrial Building,31,5,1.136151067449136,False,0.9616642778468749,1.0217455859308995,1.0041306097403073,55970.19153464976,45865.40153274086,26057.154650480417,7693.656064017203,142935.27478178497
P094,industrial,Industrial Building,31,6,1.582560275546722,False,0.9294380226379191,1.0261730116911623,1.0040859651318812,75108.2838467725,63958.32961470784,36179.37707947336,10682.351453700383,187725.74970582186
P094,industrial,Industrial Building,31,7,2.2005210793723955,False,0.9053433830934243,1.031026537988066,1.0068979437848773,101276.4618667227,88955.7761701342,50082.83103572564,14787.496250825505,246991.07612902316
P094,industrial,Industrial Building,31,8,3.052407006621875,False,0.8816093595026822,1.035587483991819,1.0137740899461605,135953.9705113184,123171.8932706181,69041.36749777403,20385.208701499414,339556.6387087096
P094,industrial,Industrial Building,31,9,4.220056552127495,False,0.8735350000749649,1.0402319318485131,1.0136801114566845,184640.5498148834,169584.46897059007,94632.53095417481,27941.27583747749,476108.4614764843
P094,industrial,Industrial Building,31,10,5.807999908304705,False,0.8803448661272008,1.0443955635226885,1.01599013744876,253059.18321258348,231549.26404254188,128695.3772947731,37998.69875342117,676247.5933624946
P094,industrial,Industrial Building,31,11,7.944625988430803,False,0.8775902202521155,1.0492449170297524,1.0182617165017416,339433.3884164904,313003.20119499246,173163.54418437713,51128.40483357536,876945.1057435527
P094,industrial,Industrial Building,31,12,10.77865975319318,False,0.8613024609338756,1.0539008220723352,1.0231864817071181,441870.4586752261,417011.6072921967,229685.17309097128,67817.02562960425,1160003.5861463465
P094,industrial,Industrial Building,31,13,14.467198349770289,False,0.8466830205941525,1.0588050271388458,1.0239528554045338,565339.6454642955,545272.640255429,298938.7905470407,88264.90342144106,1474718.973414729
P094,industrial,Industrial Building,31,14,19.15129786555843,False,0.8123064981128325,1.0634930750214995,1.0288925290678872,688779.63852918,695511.2508275622,379624.3437309016,112088.18358607519,1875929.3484459785
P094,industrial,Industrial Building,31,15,24.91740697232496,False,0.8280213583611127,1.0681782574797372,1.0295437788249837,864288.3412751986,859943.6020843048,467316.1571736399,137980.137688821,2438403.0306567093
P094,industrial,Industrial Building,31,16,31.74962221185024,False,0.8348764145268468,1.0728841396525393,1.0382168993390426,1032566.4062580676,1023429.061272402,553719.0697573472,163491.52990585772,2745747.7768796156
P094,industrial,Industrial Building,31,17,39.48827119044584,False,0.8435769777984603,1.0772550242011885,1.0387264102616371,1181745.95929744,1163930.5196678124,627181.2821143407,185182.0407524087,3045284.4549494623
P094,industrial,Industrial Building,31,18,47.818591444372025,False,0.8284382433919095,1.0817643493479958,1.0382698874533673,1249269.3831373048,1258165.414339595,675133.4699029905,199340.44159515903,3324300.520527504
P094,industrial,Industrial Building,31,19,56.308565744959274,False,0.8352579523141315,1.0864422028356195,1.0375699356118253,1283693.2401636092,1287823.6108036535,688072.6831890026,203160.88393035863,3494893.081569655
P094,industrial,Industrial Building,31,20,64.49239229548675,False,0.812880298589882,1.091351158587733,1.0395243960461524,1204251.7154505863,1246993.8459674106,663260.8408467561,195834.91976211267,3225284.524592806
P094,industrial,Industrial Building,31,21,71.96825383675957,False,0.8243044661495826,1.095741242643037,1.0419666285457645,1115534.8993488373,1143701.3606234065,605883.5901891082,178893.66741203272,3039319.226393519
P094,industrial,Industrial Building,31,22,78.4694244299888,False,0.8136202057437827,1.100757473959718,1.0407690776048382,957519.3236157016,999140.5503088067,526889.4504949511,155569.79533037517,2460127.3140152995
P094,industrial,Industrial Building,31,23,83.88538150482727,False,0.8173770016499378,1.1052873348909682,1.0449779590967085,801367.7982465441,835783.4889141206,438937.9737301205,129601.1728300466,2106148.8172645927
P094,industrial,Industrial Building,31,24,88.2381911588286,False,0.8126622963921359,1.1101238225293923,1.0495304100123415,640345.0351739846,674659.2491192687,352774.8509006118,104160.58112523869,1824424.4010591651
P094,industrial,Industrial Building,31,25,91.63672244625548,False,0.812048094578396,1.1152992724283068,1.050998901883019,499582.57662876364,529207.5986888893,275435.05540173966,81325.17201740744,1394654.2859672133
P094,industrial,Industrial Building,31,26,94.23069516181349,False,0.7777340895208172,1.120039036517612,1.049365430386696,365200.02488672116,405641.0919147141,210229.3485611142,62072.483511233324,1008458.6324488836
P094,industrial,Industrial Building,31,27,96.17651773667973,False,0.7753758616857775,1.1247759053399806,1.050170647821762,273117.65437503095,305571.34244858153,157699.81306131158,46562.571367751756,815837.2551197986
P094,industrial,Industrial Building,31,28,97.61722462120247,False,0.7789580840509531,1.129697898763879,1.049934361842773,203153.34602746277,227238.1958406212,116762.55034763375,34475.40284355736,620381.4015910169
P094,industrial,Industrial Building,31,29,98.67366790870142,True,0.7988739502028666,1.134208618153254,1.0506103987710187,61110.90265837695,133835.86124097556,31393.92087275419,21066.804259518958,251024.2234843692
P094,industrial,Industrial Building,31,30,99.4428543969546,True,0.7867001527113592,1.1391750113041392,1.0480659535880712,32862.18190842078,85637.40851857806,14545.758501920476,14111.459903751233,144743.4924938234
P094,industrial,Industrial Building,31,31,100.0,True,0.7581542801318102,1.144243798154022,1.049350689831553,0.0,26702.49912202139,0.0,6666.109294629319,34327.753524970365
P095,residential,Residential Building,29,1,0.5327064155210743,False,0.9971999999999999,1.004,1.003,88872.68994564805,68584.96146202947,20431.215429086722,12194.818941911231,198357.25964045545
P095,residential,Residential Building,29,2,0.7563074831497253,False,1.000258040297709,1.0083263163718503,1.0059452114210474,37418.29996763576,28912.272857464824,8575.908699027155,5118.719158435915,82375.46433969728
P095,residential,Residential Building,29,3,1.0727616000414721,False,0.9832387053940879,1.0125477629699808,1.0046322354021608,52055.64651483489,41089.75270258876,12137.158568500263,7244.329233659463,117597.50620258464
P095,residential,Residential Building,29,4,1.5196185600069327,False,0.9840557433635275,1.0170061358461635,1.007493764626409,73567.56055474222,58277.29143191748,17138.578678671693,10229.53649691138,152280.5950428377
P095,residential,Residential Building,29,5,2.148609487464903,False,0.9691688333583925,1.0215979332942986,1.0049043593447953,101986.32655299874,82400.84132123475,24124.074288206968,14398.982728510651,210932.3043145191
P095,residential,Residential Building,29,6,3.0300161248779824,False,0.9585341897876223,1.026055097810761,1.0050018224944774,141345.52173967852,115972.296730644,33805.12861291255,20177.332287123696,300873.6534646976
P095,residential,Residential Building,29,7,4.257417690290946,False,0.9711503120178657,1.0303210162322587,1.0032947121919524,199421.16785031525,162168.49653648213,47075.28400314238,28097.91551804085,450492.2951064928
P095,residential,Residential Building,29,8,5.951801301347916,False,0.9519906041570156,1.0346942193882473,0.9987648150339254,269862.49574430956,224817.9709451271,64985.7324191533,38788.159393143345,600820.3999189931
P095,residential,Residential Building,29,9,8.262907907873403,False,0.9648523643218252,1.0394776743163767,0.9958112716333554,373060.2464582506,308065.03137479216,88639.28719784637,52906.30223490942,834253.3988443762
P095,residential,Residential Building,29,10,11.364095273760665,False,0.9812856543343753,1.0441981601441908,0.9950937602252188,509121.6719615894,415258.172790916,118941.73847414079,70992.98474741502,1150461.9160304882
P095,residential,Residential Building,29,11,15.435412192361811,False,1.0137259637222424,1.0487427136841543,0.9965846380966908,690483.9820157652,547534.0414846658,156149.7113990263,93201.37927927163,1428199.0972970433
P095,residential,Residential Building,29,12,20.62951668105827,False,0.9923666541446219,1.0535025999216567,0.9951370116062392,862344.8476578838,701703.3545612053,199212.67076526402,118904.45085603799,1866242.1534273282
P095,residential,Residential Building,29,13,27.01933849280276,False,1.0074402885420386,1.0580518474920209,0.9883730591659328,1076976.4098211208,866967.7773719651,245072.7496148656,146277.04453132593,2434733.195739554
P095,residential,Residential Building,29,14,34.53751163881568,False,1.0133643761511708,1.0625925758291719,0.9913396525817258,1274606.3706857376,1024439.6041856565,288349.09943615634,172107.4828803891,2845154.8656598176
P095,residential,Residential Building,29,15,42.933107387734225,False,1.007583818461526,1.0674286808987927,0.9873013407420926,1415242.400666839,1149205.3674108596,322001.42593344353,192193.61187417668,3063796.0024124337
P095,residential,Residential Building,29,16,51.778853974422425,False,1.0144836381777274,1.071907037139037,0.9821308826014848,1501335.2062848161,1215902.8449692405,339266.33672498964,202498.55246285148,3298856.8613448814
P095,residential,Residential Building,29,17,60.54578689624475,False,1.0286689815127101,1.0766559585737778,0.9846311872061185,1508764.4980009669,1210408.2940506972,336243.5479642134,200694.3347076595,3139146.030645065
P095,residential,Residential Building,29,18,68.72329126876699,False,1.0099776591634726,1.081509584809903,0.9844377830742019,1381753.8413541054,1134118.4527341651,313636.8337968529,187201.02163975337,2881973.826150199
P095,residential,Residential Building,29,19,75.93063938155552,False,0.9996968877370036,1.0865626053195772,0.986134209807809,1205429.9210848545,1004239.9919069179,276427.8365612788,164992.0157256013,2686932.756182207
P095,residential,Residential Building,29,20,81.97235899880539,False,0.9875966225856398,1.0914314898095734,0.9881296219822713,998247.637805898,845598.6979710289,231721.77294209428,138308.2213456852,2238977.372367323
P095,residential,Residential Building,29,21,86.82774328321602,False,0.9847121333041319,1.0959929698843804,0.9835936005115187,799891.3969237757,682399.3990695294,186221.52730929755,111150.4020162237,1806681.612485114
P095,residential,Residential Building,29,22,90.59913652384914,False,0.9825256103912142,1.1011335656022514,0.9780274255330036,619931.6739689219,532536.1309867379,144646.554879211,86335.46807068508,1376800.2776365243
P095,residential,Residential Building,29,23,93.45181367860923,False,0.9919042256268347,1.1061455855796913,0.9769592284730112,473391.54060740257,404643.1321067841,109410.47413804183,65304.04062807742,1069251.7764270285
P095,residential,Residential Building,29,24,95.56654917350012,False,0.9775936309853502,1.1110889247000828,0.9661470454346364,345869.7234373813,301309.0196108638,81107.74567899478,48410.93652871032,783235.4373043042
P095,residential,Residential Building,29,25,97.11094307125404,False,0.988185649799128,1.1163374446708898,0.9645799721313898,255325.82755314378,221085.78922054978,59233.08507841477,35354.56568451349,587063.0154057137
P095,residential,Residential Building,29,26,98.22652777268198,False,0.9703065320972312,1.1213315814296323,0.9638981997299607,181096.3233838241,160414.5889666211,42786.70333258961,25538.182105376764,411208.4400301233
P095,residential,Residential Building,29,27,99.02600337468333,False,0.937083647382049,1.126201340004373,0.957307213460863,125337.69462876336,115459.19187447394,30662.777430249018,18301.7510786789,298679.19636133465
P095,residential,Residential Building,29,28,99.59569333580394,True,0.9381990357367058,1.131148529803815,0.954137027956941,31296.7846462399,61976.453995076314,6554.900401598234,10433.162772548745,108402.8632097536
P095,residential,Residential Building,29,29,100.0,True,0.9077656683474232,1.1361672201208746,0.9533293414210496,0.0,17671.83584810404,0.0,4627.733422410707,22152.55007745126
P096,commercial,Commercial Building,30,1,0.6283224813641461,False,0.9971999999999999,1.004,1.003,144451.5597206974,130297.33527792769,49232.11403314913,28842.607650224283,360626.8137884372
P096,commercial,Commercial Building,30,2,0.8780819685291192,False,0.9972253098144785,1.0081749667168438,0.9969093247040871,57421.25141353639,52008.83500489183,19569.867253946795,11464.99625412195,138545.34852679848
P096,commercial,Commercial Building,30,3,1.2259076403313047,False,1.0042342599096892,1.0124063903652334,0.9944540433746613,80529.32015441477,72733.70864951967,27253.8284809477,15966.640825401126,190807.54116093455
P096,commercial,Commercial Building,30,4,1.7091596844313248,False,0.9898106707518572,1.0168996430872341,0.9943161844036925,110276.55687281404,101501.16261715928,37865.14162318531,22183.272949082668,263953.66355761053
P096,commercial,Commercial Building,30,5,2.378364050384655,False,0.9834394815880194,1.0214587898334209,0.9993743963929075,151727.31481838954,141188.34185052314,52435.4079843937,30719.25569669806,394830.1318801467
P096,commercial,Commercial Building,30,6,3.3008695763262534,False,0.9627191861829533,1.0259029935293047,1.005202329128092,204750.97099111715,195476.47351288673,72282.78248259192,42346.82942130299,509601.8631151023
P096,commercial,Commercial Building,30,7,4.5646137431464515,False,0.9648519106140757,1.0306339646529703,1.0065304687360108,281110.5803897852,269018.92736375367,99020.48514091142,58011.09820982202,724128.5750394558
P096,commercial,Commercial Building,30,8,6.281049216633161,False,0.9172460094003574,1.0352766549663015,0.9974980739314536,362969.95626288623,367031.31915936543,134491.0447542392,78791.50657035377,975457.2909786367
P096,commercial,Commercial Building,30,9,8.58539910837425,False,0.9117871429413155,1.0396574956084235,0.9896332079711309,484394.5559106118,494832.17899173964,180556.99104728203,105779.21654502433,1267428.6667012966
P096,commercial,Commercial Building,30,10,11.631235406321226,False,0.908095528663623,1.0442532747155482,0.9879178331390257,637669.2311295581,656948.9547495784,238656.0474826057,139816.5176547019,1665907.0076183763
P096,commercial,Commercial Building,30,11,15.575335953668503,False,0.9185163386175729,1.0488325316325202,0.9830213126914085,835203.3556018352,854423.8242859433,309039.40836818726,181050.5719502395,2072359.3250981756
P096,commercial,Commercial Building,30,12,20.549013048300075,False,0.953835418165955,1.053194651936202,0.980999105651558,1093725.6508612311,1081945.670752047,389711.7247107564,228312.40529212705,2778524.2433679774
P096,commercial,Commercial Building,30,13,26.615536376681458,False,0.9672581366299664,1.0577953253106598,0.9771099091973269,1352818.8011353998,1325442.0285898512,475341.5278714782,278478.5796324706,3405645.162040336
P096,commercial,Commercial Building,30,14,33.721443918962294,False,0.953112425001563,1.0621914381537532,0.9784606825041174,1561424.718232805,1558983.6877492853,556782.3224644966,326190.62554598396,4181218.7911567567
P096,commercial,Commercial Building,30,15,41.66059990560675,False,0.9252527097691998,1.06709206477526,0.9842596277117609,1693526.7747885084,1749828.3458096385,622071.3796724924,364440.18475921074,4279716.915865899
P096,commercial,Commercial Building,30,16,50.075709346328956,False,0.8785138952256197,1.0716625767731431,0.9853819269992136,1704377.4128770703,1862674.8714536247,659364.6413663185,386288.4221578305,4604256.758014214
P096,commercial,Commercial Building,30,17,58.51182168748319,False,0.8873354286564554,1.0765307821359609,0.9876813166515267,1725788.3902281977,1875806.468381711,661010.320487733,387252.5423901075,4717926.434281953
P096,commercial,Commercial Building,30,18,66.50948914988756,False,0.8514276889448522,1.0807724030877328,0.9853297483665907,1569887.3093892867,1785323.0468406659,626656.0376026143,367126.10415320547,4432512.516725174
P096,commercial,Commercial Building,30,19,73.69985232585108,False,0.8361463292605977,1.0854875365309498,0.9851220823156769,1386086.9694440197,1612110.8096000503,563399.8310075309,330067.4893832799,3962063.61675867
P096,commercial,Commercial Building,30,20,79.86261166973388,False,0.8516351443937155,1.0902573271032796,0.9851345496398337,1210002.1740514294,1387789.0134518018,482882.0864696284,282896.2118504073,3286837.461468843
P096,commercial,Commercial Building,30,21,84.93186180651506,False,0.8441780329438393,1.094977133321835,0.9815759516961333,986586.4240028411,1146483.9875539492,397200.33613110427,232699.60428375783,2737832.489774049
P096,commercial,Commercial Building,30,22,88.9624792164363,False,0.8308674472938848,1.0998410615338918,0.9772716305791604,772077.1279823671,915631.506695041,315818.42419264687,185022.05474189657,2123874.9795627003
P096,commercial,Commercial Building,30,23,92.08164521580541,False,0.812129520925591,1.104893168330187,0.9806825912989116,584011.1680249345,711832.8048483331,244401.7852677528,143182.6550601865,1722968.0108069917
P096,commercial,Commercial Building,30,24,94.44525757427478,False,0.8303927041415342,1.1098461320990294,0.9809845093493528,452498.499615234,541824.011164639,185200.49276238534,108499.60953894877,1292775.0289062613
P096,commercial,Commercial Building,30,25,96.20795864219659,False,0.8147242313293341,1.1143744923178935,0.9853845627782297,331090.4601733519,405722.4622326195,138116.17848508264,80915.28922587633,965675.6943489315
P096,commercial,Commercial Building,30,26,97.5069266839413,False,0.7922952033279178,1.1195085754594152,0.9850303319693257,237270.0160493381,300362.08690941625,101780.44659129255,59628.02014800017,705646.1083957738
P096,commercial,Commercial Building,30,27,98.45576696200001,False,0.7770681393354794,1.1248062412993263,0.9878146021895997,169984.60152556907,220439.82204579478,74346.23804517147,43555.70375798253,545009.5919686616
P096,commercial,Commercial Building,30,28,99.14440393449661,True,0.778147549894821,1.1297941519913526,0.9892734614358374,49416.23439603486,128557.92900468138,19784.617219789736,26342.74410601368,232823.99387723175
P096,commercial,Commercial Building,30,29,99.64186087206072,True,0.7915081860109056,1.1348284061925362,0.9891267980285411,27232.626151861914,81621.19564103571,9094.904915968149,17507.091292968962,127713.44554797214
P096,commercial,Commercial Building,30,30,100.0,True,0.7992767072359112,1.1398458432007499,0.9953236451494417,0.0,25295.21461183361,0.0,8220.035616837678,33368.95511306307
P097,commercial,Commercial Building,30,1,1.653139205610565,False,0.9971999999999999,1.004,1.003,339957.1180022012,245721.5637140695,99437.37929084871,57416.67523407746,718743.6850028785
P097,commercial,Commercial Building,30,2,2.2605909911409285,False,1.0194173351099316,1.0086331959991761,0.9965211535267925,127701.58002944133,90707.91874983988,36538.61295750762,21097.958218996857,272438.5207032125
P097,commercial,Commercial Building,30,3,3.0842934059800733,False,1.0078398262241737,1.0128600382353992,0.9997973824407057,171196.2702209589,123515.05832154129,49546.22645761816,28608.754714565624,395853.19076169265
P097,commercial,Commercial Building,30,4,4.195324353653025,False,0.9821124983286211,1.0174013395243855,0.9922939935144486,225019.33535871215,167347.25513464597,66829.22126138967,38588.22226285933,501382.28990612994
P097,commercial,Commercial Building,30,5,5.683241964519347,False,1.0001892473825464,1.0218475741294197,0.9895928378026625,306897.6116952445,225094.62996403594,89499.19481862558,51678.21436224612,628044.8004458386
P097,commercial,Commercial Building,30,6,7.6569408731875415,False,0.992185275955821,1.0263863964486402,0.9956110531736003,403837.01408279804,299910.6722091628,118719.25021262052,68550.32465762639,865609.4414870108
P097,commercial,Commercial Building,30,7,10.242090062811736,False,1.0115752315885929,1.0309499796625954,0.9926511811940804,539282.3937134848,394569.3421197286,155498.3752243353,89787.15824325879,1175168.3946523666
P097,commercial,Commercial Building,30,8,13.572548179722087,False,0.9979853884172027,1.0355821554798048,0.9943125255135693,685426.0445605888,510609.23664298333,200329.1833256029,115673.15772945624,1499936.945506677
P097,commercial,Commercial Building,30,9,17.772903565817757,False,1.002328090447109,1.0401312895915853,0.9911041618248926,868217.1935486876,646806.4321464122,252654.0597827588,145886.34777558848,1988933.9817769611
P097,commercial,Commercial Building,30,10,22.930547180627496,False,1.008154569593277,1.044896885703008,0.9835324462208219,1072286.6426181267,797856.7001446816,310235.5582834547,179134.79239957343,2341819.1018539183
P097,commercial,Commercial Building,30,11,29.059626466232537,False,1.0136793839203333,1.0495530544411178,0.9853614839244532,1281233.53305643,952356.9778799593,368668.0344631331,212874.60464983783,2903593.867610751
P097,commercial,Commercial Building,30,12,36.065955525651674,False,1.0372814804894355,1.0540839395512982,0.9853091782978056,1498716.8772966398,1093366.7404035067,421435.16877070395,243343.1611944447,3166569.3904318926
P097,commercial,Commercial Building,30,13,43.72859287460022,False,1.0144028765452549,1.0587571843991894,0.9901106251534726,1602954.4721990712,1201087.8517257918,460912.5316547091,266137.9989101381,3682283.4284468875
P097,commercial,Commercial Building,30,14,51.71409054530899,False,1.0126660383186268,1.0632822557274644,0.991122150866124,1667633.7503749595,1257044.5966870054,480332.7862611439,277351.5532058453,3772623.683921177
P097,commercial,Commercial Building,30,15,59.62816634717252,False,1.0256707708071433,1.0677986293295387,0.9873658041031849,1673942.8563394556,1251093.2951641204,476036.71522373706,274870.93558200554,3872762.7001937167
P097,commercial,Commercial Building,30,16,67.09030563045027,False,1.0120083747454127,1.0722381732916422,0.9899509325294431,1557327.3142276788,1184553.6837614556,448852.4449206192,259174.31897162454,3360947.0924174367
P097,commercial,Commercial Building,30,17,73.80302218574673,False,1.0026690640309681,1.0769567078089528,0.9857289764121491,1387996.4916979384,1070278.2182935071,403774.18907952285,233145.43934702766,3183290.9335169876
P097,commercial,Commercial Building,30,18,79.59082622845378,False,0.9927769243222254,1.0816636122101178,0.9823218817224556,1184944.300032179,926842.9925516729,348140.1105862751,201021.46504707387,2742577.4412030745
P097,commercial,Commercial Building,30,19,84.40145533141092,False,0.97252578532497,1.086238900627879,0.9833477939335711,964795.8852449274,773619.4107493856,289362.4137125639,167082.3170478716,2157043.6289945487
P097,commercial,Commercial Building,30,20,88.27948305151652,False,0.9825005369558972,1.0912196082590375,0.9860657495777307,785735.0902933705,626503.0682841514,233265.84476117563,134691.2936299373,1733239.7897635512
P097,commercial,Commercial Building,30,21,91.32936971522552,False,0.9785985929557064,1.0962103032467794,0.9885852387166693,615489.6173259343,494968.67252089357,183452.63117834248,105928.37643472834,1356191.471272938
P097,commercial,Commercial Building,30,22,93.68165916027503,False,0.9952649597135119,1.100618711619509,0.995826395035337,482794.0590674109,383290.2604076195,141491.71283059477,81699.49552014457,1137000.1659540785
P097,commercial,Commercial Building,30,23,95.46878008159224,False,0.9646778720787075,1.1054815973532517,0.9934101380130185,355523.8162497273,292486.34020639904,107496.46508201753,62070.115568638794,840188.9611870162
P097,commercial,Commercial Building,30,24,96.8110396727728,False,0.9669958466017392,1.1103535115873047,0.9934790619306957,267666.22132106504,220646.94474762026,80737.77188394987,46619.23373729145,619721.6622750316
P097,commercial,Commercial Building,30,25,97.81051703970964,False,0.9484808265270926,1.1150344086015058,0.9914704291782033,195494.2388584841,164991.42190288546,60119.20211644289,34713.753800321036,446135.8344513229
P097,commercial,Commercial Building,30,26,98.54998079232456,False,0.9654727363927026,1.1201751330881025,0.9835267181777732,147227.63917799055,122631.75676459054,44479.21711072598,25682.985429882574,347614.8231438984
P097,commercial,Commercial Building,30,27,99.0944747217987,False,0.9594361351183746,1.1250916459964408,0.9846556738107545,107731.21471991125,90694.5257348034,32751.657696416994,18911.31189039604,249729.1000459781
P097,commercial,Commercial Building,30,28,99.49400128713309,True,0.9677114915302509,1.12973139128061,0.9806702060206348,31892.164439971875,53457.787105354044,8811.651982483585,11563.599207363308,108596.11796883006
P097,commercial,Commercial Building,30,29,99.78640296212448,True,0.9652961082525128,1.1347731088069004,0.9782396494311452,17462.005047534407,34386.42793565516,4103.9010939315685,7786.011707095369,66999.73641497392
P097,commercial,Commercial Building,30,30,100.0,True,0.9644642174035594,1.1397466591157634,0.9826902941239554,0.0,10812.470614485626,0.0,3709.316103881793,15241.995655445238
P098,industrial,Industrial Building,33,1,0.1378567343282294,False,0.9971999999999999,1.004,1.003,44384.958041910344,36520.79837539825,21335.65342251078,6713.240745973108,105093.28933846539
P098,industrial,Industrial Building,33,2,0.20372807857095893,False,1.0106347038186554,1.0083197567982594,1.004973179168549,21493.95280595226,17525.619030859583,10194.700883393753,3207.7518324888974,54432.71427635843
P098,industrial,Industrial Building,33,3,0.30097976158607925,False,0.983917336073811,1.0129303378516956,1.0097349558063595,30894.5088989663,25992.931868131698,15051.337271824492,4735.887326890461,78632.63827172737
P098,industrial,Industrial Building,33,4,0.4444493264626147,False,0.9818722022765907,1.0174471276855617,1.0103286720332347,45482.07851531262,38516.79969972493,22204.333562668555,6986.570031776557,118611.15479764028
P098,industrial,Industrial Building,33,5,0.6558585735786483,False,0.978111405034279,1.021798072013202,1.015607288274305,66763.30999438172,56999.050653297,32719.144616049332,10295.044190120727,165869.59240954075
P098,industrial,Industrial Building,33,6,0.9668539106885875,False,0.985440005561373,1.0263890040193362,1.0180245504736045,98948.59324545357,84225.66178773683,48131.77071782584,15144.610664598944,258067.99887086503
P098,industrial,Industrial Building,33,7,1.423210164347919,False,0.9793400515677816,1.0308030814936087,1.0168559350601085,144298.91969896012,124124.71898662309,70628.822833482,22223.284278961135,373064.69676837744
P098,industrial,Industrial Building,33,8,2.0904325289197927,False,0.9504120616532918,1.0355498194177923,1.009143475171492,204742.5423514364,182314.05727164788,103263.90796665316,32491.87924184855,532793.4343958282
P098,industrial,Industrial Building,33,9,3.0607724328161305,False,0.9385796565469475,1.0400558877401036,1.0128903407633174,294049.5951414142,266292.6210054103,150176.45668489693,47252.862995947275,737668.1987742748
P098,industrial,Industrial Building,33,10,4.461059344258209,False,0.9364862217159429,1.0446677900030765,1.0077074669049066,423393.2978801818,385987.99525408255,216718.0035142354,68190.09021034697,1079968.7792792285
P098,industrial,Industrial Building,33,11,6.45939957026378,False,0.917660418526296,1.0489732182432763,1.0015315075489093,592075.360199027,553111.1262806866,309276.83504240686,97313.62849200032,1505951.226799828
P098,industrial,Industrial Building,33,12,9.266319208769122,False,0.894949660793896,1.0536884037922611,1.0048437626118298,811062.1682391537,780406.2582543391,434418.1289642364,136689.20404730286,2125651.981152725
P098,industrial,Industrial Building,33,13,13.122353078368091,False,0.9077109053997967,1.0581398728908553,1.0091313168526959,1130092.390394976,1076620.0998297215,596786.2406441743,187778.15837135553,3089755.389343946
P098,industrial,Industrial Building,33,14,18.26101076016157,False,0.9120044449427911,1.062776111802906,1.009236167358202,1513115.9180150297,1441020.0900012879,795293.8961591066,250238.38187613036,4113669.337832469
P098,industrial,Industrial Building,33,15,24.838386279121767,False,0.912574781527637,1.067576010329144,1.0115616715798226,1937968.2522401041,1852806.2520936304,1017959.7332410141,320299.9516172909,5106036.856093621
P098,industrial,Industrial Building,33,16,32.83621764686869,False,0.8998262395435854,1.0722859399526323,1.010344120117556,2323573.7085357117,2262879.4487672835,1237799.2197874908,389472.2131567708,6241779.679983371
P098,industrial,Industrial Building,33,17,41.97614407898801,False,0.8665377369866099,1.0768709053450551,1.0099204351588498,2557147.2569445088,2597077.4862223943,1414557.6827508754,445089.0762667327,6700585.682952599
P098,industrial,Industrial Building,33,18,51.70918527899625,False,0.8567445345945325,1.0815795953243146,1.0111278148713048,2692312.4647669718,2777701.741223514,1506352.190934432,473972.12101774244,7393613.417520474
P098,industrial,Industrial Building,33,19,61.324705441573315,False,0.8517726768819114,1.0865479341240176,1.0081883311534816,2644368.9256305583,2756768.115596966,1488163.829395883,468249.17232875363,7130201.57650504
P098,industrial,Industrial Building,33,20,70.14523255381782,False,0.8392820867716275,1.0914255643434145,1.0043787517472693,2390165.9245251752,2540195.9840877424,1365125.2540382564,429535.21494201524,6737671.259142697
P098,industrial,Industrial Building,33,21,77.70289633903275,False,0.8332570608913229,1.0961503054494095,1.0041223993138118,2033256.3051390795,2185929.9515664354,1169675.8666956718,368037.27227767895,5877540.393254858
P098,industrial,Industrial Building,33,22,83.80910897936789,False,0.810711136534337,1.1011990987598275,1.0063122748956834,1598319.5819463846,1774256.214589895,945039.3356058714,297355.62575472763,4807893.109915985
P098,industrial,Industrial Building,33,23,88.51272339050527,False,0.8224864366257397,1.1059196343883868,1.0058806593152534,1249067.8056071491,1372567.9215626612,727963.6167081649,229052.9807779424,3717499.090206501
P098,industrial,Industrial Building,33,24,92.00445319153131,False,0.8175175727589246,1.1106383264778865,1.0045752473697076,921644.1774188523,1023273.788425279,540404.0451325902,170037.56028606635,2687774.017284479
P098,industrial,Industrial Building,33,25,94.52606242138793,False,0.8053483224584534,1.1158098991620213,1.008023426392428,655672.6998000992,742414.694750777,390261.5338843728,122795.37818580781,1859104.8284623378
P098,industrial,Industrial Building,33,26,96.311054809192,False,0.8181564626646991,1.1207117583314103,1.004783547737932,471518.0160059565,527847.97616779,276257.6607779752,86924.18029087353,1332800.499176819
P098,industrial,Industrial Building,33,27,97.55681284359936,False,0.8136281546637107,1.1259737238963665,1.0072135504401294,327254.1952659207,370118.2639733999,192802.05497353832,60664.96233905303,934389.5392320104
P098,industrial,Industrial Building,33,28,98.41765167207538,False,0.8050111206521939,1.1310440955008492,1.006130613302168,223742.9115233105,256909.37260845708,133229.31945620262,41920.46422107629,665815.549600672
P098,industrial,Industrial Building,33,29,99.00843431743047,False,0.7877756619129777,1.1358877169458588,1.0007031606773023,150264.31154354167,177068.6581976091,91433.57290996872,28769.476849557443,439883.52352238534
P098,industrial,Industrial Building,33,30,99.41197257497726,False,0.7882197660901187,1.1409867301743073,0.995636891837931,102696.96127186043,121490.93427240032,62454.34760729784,19651.19430924558,309782.6383182814
P098,industrial,Industrial Building,33,31,99.68672475122227,True,0.7754873477785681,1.1463512081102214,1.000035491092774,27517.020443936428,66485.56823582079,15591.594568110679,11149.724347289713,118443.90915222303
P098,industrial,Industrial Building,33,32,99.8733814135853,True,0.7740948068471915,1.1514786989570625,0.9998379980253337,13995.372497204913,39698.6746685951,6740.595139368611,6968.740821149922,70047.33773366899
P098,industrial,Industrial Building,33,33,100.0,True,0.7538060060819046,1.1569053328298518,0.9996548461984328,0.0,11595.650107344529,0.0,3082.987050501263,15610.413473804494
P099,industrial,Industrial Building,35,1,4.1705647582307375,False,0.9971999999999999,1.004,1.003,1337680.8333601237,933855.8429605175,538185.6793706118,219762.35071253253,2985071.4205502784
P099,industrial,Industrial Building,35,2,5.238817722289958,False,0.999316934919934,1.0082864832218084,1.003379935907944,343362.3868803404,240220.08166670366,137851.46149985128,56290.16599585827,787910.5961501301
P099,industrial,Industrial Building,35,3,6.562089387214633,False,0.9745709855520788,1.012871545536055,0.9979184778359022,414799.1485603279,298919.77203268715,170760.05319756412,69728.03650661944,957225.9813739688
P099,industrial,Industrial Building,35,4,8.19092056184139,False,0.9791970122345734,1.0174649875191455,0.9978064785994757,513004.90553260694,369612.63149787055,210190.62479883773,85829.08756982967,1195823.8093590362
P099,industrial,Industrial Building,35,5,10.180325710943235,False,0.9736911778655223,1.0217760117966386,0.9930064041952423,623045.6071128823,453346.428606132,256720.47403166952,104829.05252182393,1500543.5469392377
P099,industrial,Industrial Building,35,6,12.587158081393381,False,0.9580479227041381,1.0262829937205487,0.9955379591957904,741666.124186739,550889.1702302702,310586.88439390215,126824.82353433776,1776485.4735089247
P099,industrial,Industrial Building,35,7,15.465771893448698,False,0.9581730884628348,1.0309883718132957,0.9942563616216684,887161.607917796,661893.9789663363,371467.37190189096,151684.71773094128,2069307.528959798
P099,industrial,Industrial Building,35,8,18.861754335296887,False,0.941306188611405,1.035670445211327,0.991760821047062,1028186.0698996445,784401.2511781126,438230.60509725346,178946.76804290843,2385718.862380106
P099,industrial,Industrial Building,35,9,22.803877279005626,False,0.9405273990722747,1.0399961059593432,0.9954637160927706,1192551.0575418994,914351.4044502187,508706.6710654314,207724.91380154496,2893213.1286007077
P099,industrial,Industrial Building,35,10,27.29504815509595,False,0.932781624341162,1.044448868124323,0.9901471078172109,1347457.0360851227,1046159.7842472746,579557.9230242111,236656.26273598042,3196188.0121436412
P099,industrial,Industrial Building,35,11,32.30383569303256,False,0.9418478648091622,1.0486800943180252,0.9917340733332839,1517360.3568358899,1171458.4604034119,646353.1632274754,263931.38276638376,3418009.651199616
P099,industrial,Industrial Building,35,12,37.75883889918224,False,0.9469852334683844,1.0534153120187464,0.9976829455008972,1661550.6425715545,1281580.5141082597,703934.5452379384,287444.12261240557,4013538.4114839747
P099,industrial,Industrial Building,35,13,43.54832486137599,False,0.9280231148702689,1.0581522370822039,0.9926245456016517,1728121.0661388189,1366279.0787480958,747097.4835292274,305069.24558789365,4079307.1205318426
P099,industrial,Industrial Building,35,14,49.526781976220704,False,0.9355899587048031,1.062533709397896,0.9941366592459638,1799078.1782920726,1416716.9630931101,771483.0461727993,315026.828584651,4171399.723844185
P099,industrial,Industrial Building,35,15,55.52827770481655,False,0.9040564351235887,1.0672491835218376,0.9904842810462258,1745140.5453882911,1428487.9824629056,774456.0372932313,316240.8176265699,4005961.4165558848
P099,industrial,Industrial Building,35,16,61.384324010636746,False,0.8771451386929918,1.071793516560103,0.9909867775960641,1652157.052176596,1399802.8916910458,755686.6856709861,308576.55417259154,4317847.46008877
P099,industrial,Industrial Building,35,17,66.94232646126306,False,0.8638310050605855,1.0765213151559792,0.9914298933911468,1544268.7651698051,1334420.2559949912,717225.9629659395,292871.53050557675,4181462.3907386065
P099,industrial,Industrial Building,35,18,72.08047340559325,False,0.8250247677781131,1.081014025207291,0.9901001887205699,1363480.3155254102,1238765.516765667,663046.1973964105,270747.80425455864,3448166.0106464294
P099,industrial,Industrial Building,35,19,76.7162297773814,False,0.7973555710927176,1.0861182365704614,0.9884790197426357,1188907.3239486634,1122920.3911809823,598215.7901813391,244275.00270417827,3043385.367827675
P099,industrial,Industrial Building,35,20,80.80773928016143,False,0.796059801568153,1.091003769243675,0.9829345629844465,1047622.0331045878,995545.4085726265,527984.0858625412,215596.6394045521,2599405.820459581
P099,industrial,Industrial Building,35,21,84.34939139849256,False,0.7818908637749118,1.095750765187841,0.9768172760620949,890691.6974424054,865503.7246397564,457028.3791030278,186622.63747240164,2414470.148406583
P099,industrial,Industrial Building,35,22,87.36387169257195,False,0.7898589047323499,1.1004246605738262,0.9703906645087179,765838.7435438146,739816.5154109811,389000.10407863377,158844.02089575276,2037796.5950317276
P099,industrial,Industrial Building,35,23,89.89307874611524,False,0.7741969057647684,1.1049724145457507,0.9783425621174865,629812.3624961227,623285.5793273696,326378.583066909,133273.19433859715,1700875.2200458248
P099,industrial,Industrial Building,35,24,91.98969685885181,False,0.7724511421997731,1.1100644414694225,0.9826158078773117,520913.626922847,519061.4589490434,270555.64624838886,110478.4967292853,1377704.5446890472
P099,industrial,Industrial Building,35,25,93.7104103018778,False,0.7572868106455541,1.1148001337133706,0.9832945062265891,419125.7177098976,427815.8024768027,222047.46527660705,90670.70122715579,1153958.7535811092
P099,industrial,Industrial Building,35,26,95.11105504907209,False,0.7409431665705429,1.1198196849414872,0.9812933484259697,333801.4812023747,349806.07941750647,180744.57262364216,73805.10794110263,954077.6652398816
P099,industrial,Industrial Building,35,27,96.2435583135017,False,0.7436165274201197,1.1246656695808515,0.9821740536381014,270871.84244538745,284062.6665869647,146142.5667959292,59675.749930388185,735387.8631868958
P099,industrial,Industrial Building,35,28,97.15430615689019,False,0.723317775143504,1.129192575274222,0.9788764453035687,211886.19146098924,229359.86481459136,117526.39636203389,47990.64361113834,637397.7311049963
P099,industrial,Industrial Building,35,29,97.88353486665024,False,0.7124881414037412,1.133920574923213,0.9714747863049116,167115.51221474618,184415.59862522667,94102.47084743883,38425.73482348216,474919.71617190953
P099,industrial,Industrial Building,35,30,98.46538740275021,False,0.7228562677429501,1.1393517587667716,0.9715330132244737,135282.0725695789,147850.23434437028,75084.48389788812,30659.943799943165,377910.06042861915
P099,industrial,Industrial Building,35,31,98.92835619113515,False,0.7066944937251138,1.1442722873644242,0.9693283461241843,105234.65618789787,118149.62624765991,59743.268921219475,24395.523182133784,294642.7465271755
P099,industrial,Industrial Building,35,32,99.2959152548056,False,0.7161137338196792,1.1492428463323954,0.965442128544264,84661.2165579435,94208.52499052044,47431.23194524689,19368.034916255736,241173.27730043328
P099,industrial,Industrial Building,35,33,99.58721329128974,True,0.7080286683003753,1.154583871816293,0.9574956445175231,26535.285022643395,60007.32805924518,13783.079337209485,12791.301451711863,113264.02944116101
P099,industrial,Industrial Building,35,34,99.81775079557042,True,0.7018943045871711,1.1597643741946309,0.9560207440015078,15613.847236806214,41740.78859506215,6941.536969047234,9313.364308492066,73932.55357288649
P099,industrial,Industrial Building,35,35,100.0,True,0.7021404082415328,1.164905468868027,0.9614462154915214,0.0,14204.594441262389,0.0,4801.689447680827,19693.476056572646
P100,residential,Residential Building,28,1,0.4044092791513684,False,0.9971999999999999,1.004,1.003,24139.09195558918,18680.876276659383,5582.817829279025,3464.1424249897823,52690.37632177361
P100,residential,Residential Building,28,2,0.6008838054433361,False,1.0217111736463145,1.0086472700266889,0.9924031084818132,12015.77924108649,9117.756446989266,2712.305441367953,1682.987451193039,26147.975581656003
P100,residential,Residential Building,28,3,0.8919614231453318,False,1.0036701514782347,1.0131886489476838,0.9862661277578884,17487.08286153646,13568.803302593,4018.2888909493195,2493.3511084670877,36456.651669385195
P100,residential,Residential Building,28,4,1.322176091409225,False,0.987182410147815,1.0175650531688942,0.9850079408339292,25421.441282091022,20141.407511109825,5939.057890662393,3685.189635888738,54710.474511383836
P100,residential,Residential Building,28,5,1.9558207815632753,False,0.969998585753155,1.021821150318355,0.9911630014578776,36790.39480670201,29789.492672405406,8747.383049774035,5427.757390083427,79044.5782995204
P100,residential,Residential Building,28,6,2.8843073907475754,False,0.9635334586936424,1.0261982146159025,0.993175314457571,53550.063748706576,43837.857317089256,12817.637634028551,7953.353248124546,119487.81941084543
P100,residential,Residential Building,28,7,4.234639679292671,False,0.9436690357110542,1.0306553596857593,0.9895509161630545,76274.24276890904,64031.92199678301,18641.16271456527,11566.854693340882,177212.54150195202
P100,residential,Residential Building,28,8,6.177159941980746,False,0.9351254841703874,1.0351388488228932,0.9890706756471553,108730.90372024328,92513.81387488885,26816.241158036424,16639.49666906967,242081.89170744724
P100,residential,Residential Building,28,9,8.928142254032041,False,0.9137311892377893,1.0397047135911037,0.9983024241209566,150460.94832827692,131595.2551057965,37976.955256762776,23564.727687681017,339058.4850467321
P100,residential,Residential Building,28,10,12.738864200144281,False,0.9230714252879957,1.0443732600942157,0.9979943682747444,210552.3609686131,183107.20109870227,52606.52393492019,32642.38543454888,489342.20334417076
P100,residential,Residential Building,28,11,17.85899039434745,False,0.8998156511343354,1.0490209881253012,0.9910109662037492,275773.00743431755,247119.63953611912,70682.68034091497,43858.65331245741,627240.5313282544
P100,residential,Residential Building,28,12,24.463616122006037,False,0.8734233352704229,1.0536189597518837,0.9943282264828073,345295.2071226922,320165.2615404477,91176.00453051462,56574.77551546855,803133.0868569877
P100,residential,Residential Building,28,13,32.549146543861966,False,0.8721397998636549,1.058342508060255,0.9988002654387843,422096.9059924926,393710.6608350886,111619.70242878508,69260.10456949196,1022276.350367304
P100,residential,Residential Building,28,14,41.8372926054803,False,0.8696592070785036,1.06295057130385,1.000504013896052,483499.1143745304,454239.11121725093,128221.65589910198,79561.62847962433,1182122.159909427
P100,residential,Residential Building,28,15,51.758053072259024,False,0.871823716537669,1.0675798672897896,1.0006063115652186,517715.5271539608,487290.29106287827,136954.8159977015,84980.56051841046,1252796.0521317385
P100,residential,Residential Building,28,16,61.56390020271893,False,0.8909646280230636,1.0721808241310586,0.9913026515495267,522953.56558371324,483721.703369842,135368.45224222873,83996.22068235512,1206037.6790498623
P100,residential,Residential Building,28,17,70.54077138205254,False,0.9048977223081944,1.0767552709526613,0.9961314115385571,486230.3185170118,444717.70394622267,123924.54638105967,76895.26897417722,1192242.199878729
P100,residential,Residential Building,28,18,78.19996459912885,False,0.9109784642015687,1.0818197560613974,0.9901546418605295,417646.3431906817,381224.10469454515,105734.17242036574,65608.12902252183,965817.7867891496
P100,residential,Residential Building,28,19,84.35195387001085,False,0.9063257909777186,1.0862315716849866,0.9908529453521397,333747.06526672223,307454.1859944176,84927.41674742324,52697.52236166556,838875.956599878
P100,residential,Residential Building,28,20,89.05803858272724,False,0.8963335059202044,1.0909775687166132,1.0001654310507755,252491.59107020576,236220.7158048619,64966.891203346066,40312.00209630887,600806.1789537395
P100,residential,Residential Building,28,21,92.52543362988607,False,0.8798913181650164,1.0961195037945344,1.001981002849457,182620.65851307704,174865.3048505638,47866.94046945088,29701.47053071569,413986.33608608023
P100,residential,Residential Building,28,22,95.01015577265635,False,0.8679678267198344,1.1009814457736369,1.0004293792457362,129091.90359597135,125863.62907452023,34301.268033640175,21283.961157232312,317014.2100339633
P100,residential,Residential Building,28,23,96.75545445105526,False,0.8529527934939993,1.1057753053083332,1.004372722800671,89107.09864189231,88793.06881390403,24093.622677573483,14950.109969799403,216739.74068101007
P100,residential,Residential Building,28,24,97.9642277286974,False,0.8438694014040228,1.1106847263203303,1.0120444437680094,61057.30591106948,61770.066596807905,16686.9588653793,10354.269818093808,148662.71877060411
P100,residential,Residential Building,28,25,98.7932655348734,False,0.8453930568321198,1.115853027412374,1.0112682049271906,41951.79617593817,42562.168955061454,11444.759762135385,7101.481554333495,102733.46921037028
P100,residential,Residential Building,28,26,99.35805619317901,False,0.8316691084745073,1.1206511551490663,1.006137628676108,28116.135172179755,29120.60324841695,7796.862039405928,4837.958428599931,71953.01457679522
P100,residential,Residential Building,28,27,99.74106766167917,True,0.8233026350850792,1.1255518582411763,1.0062828183167007,6606.278457088712,14875.821906738749,1586.2271456640021,2624.6801855254707,26314.97224901406
P100,residential,Residential Building,28,28,100.0,True,0.8018093715209427,1.1306214162470234,1.0040801006092703,0.0,4040.7983209492527,0.0,1108.9984140092538,5339.259837867619
P101,commercial,Commercial Building,20,1,19.183447506196053,False,0.9971999999999999,1.004,1.003,1644231.9742127229,1267261.4802788133,486981.8655967758,290115.5462547671,3672013.320778516
P101,commercial,Commercial Building,20,2,22.59896443473816,False,1.01048482364206,1.0087962061822398,1.0035839205559063,296647.2994073919,226707.4259263089,86704.68669938388,51653.62269458343,674903.1418123555
P101,commercial,Commercial Building,20,3,26.445896808878732,False,1.0138956517124609,1.013257536726556,1.0062994304602277,335244.7410645778,256472.1768801469,97656.3938144343,58178.01449757485,767521.7620592924
P101,commercial,Commercial Building,20,4,30.718042087736507,False,1.028634958724647,1.0177284600091292,1.0018411020222966,377712.58421021263,286077.561826881,108450.64617955929,64608.60389433284,845684.1456808359
P101,commercial,Commercial Building,20,5,35.38870906735233,False,1.0169560705925755,1.0223508375653991,1.0001893345435644,408258.5207730408,314184.4767375519,118567.32834804182,70635.53627301277,932181.8511966469
P101,commercial,Commercial Building,20,6,40.408486012299335,False,0.9757180151701281,1.0269611149223643,1.000054820415675,420981.3968159564,339190.97063805646,127429.66772476201,75915.2039793688,969496.3047570073
P101,commercial,Commercial Building,20,7,45.70527254728175,False,0.9514830096246942,1.0311269713481506,1.0026154513429895,433179.27488925075,359360.61777851806,134461.70129954405,80104.48166290163,1006845.8750839441
P101,commercial,Commercial Building,20,8,51.1871215490836,False,0.9516867689937991,1.0357844220801598,0.9998682408300902,448409.9715500874,373596.0769473896,139159.60897826363,82903.2225375664,1105751.6446681044
P101,commercial,Commercial Building,20,9,56.74792039157857,False,0.9466088883525636,1.0403368777663626,0.9976839922516448,452440.96984111745,380642.2940566889,141163.7920479064,84097.19855006417,1071003.902175057
P101,commercial,Commercial Building,20,10,62.27529276419378,False,0.9542980514120171,1.0450984143567887,0.9902495954164016,453374.3250444414,380085.9146873361,140315.24359710803,83591.68260641537,1037390.2808449198
P101,commercial,Commercial Building,20,11,67.65953041453709,False,0.9495707346322972,1.0496905017728853,0.990164462603295,439446.1900098898,371870.17784473044,136681.69368064296,81427.02434431066,1037719.4923756906
P101,commercial,Commercial Building,20,12,72.80208268813503,False,0.9542902354712025,1.0542265662603114,0.9997072971487134,421806.58607676846,356712.6694104864,130546.38376740133,77771.9626003972,971826.00954841
P101,commercial,Commercial Building,20,13,77.6222537679175,False,0.9446450747533255,1.058595960899887,0.9986344224626884,391367.96924095764,335736.492303714,122362.5682594294,72896.5200546384,898508.7958747033
P101,commercial,Commercial Building,20,14,82.06123346156417,False,0.9201171256123111,1.0630290351734026,0.9936321185620661,351059.2606910454,310480.37093025696,112685.82520738534,67131.67788116143,793578.9193023327
P101,commercial,Commercial Building,20,15,86.08323233442991,False,0.9187767919035795,1.067611125761991,0.9901457507903414,317618.7429196053,282527.6121634477,102100.54860596155,60825.58412196869,810893.260528535
P101,commercial,Commercial Building,20,16,89.67408276466907,False,0.8965623226944256,1.0725602577840239,0.9861425771847494,276714.52826871787,253410.65999122124,91155.6195012416,54305.23026434745,684983.5472621097
P101,commercial,Commercial Building,20,17,92.83804434998444,False,0.8972759232339058,1.077436191298136,0.9887482450039172,244012.10861553063,224299.66495300122,80318.82251590914,47849.295250835195,612895.5982157782
P101,commercial,Commercial Building,20,18,95.59366767434568,False,0.8950593036129801,1.0824812853506292,0.9820723148118707,211995.100922068,196266.4703579947,69952.94182372541,41673.90484745888,513067.44076476723
P101,commercial,Commercial Building,20,19,97.96947444489989,True,0.8959811837092966,1.0873379825872795,0.9769800550330083,64037.181781259475,127480.21915324223,18093.3298831961,28743.8836554267,233698.45736137856
P101,commercial,Commercial Building,20,20,100.0,True,0.8695292146676601,1.0923108082572208,0.9845761051716116,0.0,43780.61004052128,0.0,15354.044949737667,60980.51955448615
P102,residential,Residential Building,19,1,26.05561900259285,False,0.9971999999999999,1.004,1.003,1741744.4915798164,1066573.6622397138,494751.6322181937,307203.0930558204,3616043.5582936555
P102,residential,Residential Building,19,2,29.3552212896752,False,0.9970695374368521,1.008084694397913,0.9959435735525322,220540.23070318793,135617.0721329503,62653.80289151546,38903.241114513,435804.41482456005
P102,residential,Residential Building,19,3,32.93151120768332,False,1.0043520560140098,1.0126147742104246,0.9983489417209603,240779.4799247521,147649.75308604928,67907.62768076688,42165.466280694134,502118.43483075197
P102,residential,Residential Building,19,4,36.77337246788143,False,0.9780321076701479,1.0170401315932185,0.9939237245947696,251881.09371891472,159307.24039120326,72950.37316325941,45296.62726902569,516596.1641905796
P102,residential,Residential Building,19,5,40.86129858494883,False,0.983612458483029,1.021916604230745,0.9944048028466759,269542.8646341876,170323.3697646754,77622.7238587275,48197.80129659574,578722.3959132974
P102,residential,Residential Building,19,6,45.16708515275617,False,0.990313564931192,1.026601716238847,0.9959335820174933,285841.97718029184,180223.00706276146,81759.52113031238,50766.43742514779,608500.6425584238
P102,residential,Residential Building,19,7,49.65408635785108,False,0.9490137423578122,1.031065328717818,0.986674424647538,285449.6193839021,188624.5065034186,85200.47709343593,52903.009082731,629000.8690746534
P102,residential,Residential Building,19,8,54.2781059215386,False,0.9376435278864585,1.0355892596180014,0.9887940419323468,290641.8865362264,195237.36949069353,87802.22132951832,54518.49415567802,587329.0906638823
P102,residential,Residential Building,19,9,58.9889200610176,False,0.9159092632714679,1.0400846250233646,0.9909452585443204,289233.9056164724,199765.4571888237,89450.30184667082,55541.82667143816,655276.350301885
P102,residential,Residential Building,19,10,63.73234509933942,False,0.9126154598266156,1.0443961114051212,0.9902023108883946,290188.7982283316,201982.17057658444,90069.52702911524,55926.3183617275,643571.3338527494
P102,residential,Residential Building,19,11,68.4526811302758,False,0.9264027378630403,1.0491536144092173,0.991121684564074,293138.94930477516,201914.6100366888,89631.10627660502,55654.09245591866,622681.3772851194
P102,residential,Residential Building,19,12,73.09530336371488,False,0.9183765545127884,1.0535759913249814,0.9876284701907538,285814.9329570235,199427.4607247725,88155.45420501732,54737.82487609581,634721.930303184
P102,residential,Residential Building,19,13,77.60914854692261,False,0.9167023574112022,1.0582684608510378,0.9849834813657659,277380.4116889913,194759.32461456742,85710.19831653315,53219.50715193313,594629.6846535335
P102,residential,Residential Building,19,14,81.94886111445035,False,0.9134542244417527,1.0631010037494197,0.9883572984145567,265734.8629290489,188101.0592316672,82403.71782871474,51166.43452550759,575260.0726272757
P102,residential,Residential Building,19,15,86.07641822352582,False,0.9116890462789726,1.067516619877311,0.9868473703251429,252255.47935634785,179648.45360651656,78375.24860129708,48665.06186425053,593257.8006971293
P102,residential,Residential Building,19,16,89.9621316025607,False,0.9177364500932984,1.072144403745438,0.978263454036964,239050.42739818536,169855.56992298635,73783.0498833389,45813.656111916265,534647.60888735
P102,residential,Residential Building,19,17,93.58500970949754,False,0.9165970411205819,1.077091854584584,0.9742348772533745,222603.99488230306,159097.08078686707,68792.2576913715,42714.75416126022,495433.5241906274
P102,residential,Residential Building,19,18,96.9325393572088,True,0.8815776647722169,1.0818819148159426,0.9730148712692054,69239.48608001642,110744.27991710708,19069.158444546578,31574.65456554682,234815.28719893956
P102,residential,Residential Building,19,19,100.0,True,0.9012108202792162,1.0870268411492352,0.9742566196338327,0.0,40784.605796274875,0.0,18083.112844079376,60140.50677308143
P103,commercial,Commercial Building,29,1,8.226255867795059,False,0.9971999999999999,1.004,1.003,559962.2126894797,416620.06250510237,199540.99108633804,103796.44884560668,1226196.7843755349
P103,commercial,Commercial Building,29,2,10.047109141554168,False,0.9721394448770304,1.0084026116378142,1.0101365342547508,120830.82868761013,92621.7892635656,44167.70797163192,22974.984819643254,281317.2496606644
P103,commercial,Commercial Building,29,3,12.21873994240476,False,0.9612647343710983,1.0128456144206712,1.0034960732175742,142496.1859163929,110951.5817596506,52676.37783694335,27400.991283832962,334890.1399210471
P103,commercial,Commercial Building,29,4,14.784659472042675,False,0.985327067979918,1.0172994647721223,1.0113872695602064,172582.8685670053,131672.80931690696,62240.481480303926,32376.009144411913,388174.52038954943
P103,commercial,Commercial Building,29,5,17.78322851714667,False,0.9660461785726171,1.0219018447231678,1.009612810038936,197736.19725694897,154570.81251401684,72735.08734919064,37835.05199718285,455263.7907711089
P103,commercial,Commercial Building,29,6,21.242600295787046,False,0.9747279443863157,1.0262521430491882,1.0142564780923942,230173.27267656766,179083.49789385629,83912.59454357704,43649.32377867127,539730.5699766247
P103,commercial,Commercial Building,29,7,25.174842117855217,False,0.965319405652664,1.0309693991313362,1.0082831389918814,259110.78632986764,204498.5561943965,95382.81363681241,49615.85728578294,635328.2143894548
P103,commercial,Commercial Building,29,8,29.56995504442504,False,0.9752919786832523,1.0354663458537985,1.014551678365776,292603.10345069447,229567.4339304475,106610.49247659587,55456.227156674475,677846.1647084161
P103,commercial,Commercial Building,29,9,34.39091916575881,False,0.948440607996109,1.040117932887918,1.0146627553900043,312117.6132291461,252941.87695815804,116940.1942053212,60829.490821642925,704288.3473439278
P103,commercial,Commercial Building,29,10,39.57114489010273,False,0.9540526331490417,1.0442643564540903,1.02025262284691,337361.2959127842,272874.7759717158,125654.65889934576,65362.54683136671,780415.8993987889
P103,commercial,Commercial Building,29,11,45.015605077423544,False,0.9269017275813638,1.0488967279830517,1.0253206112141682,344479.00300180604,288065.87276211794,132064.08834925984,68696.57866315049,851200.7487623121
P103,commercial,Commercial Building,29,12,50.60632656866839,False,0.9322086832007115,1.053693989895745,1.015518857590183,355758.4623538761,297157.4440128615,135611.89016962866,70542.06027651446,865995.9724168151
P103,commercial,Commercial Building,29,13,56.211897392661434,False,0.9426532949026153,1.0581207349633934,1.0220209667339963,360699.9411829652,299198.4382811194,135972.0844817392,70729.42473876313,862601.3210310948
P103,commercial,Commercial Building,29,14,61.69951185294256,False,0.9122314613273225,1.062743559877852,1.0166965327257365,341714.0814021916,294182.15636406,133110.86425004626,69241.0864389577,813442.4223919138
P103,commercial,Commercial Building,29,15,66.94728626802078,False,0.8934017238712542,1.0678788632245144,1.011818149143625,320034.0456013045,282684.11306560494,127293.16041356126,66214.85611217073,829128.8746075118
P103,commercial,Commercial Building,29,16,71.8544910376793,False,0.8809425447432666,1.0724551596945342,1.0125861836262324,295091.02633067366,265471.30033653905,119032.09904212787,61917.64966159542,718557.4728069202
P103,commercial,Commercial Building,29,17,76.34800098257645,False,0.8723591975962923,1.0773353555433431,1.0106565200632802,267581.01026532426,244197.3086078862,108997.2695076679,56697.77145623317,664294.2778501139
P103,commercial,Commercial Building,29,18,80.38436385057565,False,0.8762971203527986,1.081915083675419,1.0060775476015396,241443.67028931063,220286.37243218903,97908.43611098842,50929.625662480525,597005.8100835958
P103,commercial,Commercial Building,29,19,83.94796883676007,False,0.8588834476557716,1.0867921811217398,1.0087358078556947,208928.66469637083,195362.10069116487,86440.93767703949,44964.50737722835,543924.0942362291
P103,commercial,Commercial Building,29,20,87.0465019036465,False,0.8405412090139309,1.0917413130532942,1.0017053369197326,177782.65314402172,170639.72144377336,75159.87455493922,39096.36828008166,454097.17776440154
P103,commercial,Commercial Building,29,21,89.7050824699406,False,0.8432471108921663,1.0963834281644491,1.0064686862566314,153030.82701023202,147033.58341031667,64488.12310325052,33545.178533966,407268.55247651786
P103,commercial,Commercial Building,29,22,91.96028550410915,False,0.8297105450364064,1.1012158045143685,1.005410486803615,127728.11249564057,125274.40139662492,54703.55600056545,28455.480857207338,344844.3210456093
P103,commercial,Commercial Building,29,23,93.85486227213595,False,0.8195762764025989,1.106181332522017,1.0053039863201323,105992.66792096477,105716.5023736311,45955.989219983894,23905.205934140027,276865.2715962873
P103,commercial,Commercial Building,29,24,95.43356321916711,False,0.812621105007473,1.1110031071083848,1.0029600112568413,87571.3821885372,88474.7606366095,38293.916049072825,19919.57881258456,235056.76610985378
P103,commercial,Commercial Building,29,25,96.74014518960954,False,0.8094281031604678,1.1159035483843236,1.0049927677535662,72192.01727198536,73547.44208715072,31693.235112987702,16486.06253405667,189307.63729506131
P103,commercial,Commercial Building,29,26,97.81544555289939,False,0.7922508146479408,1.1208189833525752,1.0036168080453538,58152.27699591488,60795.23252689629,26083.129877635176,13567.820032054746,160630.390825077
P103,commercial,Commercial Building,29,27,98.69631353093212,False,0.7662993729132379,1.125582162685765,1.0034314522706418,46076.929454724566,50014.07925202603,21366.861446771385,11114.530047569848,130097.17878351099
P103,commercial,Commercial Building,29,28,99.41517115469144,True,0.7485993216372775,1.130631628104216,1.0025678416345924,12856.85050471004,30748.896160391,5231.112367527921,7256.265282378968,55265.94839909616
P103,commercial,Commercial Building,29,29,100.0,True,0.7315046237884089,1.1353216009983331,1.0045156831734712,0.0,10047.85118006466,0.0,3689.598178142731,13135.838966842986
P104,commercial,Commercial Building,22,1,18.729559189812296,False,0.9971999999999999,1.004,1.003,4011770.8033092516,2446481.168446962,1435903.6478871913,714109.2351146361,8815790.836941639
P104,commercial,Commercial Building,22,2,21.767806093988316,False,0.9990931496772721,1.0084665412026839,1.0032587555615347,652011.6154356328,398625.58177079546,232927.52214164817,115840.42906950512,1426440.6572203927
P104,commercial,Commercial Building,22,3,25.163369035147483,False,0.9844958642663197,1.012779778865338,1.0137532152255473,718045.506147767,447411.78042245033,260321.1941310975,129463.95748671528,1604785.2153173513
P104,commercial,Commercial Building,22,4,28.91547352344342,False,0.969893620358841,1.0171580149568031,1.0122536350487605,781673.3654222602,496528.24443119095,287655.4897740781,143057.95662637043,1678552.0356449692
P104,commercial,Commercial Building,22,5,33.009951224139314,False,0.9607157101261863,1.022068150654804,1.0090073519459888,844927.9761833858,544451.2178388223,313903.5685271199,156111.75412117003,1897521.5168506273
P104,commercial,Commercial Building,22,6,37.4174232935966,False,0.9625665040978845,1.0267763642764403,0.9990281280341325,911269.0094679426,588770.4975163179,337899.3151070551,168045.41294390216,1975950.9736893098
P104,commercial,Commercial Building,22,7,42.092598770259684,False,0.9709647726774717,1.031589154771921,1.0019051894360314,975051.7750189736,627458.9120087632,358422.8253009162,178252.2455457767,2169926.6981310407
P104,commercial,Commercial Building,22,8,46.97506087384595,False,0.9671737663890958,1.0358751850960741,0.9967582451790507,1014307.5932469246,658001.5532049094,374314.4766067903,186155.5439150262,2290829.8859378328
P104,commercial,Commercial Building,22,9,51.991722869697774,False,0.9543621818196362,1.040274814297549,0.9978682180066525,1028381.7232344403,678958.9744021251,384602.92562458705,191272.235741407,2334750.275036429
P104,commercial,Commercial Building,22,10,57.06085042596509,False,0.9248648057127632,1.0452091663819332,0.9922438907576441,1007019.2219028693,689313.9024694904,388625.2033955462,193272.6107015686,2270336.742865447
P104,commercial,Commercial Building,22,11,62.09723346924508,False,0.9463147297979628,1.0499358046555247,0.987491044687926,1023718.7095795196,687958.2886069171,386114.84182374977,192024.1478367138,2328229.276435856
P104,commercial,Commercial Building,22,12,67.01783744452754,False,0.9289803276053465,1.054366866765161,0.9953379293564991,981863.7307750029,674979.7926112157,377238.627258216,187609.7939882272,2310188.2730931416
P104,commercial,Commercial Building,22,13,71.74715336558515,False,0.9269738866043824,1.0591066335765529,0.9938115209521766,941655.6433500448,651656.3364426381,362573.50823031564,180316.4794630581,2071679.1918584667
P104,commercial,Commercial Building,22,14,76.22153580582206,False,0.918625486936334,1.0637548032020792,0.9888512154733772,882872.2772401813,619234.6420371796,343029.0058013354,170596.53084339155,2042885.687058651
P104,commercial,Commercial Building,22,15,80.3920440977487,False,0.9014057601521266,1.0685094832746926,0.9869268945960293,807487.1229903115,579759.639430116,319732.4618925667,159010.60223600612,1895135.2618172518
P104,commercial,Commercial Building,22,16,84.22561014433512,False,0.8757119360675683,1.0732150858750285,0.989312823424007,721091.7162706184,535266.824489091,293900.7488069499,146163.87334830305,1693060.492302241
P104,commercial,Commercial Building,22,17,87.70465487614925,False,0.8800051383745457,1.0782556833194847,0.9832787284378078,657614.6931442245,488047.81960404804,266721.3344931205,132646.90039884974,1644882.813467894
P104,commercial,Commercial Building,22,18,90.82549194746157,False,0.8749528593168374,1.0830013589756682,0.988339230247,586518.93632853,439724.5427464316,239259.30609175575,118989.37670270848,1340086.7955825164
P104,commercial,Commercial Building,22,19,93.59595933770858,False,0.8742371783529228,1.0881794815497274,0.9867149353811628,520245.82261734945,392224.0173062342,212398.1772177545,105630.69471680155,1192959.2471012818
P104,commercial,Commercial Building,22,20,96.03271498560316,False,0.8703135394881988,1.0929345626175484,0.9847744100074293,455526.879430576,346486.84439759335,186814.13098738366,92907.1364811288,1059295.7189947783
P104,commercial,Commercial Building,22,21,98.15855475305823,True,0.8633031114188445,1.0978565366554756,0.9845004199000869,137971.11210127012,227728.81728775013,48893.31958073127,64842.179997032785,480280.52454934636
P104,commercial,Commercial Building,22,22,100.0,True,0.8756457852359423,1.1026556947162955,0.9828805575992253,0.0,79250.24214655547,0.0,35104.75189171422,108886.55776435517
P105,municipal,Municipal Engineering,24,1,10.760630730500994,False,0.9971999999999999,1.004,1.003,1336871.4136907244,762670.1523099337,316851.4918545974,192381.78123655714,2571508.274560894
P105,municipal,Municipal Engineering,24,2,13.039882008086462,False,1.0144317725652288,1.0080367613449752,1.0037490953469106,288061.149204324,162193.66470507585,67113.553629103,40749.137448300455,567295.9185218074
P105,municipal,Municipal Engineering,24,3,15.72231414814025,False,0.9894471287437849,1.0125138773935576,0.9983983811900309,330667.09161126695,191732.19213133698,78985.39097393515,47957.325743647285,654846.0539271319
P105,municipal,Municipal Engineering,24,4,18.844833878828638,False,0.990160396767165,1.0169701614798763,1.001810498237501,385194.7703200532,224170.62946460152,91943.9631182259,55825.34358635675,744828.641784704
P105,municipal,Municipal Engineering,24,5,22.43360327277846,False,0.9766719575121718,1.0210354521826515,1.0017351586199563,436680.6114328892,258673.34769777345,105672.88896662836,64161.09480444575,818878.8563928346
P105,municipal,Municipal Engineering,24,6,26.498309943278826,False,0.9732670815407569,1.0254420434402436,0.999613868415881,492868.2970799519,294242.6608462145,119687.07083766004,72670.04407636322,989604.6246405597
P105,municipal,Municipal Engineering,24,7,31.02645251824352,False,0.9603055681753666,1.0300358418757425,1.0049815401903686,541750.3228157985,329259.0639016373,133333.14432406717,80955.4900713743,1070182.919796608
P105,municipal,Municipal Engineering,24,8,35.978737553957046,False,0.9623941176749111,1.0350486342687784,1.0042798602050211,593783.6458436351,361852.6014107857,145822.20512477087,88538.43610311848,1228374.7390486966
P105,municipal,Municipal Engineering,24,9,41.28689125616607,False,0.9778476626180463,1.0394241142723413,1.0066090996180868,646672.4075165616,389494.7311728111,156300.91410637295,94900.76277906551,1380344.4900621385
P105,municipal,Municipal Engineering,24,10,46.85505236165783,False,0.9597877715259338,1.0442999970051463,1.013570855966427,665819.7045286248,410489.8079569397,163956.9461445192,99549.25306100056,1287669.5722013076
P105,municipal,Municipal Engineering,24,11,52.56532373402811,False,0.9572622776322146,1.0490701166261078,1.0126741664530845,681016.0260934822,422889.1799219528,168141.44528736972,102089.94300370045,1428646.9221952728
P105,municipal,Municipal Engineering,24,12,58.28709550185065,False,0.9805686908424944,1.053607364629664,1.0129308137587487,699001.6352674931,425573.55923269695,168480.07947594352,102295.55052034525,1333267.4591373084
P105,municipal,Municipal Engineering,24,13,63.88870836509453,False,0.9818246387948482,1.0582727029954506,1.0095625677556952,685198.8985045006,418481.2403047256,164941.94782465973,100147.31361181974,1429571.2279905973
P105,municipal,Municipal Engineering,24,14,69.24931518622608,False,0.9828054377669873,1.0629141329173337,1.0040854086846684,656373.6594636344,402232.7661804781,157845.41920084893,95838.53535973109,1301346.2208528838
P105,municipal,Municipal Engineering,24,15,74.26873683628274,False,0.9810565012866507,1.067481127998324,1.0033499334400964,613503.9152215507,378250.22480024054,147799.07218260888,89738.7246156601,1208892.149615779
P105,municipal,Municipal Engineering,24,16,78.8737230380291,False,0.9874873529791196,1.0721850032216442,1.0056070334111977,566538.6122224597,348548.62274014193,135595.8386209983,82329.32346155183,1081060.9023228812
P105,municipal,Municipal Engineering,24,17,83.02004533841797,False,0.9958875718085654,1.0766992280868712,1.006471145572177,514449.8075087337,315153.96001560986,122090.27885924243,74129.19276828784,1012217.109383583
P105,municipal,Municipal Engineering,24,18,86.69085440056139,False,0.9732682217739166,1.081699582283115,1.0079276122086969,445106.5421514219,280306.88587348507,108088.58298210244,65627.82458027606,885846.3211106071
P105,municipal,Municipal Engineering,24,19,89.892399298974,False,0.9508846079996389,1.0869767987965513,1.0098098650787404,379277.47688370367,245666.0711692319,94270.8938451122,57238.17921932859,775402.4475707231
P105,municipal,Municipal Engineering,24,20,92.64841771789466,False,0.95729070201821,1.0918054234540582,1.0027957814249755,328696.8902966033,212418.66367753388,81152.17123272685,49272.92329155419,705061.6414727081
P105,municipal,Municipal Engineering,24,21,94.99434580653589,False,0.9479813203557699,1.0962708322099253,1.004483311609427,277066.5608747974,181550.67330192914,69076.88157745867,41941.205459864395,574071.7057196043
P105,municipal,Municipal Engineering,24,22,96.97214170328508,False,0.9129289380338005,1.1007297056009508,1.006048969823489,224951.0807709783,153683.57973052416,58237.067711336866,35359.627801412906,460609.6199321598
P105,municipal,Municipal Engineering,24,23,98.6261341473056,True,0.8816632442607162,1.1056077456093378,1.004701879121452,63587.82060853741,96819.12793852825,14610.75990421257,23656.458101887674,201133.02144570163
P105,municipal,Municipal Engineering,24,24,100.0,True,0.8548564396059846,1.1105624397469125,1.0068674157687412,0.0,32312.746578322018,0.0,12281.192735861237,45911.023039939246
P106,residential,Residential Building,27,1,0.7527674203488817,False,0.9971999999999999,1.004,1.003,103263.78060027605,84792.8842819789,23370.403975923782,21168.131420589227,226241.10755679503
P106,residential,Residential Building,27,2,1.1160520446617161,False,0.9892575518946358,1.0082149243891567,0.9964779872515394,49438.049496428815,41092.73239411527,11278.52800071737,10215.713994329602,111182.51351755591
P106,residential,Residential Building,27,3,1.6517521558430788,False,0.9794661508205931,1.0127838075708553,1.0020326380915414,72179.87156242097,60870.00908710877,16631.33614689828,15064.10884553924,166628.2582567176
P106,residential,Residential Building,27,4,2.4382730899437592,False,0.9744243821269862,1.0169984431118717,1.0027423822151118,105429.79577053433,89741.94032987057,24418.314964979123,22117.294197418218,252503.38476283834
P106,residential,Residential Building,27,5,3.5857193335722086,False,0.9590659845612957,1.0214258679248864,0.9975762826511433,151386.02061592208,131493.43837107168,35623.595720740275,32266.6632835029,340306.82225087326
P106,residential,Residential Building,27,6,5.244252990603993,False,0.9434668529343806,1.0256491917981836,0.9977627191829793,215256.30065259134,190848.17538181858,51490.80648912094,46638.652880657224,505820.3117602691
P106,residential,Residential Building,27,7,7.609644363647526,False,0.9343744419674844,1.0299462987596568,0.997154568279593,304038.7201522095,273326.95973860647,73435.89859876236,66515.78441387296,744228.508842252
P106,residential,Residential Building,27,8,10.919540753203096,False,0.9253948851997666,1.0343018389074494,1.002284327604119,421353.3299194586,384084.3192349571,102758.98458319905,93075.65639619963,1021533.271333224
P106,residential,Residential Building,27,9,15.42979239233562,False,0.9418237460778862,1.038780511880173,1.0071609761910416,584353.0909691374,525641.2595695745,140025.1923638609,126830.14282530524,1396696.478359692
P106,residential,Residential Building,27,10,21.35845782241555,False,0.9511568418092707,1.0435466567892278,1.0110456281980114,775736.1231737183,694118.6198961455,184061.2417509332,166716.52568926502,1877837.244247862
P106,residential,Residential Building,27,11,28.793466165672633,False,0.9567319980137109,1.048116357929809,1.0156910764001683,978535.7479742751,874290.6625508475,230827.1371066384,209075.5118630143,2376324.896781479
P106,residential,Residential Building,27,12,37.58637744386555,False,0.9523538068244362,1.0527656913262862,1.0249532151871108,1151956.155475903,1038554.507997828,272984.56753160973,247260.30441129394,2719567.9644750976
P106,residential,Residential Building,27,13,47.291822213171734,False,0.9757411784123048,1.0574028830131612,1.0268908998633666,1302731.7942437904,1151385.6529411569,301315.0661057815,272921.1238668198,2988780.43226688
P106,residential,Residential Building,27,14,57.221491856596785,False,0.9926813174934104,1.0621757247711676,1.0256066702594435,1355968.4505500041,1183303.2368547916,308276.347569291,279226.42013072217,2954076.6886554603
P106,residential,Residential Building,27,15,66.62214464493745,False,0.9900997500959403,1.0666878546656726,1.0206455333463156,1280388.898011118,1125020.0008028408,291852.4996725997,264350.24721274053,2957600.2274918915
P106,residential,Residential Building,27,16,74.8904376038229,False,0.9984479760714721,1.0715469241848425,1.020839544450247,1135654.5192504118,994012.694657524,256697.2764986058,232507.82013985407,2613921.269933115
P106,residential,Residential Building,27,17,81.70497535816925,False,1.0006893074837564,1.0763160759989412,1.0149980312784674,938081.557338958,822888.7213568867,211564.01821222264,191627.62209835695,2200107.1256428985
P106,residential,Residential Building,27,18,87.02671046267557,False,0.9965068582406829,1.0808907039034357,1.0128924160876964,729522.1485531103,645356.837702912,165218.4936318391,149649.39373378165,1644653.7087472773
P106,residential,Residential Building,27,19,91.01040901445413,False,1.010393963938144,1.085695895928214,1.013006613929672,553709.7200575954,485243.29684095003,123677.83455641386,112023.25207562334,1213054.4636935778
P106,residential,Residential Building,27,20,93.89899634323933,False,1.0185535706006075,1.0904537779912502,1.0179999937234931,404738.309976645,353392.7570361722,89679.03095773926,81228.27123314531,883581.9340571682
P106,residential,Residential Building,27,21,95.9454863871531,False,1.0243936705501828,1.0951931158587218,1.022637180942695,288390.83807875426,251457.86408849614,63535.29359281294,57548.14704974405,691334.482572353
P106,residential,Residential Building,27,22,97.37165838267283,False,0.9914278443516791,1.1001370434779894,1.020074474984819,194508.2169995831,176028.7372539947,44276.9104685722,40104.546787550826,477322.2108290978
P106,residential,Residential Building,27,23,98.35415421152206,False,0.9774377584844592,1.1046598980870355,1.029657392901182,132106.67552590088,121765.47982254508,30502.54807019245,27628.18934913818,313215.3671050533
P106,residential,Residential Building,27,24,99.02563942801088,False,0.9912147467339436,1.1095896741830606,1.02264848278725,91560.70895577822,83591.8126945539,20846.918117061003,18882.442206426025,206372.6182154867
P106,residential,Residential Building,27,25,99.48207473706364,False,0.9779799204197304,1.1146047127815342,1.0246924430290802,61406.466550495716,57077.50610914618,14170.482506395954,12835.14980304029,149299.70203923364
P106,residential,Residential Building,27,26,99.7911857031596,True,0.9707855950278983,1.1197402891603936,1.0249149575136538,14448.0992657502,29124.458637695298,2878.9960706731595,6953.862642814153,52605.08328635448
P106,residential,Residential Building,27,27,100.0,True,0.9910059409866803,1.1245163132883513,1.0276497403063989,0.0,7903.3665725710325,0.0,2935.972226299902,11186.844310081735
P107,infrastructure,Infrastructure,35,1,0.37207931142817263,False,0.9971999999999999,1.004,1.003,87718.21787979608,43142.72364940259,20738.69344701156,11653.564922921381,164804.7616724807
P107,infrastructure,Infrastructure,35,2,0.5059429409997096,False,0.9974521715504191,1.008608961903341,1.004556120861611,31566.51833941927,15592.786860869874,7461.196288319658,4192.623588884891,58653.309748025444
P107,infrastructure,Infrastructure,35,3,0.6876369937328175,False,0.9799886031879825,1.0133225702923747,1.0057955111413825,42095.31312078623,21263.108322158587,10127.134578683726,5690.677698544174,78574.10911890875
P107,infrastructure,Infrastructure,35,4,0.9339730016554291,False,1.0058073278460018,1.0176889810205274,0.9977520634966408,58575.324278170694,28952.181642426014,13730.10214854111,7715.270838791574,108264.52376068012
P107,infrastructure,Infrastructure,35,5,1.2674375207269666,False,0.9991236421879319,1.0221792423439053,0.999385421882019,78766.37782180867,39365.431139024455,18586.409467205132,10444.145382807968,144575.1749904076
P107,infrastructure,Infrastructure,35,6,1.7179126132147733,False,0.9893346132526336,1.026599894278423,0.996291372086148,105362.48233195717,53408.492750916725,25108.26203359674,14108.929400873389,189990.17077582097
P107,infrastructure,Infrastructure,35,7,2.324754833087508,False,0.9859943643487536,1.0310737485066812,0.9911147782351821,141456.27846838787,72260.97907716072,33823.74236379465,19006.365014255352,268211.7346428737
P107,infrastructure,Infrastructure,35,8,3.139165209048853,False,0.9947123171289445,1.0352095008086664,0.9942180925815624,191519.4125590267,97366.56994244657,45393.02941165606,25507.422473282237,369094.71999382356
P107,infrastructure,Infrastructure,35,9,4.2266285542072195,False,0.9589256634347694,1.039945752733906,0.9974631783337039,246531.021979391,130606.15263576852,60612.262647811025,34059.47147520102,465619.1125243266
P107,infrastructure,Infrastructure,35,10,5.6689296252039885,False,0.9559390720804877,1.044282812788755,0.9918895208519694,325955.3743212521,173945.1723139618,80389.95679412468,45173.02804271759,636666.4740540225
P107,infrastructure,Infrastructure,35,11,7.564829471799442,False,0.9584120735627655,1.0485167528597799,0.994221319521112,429575.66856555105,229577.37658887202,105672.32446722452,59379.79154189521,799325.5879930514
P107,infrastructure,Infrastructure,35,12,10.02791412009086,False,0.9421215156533682,1.0527663713476776,0.9948006396589981,548603.1117383599,299467.47768924973,137285.6697108162,77144.08186077308,1112738.1436935612
P107,infrastructure,Infrastructure,35,13,13.179541859704019,False,0.9057410642083323,1.0572834824103798,0.9954558142725141,674855.7919966651,384826.2469564199,175663.1974512581,98709.32714718251,1357271.4174723316
P107,infrastructure,Infrastructure,35,14,17.134597778479513,False,0.906346565484105,1.0618544950687097,0.9934546552251299,847459.4535908609,485015.88380278513,220444.10894666883,123872.78600985087,1759850.8294474178
P107,infrastructure,Infrastructure,35,15,21.978634501330365,False,0.8770878392956991,1.0665039611993874,0.992092965664448,1004436.5869643865,596634.3086512751,269993.49212852767,151715.76248644796,1939129.8372218953
P107,infrastructure,Infrastructure,35,16,27.73780622463703,False,0.8597147938659954,1.07122944444149,0.9892495654536226,1170540.47537306,712493.4122863954,321000.6394064476,180377.89126784945,2364570.6199095245
P107,infrastructure,Infrastructure,35,17,34.348018666331654,False,0.8557268573579214,1.0757646418584184,0.9956656323008973,1337280.7318028817,821241.7250977966,368435.3449315343,207032.5800913593,2756722.0287826606
P107,infrastructure,Infrastructure,35,18,41.63517542203457,False,0.8470220494610987,1.080512641784559,0.9879729105478219,1459233.6465042767,909339.984390274,406166.38822719373,228234.5503976847,2840032.7014157986
P107,infrastructure,Infrastructure,35,19,49.31999867687133,False,0.8216959925347533,1.0849655006580807,0.9929068497623876,1492853.049310478,962915.4075958383,428331.24224186013,240689.5088514059,3134139.3130200286
P107,infrastructure,Infrastructure,35,20,57.05420077934736,False,0.8150859186945655,1.0898450507667232,0.9972530782232115,1490359.066719595,973461.0881246345,431083.4855203884,242236.05978586824,3101508.9984581983
P107,infrastructure,Infrastructure,35,21,64.4805544671452,False,0.7989070695049321,1.0946900634123142,1.0023358220163885,1402632.509386053,938869.2789890599,413924.8483587195,232594.2136076957,2993796.601871471
P107,infrastructure,Infrastructure,35,22,71.29623116721352,False,0.7874488789738178,1.0990974484131517,0.9948860614976117,1268829.7643407886,865134.248062789,379887.36641688424,213467.7432427509,2722014.3134069447
P107,infrastructure,Infrastructure,35,23,77.29685567983731,False,0.799443322359422,1.1040142482543296,0.9927446406544049,1134112.502598838,765084.5882147771,334458.56417080347,187940.21916328455,2509387.704844318
P107,infrastructure,Infrastructure,35,24,82.38966006756719,False,0.8052141342072772,1.1089143843659468,0.9893223549686403,969483.4333698304,652218.8344235112,283859.1282523226,159507.1930883373,2067362.8950526502
P107,infrastructure,Infrastructure,35,25,86.57916763769983,False,0.8140307037897477,1.1137660297134517,0.9921719614419755,806261.2224167549,538883.9770246586,233511.80923610018,131215.83749500173,1738488.2127106134
P107,infrastructure,Infrastructure,35,26,89.93799655241904,False,0.7939382345404662,1.1190495893310979,0.9946842439525583,630444.1331493665,434085.7596829304,187212.02997272063,105198.89072150705,1254876.620870181
P107,infrastructure,Infrastructure,35,27,92.57569950114808,False,0.7779086605628216,1.1243471077274168,0.9933688108010608,485094.66525967047,342503.1857863876,147018.421013526,82613.14621984535,1044461.5614247303
P107,infrastructure,Infrastructure,35,28,94.61363679945553,False,0.7722613915303431,1.1292684001766446,0.9920102686024045,372072.13664169447,265782.4601267218,113589.10747174964,63828.42013846712,815847.2368164931
P107,infrastructure,Infrastructure,35,29,96.16845952807694,False,0.7697850358563104,1.134191929163639,0.9865347109056724,282958.2443414386,203660.00808245313,86661.60934763527,48697.218724887745,645498.1524732744
P107,infrastructure,Infrastructure,35,30,97.34332386594846,False,0.7487050644366564,1.139310913955332,0.9895701905522686,207955.54225064657,154585.33894840998,65483.757351145105,36796.88017175282,438933.4942706562
P107,infrastructure,Infrastructure,35,31,98.22463629910641,False,0.7488518642647208,1.1442869168699172,0.9861946424530426,156026.3034766704,116467.07083083858,49121.96894836159,27602.802256761708,348896.8973563724
P107,infrastructure,Infrastructure,35,32,98.88213662608497,False,0.7199047490233363,1.1495190954719363,0.9814398504280166,111903.33216850435,87287.18478470978,36647.288101506354,20592.982495792156,256449.49137792474
P107,infrastructure,Infrastructure,35,33,99.37066313792307,True,0.7163695657149274,1.1544171851384524,0.9786613045378854,33094.60964352755,52104.97971570922,9984.019880014697,12750.586697097893,110262.41098082415
P107,infrastructure,Infrastructure,35,34,99.73254063985607,True,0.706990231221867,1.1590607491129445,0.9779399203330283,18145.471541447518,33908.1539437152,4706.350181458762,8689.433065124129,65245.8237154386
P107,infrastructure,Infrastructure,35,35,100.0,True,0.7048776135595513,1.1639161129606188,0.9803613636451813,0.0,10785.46962422078,0.0,4188.428275838141,15830.604968246042
P108,municipal,Municipal Engineering,27,1,6.3239720770664185,False,0.9971999999999999,1.004,1.003,561565.438948674,396673.28396743775,167601.54846275697,92563.89424180718,1216642.1877539288
P108,municipal,Municipal Engineering,27,2,7.558500410239296,False,1.0041022587695128,1.0084622099819687,1.003547622486855,110384.26339708833,77780.36653892872,32718.180557954358,18069.774609652915,240481.1381095689
P108,municipal,Municipal Engineering,27,3,9.01345504803901,False,0.9894442773955496,1.0128502460599895,1.0036751497278604,128194.37000602885,92066.99880969666,38560.045374428766,21296.151465993426,274285.4738147292
P108,municipal,Municipal Engineering,27,4,10.719709822449232,False,0.9794930710854953,1.0169208581547573,1.0064854150403197,148824.14833872876,108402.75757919945,45220.14625905532,24974.42818586114,352290.74863586546
P108,municipal,Municipal Engineering,27,5,12.709069848626989,False,0.9944979905847879,1.0213829171335658,1.0030797835514498,176175.4766540046,126943.73497783998,52723.164614599395,29118.2359485397,397371.68183350086
P108,municipal,Municipal Engineering,27,6,15.012846922653452,False,0.9966929332479746,1.025791770413575,1.008854567094064,204470.18470192116,147641.67300936248,61056.0262149272,33720.35404935042,449901.7580018421
P108,municipal,Municipal Engineering,27,7,17.65989508115412,False,1.0132486994583947,1.0304093002969392,1.013752860286223,238839.44634033125,170404.44049266592,70153.5941041034,38744.808296194635,523501.7530081531
P108,municipal,Municipal Engineering,27,8,20.674097259095632,False,0.9767468005162736,1.0349801364077245,1.0140298024037144,262169.7227375502,194900.83028744583,79884.12128428598,44118.83674094732,578575.3790214759
P108,municipal,Municipal Engineering,27,9,24.071385413212454,False,0.9532544749592095,1.0396309925719152,1.0101932723341254,288382.8275216689,220658.62000027532,90036.88635328249,49726.06102215577,638601.8357090676
P108,municipal,Municipal Engineering,27,10,27.85650388722072,False,0.9609713356981975,1.0440557156517325,1.010128273839146,323905.31102727394,246895.0869481437,100315.38875058667,55402.72819853119,687202.9327849292
P108,municipal,Municipal Engineering,27,11,32.019874300753145,False,0.959695082290803,1.0486796804931804,1.0099320580638869,355800.4386500335,272770.37442572485,110340.0393974786,60939.19675028901,766455.8680902589
P108,municipal,Municipal Engineering,27,12,36.53505630297626,False,0.978990557603028,1.053644313377831,1.011356865826035,393624.31888649537,297220.37902303255,119663.95264585194,66088.65824248994,898571.8705924366
P108,municipal,Municipal Engineering,27,13,41.35737164987776,False,0.9469832109718787,1.0583094444096122,1.0101484087083976,406654.93261775863,318843.50443978293,127803.7773518019,70584.16487795414,871632.9583744424
P108,municipal,Municipal Engineering,27,14,46.42421441423065,False,0.9430202986866769,1.0628210935986515,1.0136021326048092,425487.3243855408,336439.4293521066,134284.3837344699,74163.3093985751,973811.2664074722
P108,municipal,Municipal Engineering,27,15,51.65737240483562,False,0.9428869936863604,1.0675608351718233,1.0116431182365062,439391.4983563732,349032.4247383127,138692.1656021145,76597.66312847678,976239.3846395367
P108,municipal,Municipal Engineering,27,16,56.96734527939139,False,0.9353066423227495,1.0722358875773517,1.017894465587543,442256.75937621994,355706.6107793767,140727.95787606016,77722.00155179192,981001.6839187806
P108,municipal,Municipal Engineering,27,17,62.2592353164892,False,0.9093631878704169,1.077259186311379,1.021489368071612,428525.1728851813,356156.0389016484,140248.7161081301,77457.32330311337,1026726.6981578015
P108,municipal,Municipal Engineering,27,18,67.43942582493622,False,0.9074146317100884,1.0820844138832624,1.015682622459591,418581.1509239578,350200.02160673024,137288.39089854812,75822.37880448309,964238.0212063509
P108,municipal,Municipal Engineering,27,19,72.42207058346037,False,0.874136528794152,1.0867869107835553,1.025041720635702,387853.1760844505,338309.0528008362,132052.91971432528,72930.90431962702,938792.4880499223
P108,municipal,Municipal Engineering,27,20,77.1344642805807,False,0.8617360156190327,1.0917042938130612,1.022998127976621,361612.9450159926,321407.4062242776,124890.57051148123,68975.24316842787,914236.4672660057
P108,municipal,Municipal Engineering,27,21,81.52063168757313,False,0.8719281158555873,1.096173087106091,1.0178687883510613,340560.31865889655,300381.81267278147,116244.73357412756,64200.27334719767,807216.4795518088
P108,municipal,Municipal Engineering,27,22,85.54286798202979,False,0.862126259997179,1.1008240798826883,1.0218136875440784,308792.4067326483,276627.1463263241,106599.62172805113,58873.418547470035,774619.352950631
P108,municipal,Municipal Engineering,27,23,89.18135778793625,False,0.8620521492838075,1.1056373847890646,1.0216901154250388,279307.66852464667,251329.3295176898,96429.35137986267,53256.526355513386,671113.1020878128
P108,municipal,Municipal Engineering,27,24,92.43229149612709,False,0.8485364902201091,1.1103763808006404,1.020192390634199,245644.35883406195,225521.32991952848,86158.11657652211,47583.872965437746,596529.6993081847
P108,municipal,Municipal Engineering,27,25,95.30503544581839,False,0.8473862555001317,1.1154324948951804,1.0188689680724805,216773.6510401372,200193.28500892883,76135.11388693948,42048.31455650076,544827.3518239206
P108,municipal,Municipal Engineering,27,26,97.81890675637112,True,0.8396605047077484,1.1204999350119742,1.0139662523970678,65787.43740507356,131985.26108422258,19987.219384443582,29436.400451086065,230532.49179355244
P108,municipal,Municipal Engineering,27,27,100.0,True,0.842745874937578,1.125375021746302,1.012294140906245,0.0,46004.68420271767,0.0,15962.31623688926,59551.60246806856
P109,commercial,Commercial Building,24,1,7.673783400793282,False,0.9971999999999999,1.004,1.003,1755252.5765195251,1124578.2365886583,540051.3390405425,268238.3383917706,3701058.806677309
P109,commercial,Commercial Building,24,2,9.411685710082217,False,1.0070486027625916,1.0081654116694974,1.0010138457748434,401442.7363042843,255742.89605782766,122306.87527043268,60748.655960591,814294.9239745167
P109,commercial,Commercial Building,24,3,11.498064247989518,False,0.991516485897192,1.012562782365788,1.0028701767325978,474505.0718727765,308362.45323153224,146831.29094128564,72929.69882452667,1013119.0370583609
P109,commercial,Commercial Building,24,4,13.98135454291486,False,0.9769122451972756,1.0169683843894366,1.0021588124898062,556456.0354940512,368622.0992648592,174764.41267057083,86803.8134079108,1217568.850914245
P109,commercial,Commercial Building,24,5,16.90700138166509,False,0.951780207965644,1.0213064621820656,0.9991552710904515,638713.9219323955,436138.4795603576,205895.76357647247,102266.45785524418,1380086.854257471
P109,commercial,Commercial Building,24,6,20.312574175219854,False,0.9392754084048998,1.0257163969857315,1.0013813157356743,733720.9714402346,509875.2026151449,239671.10502091638,119042.34713230457,1576739.5650593955
P109,commercial,Commercial Building,24,7,24.22171183715848,False,0.9160852376520643,1.029916964079007,1.0048450439711292,821418.8445025694,587664.6960059836,275110.06221592467,136644.53845214215,1864544.168903381
P109,commercial,Commercial Building,24,8,28.637444984859478,False,0.9046942162577367,1.034433974652524,1.0094398601950363,916331.1423324093,666733.1075806922,310762.302597062,154352.66549200926,2032655.6098146809
P109,commercial,Commercial Building,24,9,33.5359182398214,False,0.8875990227727872,1.0389695358363322,1.0079827807334294,997298.9672010507,742865.141519704,344735.69325959834,171226.92392277878,2288918.5909726648
P109,commercial,Commercial Building,24,10,38.861948039517394,False,0.884401254964363,1.043793189056707,1.0046213377439177,1080440.2503638288,811455.0656762043,374825.47719529195,186172.2320111121,2467166.8867844003
P109,commercial,Commercial Building,24,11,44.527978741607946,False,0.8591757563506222,1.048484409321221,1.0091846742433508,1116628.6074079273,867136.2171975799,398753.4320283921,198057.018477797,2738551.004392691
P109,commercial,Commercial Building,24,12,50.417626247144774,False,0.8536018815302715,1.0528515728950896,1.0031320491590932,1153167.7268240652,905113.1579820791,414490.72194468626,205873.5799651474,2669329.4462143607
P109,commercial,Commercial Building,24,13,56.39406193371518,False,0.8333424154698481,1.0576355181016104,1.0094518186787094,1142387.783375772,922623.9041809065,420598.54007455776,208907.27485287155,2728182.3036754243
P109,commercial,Commercial Building,24,14,62.31220602074797,False,0.821960334081592,1.0620935008046561,1.011460903003275,1115794.4766076058,917475.9967243876,416496.20166586025,206869.68257465452,2627402.1400431483
P109,commercial,Commercial Building,24,15,68.03254013850271,False,0.8284507816726455,1.0669092109289304,1.0078063128825,1087015.960643401,890830.9263913772,402575.0974067613,199955.20314447026,2658381.818718101
P109,commercial,Commercial Building,24,16,73.43382351229182,False,0.8197368538292438,1.0716437079849555,1.006865569870513,1015591.9177786314,844877.6200352476,380121.534085871,188802.7328499417,2495589.8851025268
P109,commercial,Commercial Building,24,17,78.42235487996544,False,0.8214706897595732,1.076246852115842,0.9993062163941279,939966.9687758381,783666.039170247,351073.6365948746,174374.9198005338,2270841.8399514034
P109,commercial,Commercial Building,24,18,82.93649236137198,False,0.8123779661843467,1.0810770882340173,0.9972225901194259,841164.1017289262,712324.4804680806,317687.62084093795,157792.40487284627,2105470.4508644817
P109,commercial,Commercial Building,24,19,86.94644539499237,False,0.8140835319142543,1.085988656732667,0.9970075779901294,748783.1591947236,635639.679614085,282205.06003238395,140168.55605491568,1885770.8523706156
P109,commercial,Commercial Building,24,20,90.45038484904241,False,0.8006850811458226,1.0905386336870342,0.9962151831933098,643526.0656370126,557755.7727197784,246593.7719692602,122480.76963999133,1662784.109703293
P109,commercial,Commercial Building,24,21,93.46840507257839,False,0.8018937274136079,1.0954016085800948,0.9973359606719207,555119.8723878894,482549.5834185868,212396.64684874445,105495.38444235553,1420374.2396934885
P109,commercial,Commercial Building,24,22,96.03582890179632,False,0.7929597345496154,1.1001930491080614,0.9944462740926042,466978.10168967105,412299.5773429243,180685.40698065644,89744.7146899744,1193628.159183512
P109,commercial,Commercial Building,24,23,98.19697128502504,True,0.7884858777402926,1.1051215829092849,0.998579123356828,136802.22371150288,261457.51536731867,45627.8647817691,60434.46489202424,509005.9246089735
P109,commercial,Commercial Building,24,24,100.0,True,0.7630610887633702,1.1101234720780424,1.0008413203538193,0.0,87647.9188436322,0.0,31512.57999590768,116237.33938595398
P110,residential,Residential Building,22,1,1.578972584581807,False,0.9971999999999999,1.004,1.003,109990.87943920623,76019.5040829621,31918.798039645644,20736.38428488511,234575.0833958183
P110,residential,Residential Building,22,2,2.3210671687608575,False,0.9657940996609162,1.0084297482976161,1.004231805941005,50066.084164234984,35885.718054128054,15001.379624966317,9745.804723610472,115288.056705933
P110,residential,Residential Building,22,3,3.4000867972881923,False,0.9392587697127197,1.0127382685938016,1.0014871874421185,70796.92890930409,52401.44896748796,21812.29106830834,14170.585282202885,162236.49416587458
P110,residential,Residential Building,22,4,4.955698394820777,False,0.955149731836646,1.0170150559567932,0.9983949990921653,103794.04695536659,75865.66769371624,31446.55765060279,20429.58832816164,232713.15581254163
P110,residential,Residential Building,22,5,7.171093723477423,False,0.9509702692273525,1.0211607137383711,1.0037481732781153,147169.55961978712,108483.09415950812,44784.030301637096,29094.418311341768,341209.3189365271
P110,residential,Residential Building,22,6,10.271666681485433,False,0.9451399065748142,1.0258093862982964,1.010432736865468,204709.44029465798,152519.4931617443,62677.821654551284,40719.30886476131,481749.28233849886
P110,residential,Residential Building,22,7,14.507017096078304,False,0.9465914271579057,1.0304182407579616,1.0091837885914796,280060.4162158501,209276.09150371028,85617.2525290069,55622.15242730514,637268.999988989
P110,residential,Residential Building,22,8,20.1045642893155,False,0.9671872743082939,1.0350499143657759,1.013969439027459,378188.3554905837,277827.8559627525,113153.94587781501,73511.65611433884,856197.0768464393
P110,residential,Residential Building,22,9,27.18816794762696,False,0.9822996306468353,1.0393611287019313,1.0082325656324194,486069.14045167255,353051.00646459445,143194.4523738653,93027.78845870083,1101642.4771885017
P110,residential,Residential Building,22,10,35.67583675226296,False,1.0052182615356453,1.043926775172609,1.0083945022481815,596003.2247996216,424888.70997051406,171577.51125509848,111467.14245350765,1303668.2531819213
P110,residential,Residential Building,22,11,45.204856980396634,False,1.0249726103967267,1.048431005930898,1.0031796694497652,682276.3606958603,479076.4633461965,192628.34272581927,125143.03746531322,1478639.3628279206
P110,residential,Residential Building,22,12,55.151766761530986,False,1.0244481064463673,1.0529293580114074,0.9964431544601405,711832.7384557211,502231.72603087325,201075.94490419334,130631.1114472664,1524693.6297056065
P110,residential,Residential Building,22,13,64.77614926581006,False,1.0343454323642942,1.0577074815747305,0.9941105927432756,695405.7719739578,488152.1214890217,194556.0831201795,126395.41437403324,1408395.8918768587
P110,residential,Residential Building,22,14,73.42846962060418,False,1.0279887787690547,1.062323223718478,0.9959632742585814,621327.7921690976,440763.8791096375,174905.92849788655,113629.48387128797,1332415.3862522738
P110,residential,Residential Building,22,15,80.70773019452673,False,1.0182615064549574,1.0669293013477108,0.9907381881770986,517781.35478233657,372425.69616413803,147149.64047240018,95597.31818310813,1122598.2685111018
P110,residential,Residential Building,22,16,86.49778170756714,False,1.00898133805084,1.072016145725346,0.9937073274027345,408098.85513321916,297646.29691465606,117045.40451715885,76039.78332244801,884682.812383526
P110,residential,Residential Building,22,17,90.90121744213151,False,0.9933963619398822,1.0770320860083098,0.9939705621073183,305572.342019524,227424.38758838744,89015.083139866,57829.588972823076,691416.8774380161
P110,residential,Residential Building,22,18,94.1371727283013,False,0.9890387506041358,1.0814223261884202,0.9988205689721705,223571.08514990826,167808.73874645602,65414.56403559584,42497.262459116064,509937.53170405136
P110,residential,Residential Building,22,19,96.45571733634006,False,0.9918863532016903,1.086203887397955,0.9992601786433578,160648.6891777115,120765.68207727821,46869.18431170801,30449.06063817043,374744.22997228656
P110,residential,Residential Building,22,20,98.08696640553003,False,0.9941775915982902,1.090991831769937,1.0032946173848327,113288.03973548017,85341.15293236311,32975.562780670436,21422.922660841148,243528.8839382599
P110,residential,Residential Building,22,21,99.22000898876423,True,0.9981623423953465,1.0954961063674205,1.001673801936501,27651.282107555555,44641.11812599288,6871.308166661357,11904.047807546334,90345.85855980586
P110,residential,Residential Building,22,22,100.0,True,1.0061132211610717,1.0999716951818208,1.0045984853063636,0.0,12342.669279553164,0.0,5121.74609796173,17741.131297188906
P111,infrastructure,Infrastructure,28,1,2.170096306991486,False,0.9971999999999999,1.004,1.003,353503.18355996424,207395.03269675715,111168.17809156666,46972.65934724687,751827.5886391033
P111,infrastructure,Infrastructure,28,2,2.868920200997185,False,0.9812647840738318,1.0085426297985176,1.0100330933695985,112017.53471128292,67088.43106925083,35798.862406788314,15126.340988227415,221129.8972153966
P111,infrastructure,Infrastructure,28,3,3.7842542866292503,False,0.9657253563200193,1.013263663146472,1.0070611021697002,144399.3775606606,88285.1650874881,46890.0952999161,19812.796351386714,302765.7253430548
P111,infrastructure,Infrastructure,28,4,4.976969401376357,False,0.969816964163706,1.0177346338826987,1.0036449405488763,188955.07076794043,115546.52972676443,61099.5769457479,25816.826931980064,385320.0652521272
P111,infrastructure,Infrastructure,28,5,6.520652053279595,False,0.9552439358443384,1.0223366743043836,0.9976031917023087,240882.0089098536,150223.40230342865,79078.69683514208,33413.668837873374,495279.2571322974
P111,infrastructure,Infrastructure,28,6,8.501191149381212,False,0.9641571129825754,1.0265761965109426,1.0000639382643985,311934.4070251074,193535.3220635903,101457.67367254401,42869.61273809057,679906.4827132145
P111,infrastructure,Infrastructure,28,7,11.013914530175647,False,0.9332442597525379,1.0310228528499572,0.994080031786541,383064.63547669374,246603.1400271352,128720.03854900581,54388.968369587914,788848.7631659213
P111,infrastructure,Infrastructure,28,8,14.156911871194723,False,0.9022968876314568,1.0350472835338596,0.9965973637140025,463260.7697960978,309663.3681558756,161007.27282104891,68031.51682870032,1014054.9659840474
P111,infrastructure,Infrastructure,28,9,18.01924226344157,False,0.8964090822704013,1.0394046135937367,1.005275887902421,565571.7664640679,382137.529382424,197856.76401109732,83601.78726493791,1253833.0984900545
P111,infrastructure,Infrastructure,28,10,22.663528859067945,False,0.8703156056090962,1.0437281232917628,1.0098980573883631,660279.5313912475,461415.3384592254,237914.27030565168,100527.56251623746,1429939.381146219
P111,infrastructure,Infrastructure,28,11,28.104383700210988,False,0.8522459015171905,1.0480126471043265,1.0050921300515505,757467.6894139288,542774.320939152,278720.31209024374,117769.62164648934,1722477.7445831874
P111,infrastructure,Infrastructure,28,12,34.28712825515168,False,0.817780573522597,1.052721018329996,1.0026055876495101,825943.1293801608,619555.5152411137,316725.32023759955,133828.1406565307,1769551.5609691208
P111,infrastructure,Infrastructure,28,13,41.074284181817866,False,0.8302765276386522,1.0574125443795253,0.9994928005094073,920539.945076336,683152.8974988759,347687.6838875793,146910.8823662863,2143200.3813077346
P111,infrastructure,Infrastructure,28,14,48.24804748704981,False,0.8160772145303544,1.0620295900619354,1.0025649492429896,956335.6531885293,725219.1944840158,367492.5366830273,155279.16382734157,2236983.93082059
P111,infrastructure,Infrastructure,28,15,55.53323237657306,False,0.8216269771402164,1.0666817188582007,1.0059351798686593,977793.8921182788,739709.2676829733,373200.3637899783,157690.9315014232,2168939.4420163548
P111,infrastructure,Infrastructure,28,16,62.6372513480718,False,0.8116607669318208,1.0717253234496376,1.005492129693869,941912.8422860226,724724.9866490511,363919.7226616627,153769.51800227107,2148946.797172062
P111,infrastructure,Infrastructure,28,17,69.29561479705274,False,0.79135378762502,1.076146444269888,1.0039690348757826,860736.529033464,682063.0179715571,341089.99278509687,144123.1143021196,1934625.2269574823
P111,infrastructure,Infrastructure,28,18,75.30859744823772,False,0.7939102242188713,1.0808996619304443,1.0025355507384728,779818.2547166934,618672.7129545712,308028.87598806253,130153.57190602589,1768789.2589700022
P111,infrastructure,Infrastructure,28,19,80.55921013525001,False,0.7735129994171701,1.0860607423644568,1.0040539404045115,663452.220401979,542812.3610435539,268974.71987721865,113651.74914899687,1530918.2090235979
P111,infrastructure,Infrastructure,28,20,85.01117825166078,False,0.7623301546231913,1.0906549559037428,0.9992158582606246,554405.0735138726,462194.79699468514,228062.3135612157,96364.7470774612,1363375.3037181818
P111,infrastructure,Infrastructure,28,21,88.69277019817343,False,0.7504078683398279,1.0953324887695275,1.0042894727843963,451299.73866847984,383855.0429134177,188598.0211347375,79689.62658567615,1050184.0128412636
P111,infrastructure,Infrastructure,28,22,91.6748581494457,False,0.7365917901284025,1.0997866236019034,0.99991109422357,358822.25701861264,312186.78190103534,152764.31897685843,64548.564516399965,879117.1388146377
P111,infrastructure,Infrastructure,28,23,94.0500676752144,False,0.7300127164792052,1.1047013829813195,0.9991399202551914,283246.40294417023,249765.5025788207,121675.57481884415,51412.42237628786,676893.7996078442
P111,infrastructure,Infrastructure,28,24,95.91668996866082,False,0.7369461057950032,1.1094144782735815,0.998133463525763,224710.94609695039,197122.36789683765,95622.0232618254,40403.83499919011,574344.157434283
P111,infrastructure,Infrastructure,28,25,97.36821703713774,False,0.7281907492126924,1.1140157556564154,0.9972275214920124,172664.21881809775,153922.49767306037,74357.81496576923,31418.921962684024,444866.00916812907
P111,infrastructure,Infrastructure,28,26,98.48771577056571,False,0.7193137235182572,1.1186635975681647,0.9972286904503431,131544.89670665702,119208.91693080167,57348.89929541428,24232.02715730589,316296.17022919515
P111,infrastructure,Infrastructure,28,27,99.34567358340641,True,0.7285869074481391,1.123552533713263,0.9972195047839182,35739.411103881306,68818.65967736187,13185.259100111192,14856.689980822104,129612.94399241774
P111,infrastructure,Infrastructure,28,28,100.0,True,0.7452313786017843,1.1286183397678227,1.0048598613228152,0.0,21088.633617675983,0.0,7081.587063563536,28194.033299235074
P112,residential,Residential Building,26,1,0.5421752222997688,False,0.9971999999999999,1.004,1.003,99326.67766141993,77348.31848925492,25856.951918461666,19893.506132232804,224457.8017140083
P112,residential,Residential Building,26,2,0.7835561345328276,False,0.9718223678050724,1.008483717209963,1.0052295745179132,43095.684995172334,34589.90049020238,11511.729759929454,8856.75416398377,106092.29663480558
P112,residential,Residential Building,26,3,1.1312008871240669,False,0.9633431587779676,1.0127951568462181,1.0045250625212594,61526.281639867746,50030.49411856805,16579.572954898216,12755.78951796618,128082.06280364748
P112,residential,Residential Building,26,4,1.63059654925263,False,0.9598916017065557,1.0172202427229107,0.9992180910636035,88066.53935621446,72183.38721158184,23816.746123464614,18323.837494499367,201735.19503772023
P112,residential,Residential Building,26,5,2.3453242301896706,False,0.9462141130575463,1.0217309692244994,1.001397637165712,124243.59146339346,103765.90005399795,34086.17458096361,26224.805042337724,288644.7719354687
P112,residential,Residential Building,26,6,3.3628125294533975,False,0.943661849605826,1.026331231411493,1.008386534346033,176396.43128025343,148386.52563335758,48525.17221289243,37333.7048399578,422826.19497725094
P112,residential,Residential Building,26,7,4.800411174179488,False,0.9132493841568874,1.0307528738806675,1.0130253005558165,241196.50797519917,210557.01097467533,68560.71156674107,52748.403612468515,545019.374957625
P112,residential,Residential Building,26,8,6.810049797134302,False,0.9214751595515509,1.0353696227952247,1.0093963781818336,340208.82440163515,295658.85143252526,95841.94760286501,73737.70807847654,795440.4015856017
P112,residential,Residential Building,26,9,9.57789937522189,False,0.9137109916250332,1.0398508351435498,1.010357555842394,464617.22510515276,408969.60020782956,132001.88889962793,101558.0024502475,1133994.5386152752
P112,residential,Residential Building,26,10,13.312982135812423,False,0.9200108028970386,1.044371472057176,1.0147485041037867,631301.9477466139,554284.4910661282,178130.33753627824,137047.74535255722,1483847.1733171127
P112,residential,Residential Building,26,11,18.216806201679823,False,0.8988771193750651,1.0491194505569013,1.011263020933147,809802.6236990304,731033.5641637967,233868.9373333662,179931.22908111452,2054795.4186331895
P112,residential,Residential Building,26,12,24.42809677396223,False,0.8993569125129519,1.0533613392687775,1.0144256348269909,1026261.1691740217,929686.9163717015,296223.4994765251,227904.82118428702,2530823.1540609812
P112,residential,Residential Building,26,13,31.947404812411033,False,0.8881953033028397,1.0579462149925194,1.0084996164156301,1226959.767038183,1130365.6813336452,358604.33751576836,275898.6291157417,2954659.2742807427
P112,residential,Residential Building,26,14,40.56717516401787,False,0.8790523418702103,1.0623422402426945,1.0093656468130152,1392048.619241884,1301180.7909622802,411086.6346571041,316276.818443981,3615102.208729245
P112,residential,Residential Building,26,15,49.852043755310305,False,0.862186548563037,1.067064562824596,1.007137541442508,1470689.451950875,1407809.7108983197,442805.92483723664,340680.6188493182,3801003.54097775
P112,residential,Residential Building,26,16,59.206103965997336,False,0.849639009785256,1.0718692934161849,1.0079141326792291,1460086.4759166948,1424687.088459763,446105.7517239351,343219.3993913113,3804249.7030155133
P112,residential,Residential Building,26,17,68.0157711860889,False,0.8312566110702014,1.0765870657462695,1.0058675517945217,1345360.2409518762,1347678.0630086386,420143.03191747423,323244.5188521051,3415323.3507391103
P112,residential,Residential Building,26,18,75.80158452416718,False,0.8237370032466332,1.081436453267242,1.0168642755167023,1178247.5246702333,1196416.7649866547,371314.2778359932,285677.2478987304,2926366.4977539135
P112,residential,Residential Building,26,19,82.3051912681136,False,0.8281141010380947,1.0862187650066377,1.0159771646413291,989437.635439667,1003804.3461734767,310164.3895888478,238630.493096925,2502623.0678001777
P112,residential,Residential Building,26,20,87.48662990651552,False,0.8240785919151465,1.0910139905333442,1.0192000686786644,784445.8406221819,803263.7657590148,247108.69149151616,190117.46956935848,1957730.1844096822
P112,residential,Residential Building,26,21,91.46122438775078,False,0.8299809159545725,1.096132994023622,1.0178072519795358,606045.0451580784,619061.1830846574,189552.92342714415,145835.91509439182,1519577.8560373152
P112,residential,Residential Building,26,22,94.42236263883017,False,0.8189822173156234,1.1011399887507947,1.021207112227927,445530.18127545103,463317.51343577437,141220.0451678775,108650.1550298936,1164913.8912324074
P112,residential,Residential Building,26,23,96.58082900466304,False,0.7997882629627957,1.1060922512850118,1.017072003395183,317149.6856742947,339245.52952315845,102939.71163458907,79198.49915452865,816922.2822511275
P112,residential,Residential Building,26,24,98.12929540575203,False,0.7793888963677416,1.1109300700915905,1.0119657466165006,221717.50040831606,244436.47174353286,73848.12074310172,56816.36596183009,613725.6275642599
P112,residential,Residential Building,26,25,99.22748039888889,True,0.7905965820928462,1.1157748999235675,1.011227586848927,55826.76399738921,130584.26632332633,15712.106749180828,32235.703878352688,228426.04044165296
P112,residential,Residential Building,26,26,100.0,True,0.7857596317593436,1.1206910845196543,1.0137672081172957,0.0,36905.76203080894,0.0,14172.65377490533,50027.506013676386
P113,municipal,Municipal Engineering,32,1,12.61960116694191,False,0.9971999999999999,1.004,1.003,2387221.103339634,1930331.3037983936,838718.3298091225,375791.9473161724,5558692.34020758
P113,municipal,Municipal Engineering,32,2,14.436273428141918,False,0.9844030910867361,1.008264611955747,0.997553370454962,339245.6591874526,279063.87524776714,120738.86524366787,54097.65313819826,760259.4499530533
P113,municipal,Municipal Engineering,32,3,16.468468835985288,False,0.9735967874037312,1.012696499990447,1.0029161778580684,375326.59896202525,313543.127420072,135062.86892624456,60515.5947115803,874112.600235455
P113,municipal,Municipal Engineering,32,4,18.728382955816787,False,0.9886167299166658,1.017135838047649,1.000843095723225,423823.1127271281,350205.85564551427,150197.40885808418,67296.70110997598,979760.0258642439
P113,municipal,Municipal Engineering,32,5,21.225102738061743,False,0.9777459712317245,1.0215337497134722,0.9975873691054992,463084.86062440765,388575.1587315378,165935.8816545968,74348.40265241169,1100667.0544312606
P113,municipal,Municipal Engineering,32,6,23.96353279420769,False,0.9703340494684777,1.025915328746688,0.9989875838444242,504066.3076690189,428021.59686372336,182000.32256220683,81546.15583921786,1241466.4690122125
P113,municipal,Municipal Engineering,32,7,26.94331226819967,False,0.9689657463089325,1.030753859675866,1.002421168291887,547718.3542162126,467941.54554204043,198040.78041490802,88733.16329818372,1304417.3959717427
P113,municipal,Municipal Engineering,32,8,30.157820318455208,False,0.975434402712474,1.0351570317419119,1.0045991378698098,594808.7272976515,506959.49971851526,213641.20683392702,95723.01246995515,1322163.5021463041
P113,municipal,Municipal Engineering,32,9,33.59338904404251,False,0.974015593959451,1.0397664294991416,1.0043097210051326,634788.8594086136,544235.5956116277,228333.2432895976,102305.85297014209,1520054.9479897898
P113,municipal,Municipal Engineering,32,10,37.228851071716385,False,0.9361962746530423,1.0444638223692329,1.0056714525644825,645641.2461389807,578502.8804660618,241618.46318270048,108258.36226523391,1477017.8621021397
P113,municipal,Municipal Engineering,32,11,41.03553850312125,False,0.9464178973550765,1.0491222073576942,1.0038214039770899,683431.3683250264,608451.2805897094,252998.36994348993,113357.18647107523,1541308.6367030262
P113,municipal,Municipal Engineering,32,12,44.97781644784137,False,0.918975808830804,1.0538686757326778,0.9957658962981615,687252.0834482826,632974.548511309,262009.92643892346,117394.85948167864,1735463.705066034
P113,municipal,Municipal Engineering,32,13,49.01417854915361,False,0.9085240766658984,1.058145989696926,0.9899470573762511,695650.8280024567,650711.1093446831,268262.9058821369,120196.53823123923,1668443.551338594
P113,municipal,Municipal Engineering,32,14,53.09886044745041,False,0.8960727470109839,1.0625900842609943,0.9952188979629083,694330.51970547,661266.4834348094,271474.3147759273,121635.42606632519,1787105.8730473963
P113,municipal,Municipal Engineering,32,15,57.1838524478531,False,0.8929022448444927,1.0673324654398817,0.9945372978422357,691926.3517287225,664268.1679409402,271494.9246444073,121644.66042109576,1731366.6495647158
P113,municipal,Municipal Engineering,32,16,61.221130317415515,False,0.913422448580647,1.0721132661684483,0.9938118606010118,699560.1586512688,659449.9236881256,268323.76926499023,120223.80837468286,1783215.4217226994
P113,municipal,Municipal Engineering,32,17,65.16488751142148,False,0.8878127296646684,1.076903333635134,0.9910968563799444,664196.0403289429,647052.3239882189,262108.23964819007,117438.90920736617,1711502.309480762
P113,municipal,Municipal Engineering,32,18,68.97355189143748,False,0.8777436764208604,1.0816402590747043,0.9918455958441187,634169.2198706405,627636.3079123686,253129.7610243424,113416.05690275492,1681892.3724608035
P113,municipal,Municipal Engineering,32,19,72.61140520866334,False,0.8750209906822791,1.0865502773582092,0.9973691542539319,603849.0685804082,602209.388612901,241777.3920072012,108329.57112084268,1538429.1706304178
P113,municipal,Municipal Engineering,32,20,76.04968570814712,False,0.8453085394074373,1.0912995526568954,0.9998938967884802,551342.2903514557,571659.9836015237,228513.4720023118,102386.6053473181,1477878.726902306
P113,municipal,Municipal Engineering,32,21,79.26712883069735,False,0.8545237622186979,1.0962294517342621,0.9991695062917245,521554.58514735475,537359.4060924001,213836.27630563953,95810.41432351126,1351835.0016059512
P113,municipal,Municipal Engineering,32,22,82.2499725814089,False,0.8331736558068157,1.1014348865431336,0.9964036217161217,471444.72370080254,500543.520415442,198244.43701374347,88824.41265704486,1252368.6192354492
P113,municipal,Municipal Engineering,32,23,84.99151020895283,False,0.8078162968319662,1.106112055368248,0.9942188584193277,420118.26852616505,462004.11932191974,182206.8565927355,81638.69444575705,1137182.3395636226
P113,municipal,Municipal Engineering,32,24,87.49130661570801,False,0.7997658033239099,1.1108506943709313,0.9921034520975889,379255.78632299154,423070.5952299563,166140.35890681206,74440.01970912883,993517.0990577223
P113,municipal,Municipal Engineering,32,25,89.75420571243404,False,0.8022862269403034,1.1158540608392753,0.9896139689553664,344396.92990626965,384702.57969444524,150395.79506715544,67385.5890443133,958437.8571428655
P113,municipal,Municipal Engineering,32,26,91.7892477520043,False,0.8115910736596362,1.12075971274604,0.9841292723609627,313310.81956319173,347486.8768357426,135252.06050020742,60600.36294361774,836052.9945288987
P113,municipal,Municipal Engineering,32,27,93.60859497384276,False,0.7867239740822429,1.126201205035721,0.9852023018968454,271520.5610207814,312164.91560127476,120916.64728997038,54177.30927423749,751439.4549166773
P113,municipal,Municipal Engineering,32,28,95.22653739537526,False,0.7746160501589313,1.1310848953320336,0.9874878497947278,237746.59140024945,278811.5598336317,107530.97087329876,48179.78993075303,703531.6607608034
P113,municipal,Municipal Engineering,32,29,96.65862383006537,False,0.7620718928802808,1.1360850199043404,0.9812740457559206,207028.39756325603,247874.9134414131,95178.69279355694,42645.289886580314,602278.2215258308
P113,municipal,Municipal Engineering,32,30,97.92093986570018,True,0.7627971482716654,1.1410189537052373,0.983870599229504,73063.73962397067,175551.05998056458,30761.67889942411,31324.82786660778,313281.4199216979
P113,municipal,Municipal Engineering,32,31,99.02953642305937,True,0.7807864578468218,1.145904567572932,0.9857209325543536,49259.70403471324,135479.17001247703,17191.778844783596,25309.405667258936,243286.14184229652
P113,municipal,Municipal Engineering,32,32,100.0,True,0.7614228369716464,1.1512750519571457,0.9841685807907851,0.0,51066.03044649074,0.0,14449.442282426426,66595.0267940559
P114,commercial,Commercial Building,25,1,3.9843786165795625,False,0.9971999999999999,1.004,1.003,642103.359068952,468978.3523330439,206151.36237877794,140098.3460805805,1434440.7588442748
P114,commercial,Commercial Building,25,2,5.070548787736824,False,0.9927460592716142,1.008229000969531,1.0007540997012514,174260.16263932484,128385.37096768692,56198.33909044587,38191.81337536292,393690.99145130574
P114,commercial,Commercial Building,25,3,6.434158033544427,False,1.001506173604248,1.0128314545654165,0.9950659410550777,220701.6801751973,161914.4469047634,70553.00984846096,47947.10001777714,514311.6826938316
P114,commercial,Commercial Building,25,4,8.134948049155662,False,0.978799243654596,1.017419269940804,0.9901042392748431,269033.5201468004,202865.94092094313,87998.71010739266,59803.0185248939,602906.8769447905
P114,commercial,Commercial Building,25,5,10.239128062995002,False,0.9649225970968406,1.021854132193519,0.9920034976802219,328123.57878396387,252075.2924562887,108870.06941011023,73986.97969315285,796630.017433434
P114,commercial,Commercial Building,25,6,12.816361806100554,False,0.9666181704717811,1.0259283085626105,0.9979864501382615,402597.2786432384,309976.88193377096,133345.82338609878,90620.45041846776,916898.4570122076
P114,commercial,Commercial Building,25,7,15.934454099518252,False,0.957172312895733,1.030582362570925,0.9972787320429429,482326.5459755355,376729.9557214085,161329.79221303153,109638.06788257332,1110874.1125966602
P114,commercial,Commercial Building,25,8,19.65131983406125,False,0.9472908801554261,1.034983666422998,0.9984893258865929,569013.147014082,450992.01469795743,192310.27186186978,130692.08328903242,1357275.384493344
P114,commercial,Commercial Building,25,9,24.004336529329354,False,0.9526254361743094,1.0396659315783126,0.9965618959552783,670153.9437542614,530569.9252090743,225224.66074206872,153060.36352332117,1602670.0853452922
P114,commercial,Commercial Building,25,10,28.99811564335223,False,0.9574590856331398,1.0444260897086248,0.9934322376281808,772701.2675601204,611456.4402071811,258377.64601253357,175590.79141102024,1789125.6973682593
P114,commercial,Commercial Building,25,11,34.592964296614085,False,0.9536406078501649,1.0488783229613918,0.9916459457902648,862253.8658146532,687973.8578603845,289476.925554615,196725.54200334405,2046361.1255028376
P114,commercial,Commercial Building,25,12,40.69741072752557,False,0.9451575737725588,1.0534506548838731,0.9914471654362966,932422.1400416814,753909.0687355576,315843.4650422342,214643.9711199883,2094235.0699615604
P114,commercial,Commercial Building,25,13,47.168398543360155,False,0.9506710441510284,1.0581768428379192,0.9890271742829452,994175.1871211496,802762.9464347416,334808.28067387873,227532.2648137973,2396154.1448560134
P114,commercial,Commercial Building,25,14,53.82143700788888,False,0.9388964766915473,1.062952078520222,0.9823897658750051,1009484.8719634288,829071.9136284837,344227.56354375277,233933.51259653005,2567851.5647347188
P114,commercial,Commercial Building,25,15,60.45011593166383,False,0.8980067920228652,1.0678188355970863,0.9786556556818223,961985.8328551281,829818.3679956899,342967.2032726634,233076.9847162008,2540313.0967861465
P114,commercial,Commercial Building,25,16,66.85100950957548,False,0.9008084587228955,1.0730318059872817,0.9793106920064367,931826.6642006843,805214.6815668341,331181.61161622807,225067.61781415765,2235306.7604817008
P114,commercial,Commercial Building,25,17,72.84782972277928,False,0.8905604702708141,1.077769834402884,0.9850770295299982,863070.9800300917,757714.3910557559,310274.8949982653,210859.6281780266,2168029.116599631
P114,commercial,Commercial Building,25,18,78.30899947868868,False,0.8747040088341009,1.0822930902932129,0.9810767924325299,771985.0050753905,692929.4909743341,282560.39239789447,192025.13719065292,1843246.4246175042
P114,commercial,Commercial Building,25,19,83.15541368944402,False,0.8787786966854136,1.0868707921499592,0.9753274288817223,688275.1996124954,617528.3927903563,250753.00023991425,170409.1605458719,1802811.8262197527
P114,commercial,Commercial Building,25,20,87.35856767883233,False,0.876395731886783,1.0913806925226308,0.9695124202957439,595302.3906392483,537786.6918146259,217470.7789050531,147790.90515770443,1506838.7085026982
P114,commercial,Commercial Building,25,21,90.93180213813291,False,0.8672175465775507,1.0961578842081037,0.9648480216871723,500785.3798291822,459190.7262052442,184878.80364039715,125641.7339012571,1246061.2396719835
P114,commercial,Commercial Building,25,22,93.9183352704239,False,0.8633771347607033,1.1010562540202604,0.9693913616981656,416706.1895955494,385509.71614901687,154522.9340026126,105012.1970356345,1040298.3797141633
P114,commercial,Commercial Building,25,23,96.37924684789195,False,0.8531583260045021,1.1059076078639694,0.9617665838500306,339303.01148636866,319060.7179958108,127327.3258414034,86530.34137348065,864487.3349197578
P114,commercial,Commercial Building,25,24,98.3833881613511,True,0.8338272690134336,1.110550223315355,0.9675456796462504,94522.35868704897,195697.95657365292,31108.22303257005,56375.54265732449,373227.4196519872
P114,commercial,Commercial Building,25,25,100.0,True,0.8201596590401669,1.1155211560641525,0.9738150546768597,0.0,63425.41299080419,0.0,28421.576692857692,92607.03721428898
P115,infrastructure,Infrastructure,26,1,1.9948617605699235,False,0.9971999999999999,1.004,1.003,1107314.7846923172,496728.2798772332,344659.442741609,102142.90057185657,2043890.0956454861
P115,infrastructure,Infrastructure,26,2,2.742878063379244,False,1.0009779459216,1.0086479488996698,1.012899366662631,416784.5347286712,187121.22021773257,129237.46756980468,38300.67644494409,775678.4592408849
P115,infrastructure,Infrastructure,26,3,3.760771907052852,False,0.9810217798533523,1.013037950319328,1.0159046647592342,555849.4245337968,255741.12465199304,175865.1811694613,52119.215337184214,1007626.5491504727
P115,infrastructure,Infrastructure,26,4,5.136750573300871,False,0.971823197894363,1.017624510346011,1.0164125884795565,744346.2169439753,347273.4863789138,237732.78414936137,70454.23140268814,1400258.8162077253
P115,infrastructure,Infrastructure,26,5,6.980191815557587,False,0.9505646541452595,1.0222683887376578,1.0132041022724991,975409.507057389,467376.20597462245,318497.9750684979,94389.7162398324,1983398.4757217218
P115,infrastructure,Infrastructure,26,6,9.420479787737806,False,0.9533721171388876,1.026739890812516,1.0112377895629285,1295029.1640095608,621403.7685041408,421617.33170943893,124950.05751069663,2436571.5464933324
P115,infrastructure,Infrastructure,26,7,12.60009707041554,False,0.956674612433684,1.0311923965520378,1.009682194351005,1693226.751529648,813180.4309125018,549353.9163667195,162805.9339151008,3226303.921469241
P115,infrastructure,Infrastructure,26,8,16.658620992087307,False,0.9410077140184231,1.0356337744524398,1.0079300009583556,2125873.0045060543,1042429.4765104606,701205.7781874804,207808.58783988404,3968389.371493725
P115,infrastructure,Infrastructure,26,9,21.70502089528169,False,0.9130400673382277,1.0401307423980568,1.0093191675255566,2564764.6720153387,1301793.0956874788,871884.6653260723,258390.79867396323,4942714.952613651
P115,infrastructure,Infrastructure,26,10,27.779235671025127,False,0.8964588660668558,1.0446171293551794,1.0072686815983491,3031073.9632878667,1573691.7017321344,1049463.9383445121,311018.00042204786,6051046.830217317
P115,infrastructure,Infrastructure,26,11,34.81118999359862,False,0.8950431332389746,1.0494401259198392,1.0058760276427285,3503450.8517336636,1830231.7058131513,1214936.0452476703,360057.1354835416,7165465.685701604
P115,infrastructure,Infrastructure,26,12,42.59388998403818,False,0.881459427423934,1.054166815733059,1.0060916516534473,3818639.3172882586,2034754.4089042703,1344645.0750370182,398497.56359906547,7380689.8076646505
P115,infrastructure,Infrastructure,26,13,50.7902045461085,False,0.8611778973692107,1.0590816595123578,1.0026452241627448,3929049.640333319,2152883.021326284,1416106.7525255582,419675.8692341799,8027127.891259037
P115,infrastructure,Infrastructure,26,14,58.98285309789853,False,0.8559299426031,1.0637619933995845,0.9969996681216392,3903359.642634299,2161429.9365820005,1415473.3627412303,419488.15852110845,7821082.302034335
P115,infrastructure,Infrastructure,26,15,66.75529163539944,False,0.8372454900501469,1.0681284780613522,0.9911571013096135,3622314.3518750523,2058984.8850928345,1342872.1668979893,397972.1464559071,7410431.411176684
P115,infrastructure,Infrastructure,26,16,73.77230152590685,False,0.8483375639438391,1.0731153035231134,0.9926609661259436,3313575.036750922,1867544.0089355526,1212354.041958124,359291.93577456946,6862534.156825436
P115,infrastructure,Infrastructure,26,17,79.82927711755349,False,0.8637262879987242,1.0780214169479667,1.0033809593449332,2912111.401291606,1619405.3898728613,1046485.4624914149,310135.302531926,5895916.013708952
P115,infrastructure,Infrastructure,26,18,84.85830544262608,False,0.8402567862267063,1.0829140637142167,1.0027294252244743,2352188.561530046,1350673.6999190722,868883.3152809998,257501.3218129883,5008224.228798276
P115,infrastructure,Infrastructure,26,19,88.90085213444398,False,0.8214724298132975,1.0878257290102438,1.0042580515398027,1848519.602297391,1090653.353418117,698445.3347087218,206990.50578896963,4090932.974334615
P115,infrastructure,Infrastructure,26,20,92.06670348258787,False,0.8205528277371943,1.0926454959967882,1.0011783626410407,1446015.9672863297,857910.8621070412,546975.5263353756,162101.07681163592,3058400.697561792
P115,infrastructure,Infrastructure,26,21,94.49568269363519,False,0.8141327456626066,1.0971996786119393,1.000638290361195,1100766.094854562,660970.1356424768,419663.4763660731,124371.01504929851,2332840.5018019215
P115,infrastructure,Infrastructure,26,22,96.33015301761802,False,0.8144573869329893,1.101552115431857,1.0098054053674408,831677.7454867165,501173.50931451726,316948.03724610194,93930.37833913186,1688352.1415381772
P115,infrastructure,Infrastructure,26,23,97.69919557104132,False,0.8007377532033741,1.106163853360127,1.0140693277579886,610215.5574484458,375585.4658638469,236534.4069844797,70099.08163912324,1273553.594369408
P115,infrastructure,Infrastructure,26,24,98.71182634202904,False,0.7985921986731244,1.1110210333648733,1.012916828913091,450144.7681418425,279026.7039567907,174955.86116800708,51849.73024268712,926066.613379678
P115,infrastructure,Infrastructure,26,25,99.45590343561042,True,0.7880875119103863,1.1159412936582414,1.0089529538916282,114244.80174586632,154451.77883505475,38567.062866144,30479.181701599606,345996.0585315035
P115,infrastructure,Infrastructure,26,26,100.0,True,0.7815407188898236,1.1205944737361546,1.0114917722438317,0.0,45364.70411300052,0.0,13929.687353888434,59735.46796856075
P116,industrial,Industrial Building,29,1,6.235609671124213,False,0.9971999999999999,1.004,1.003,2096952.9569756587,1544255.2239025591,1127001.7787441856,335729.6591355788,4993240.705753479
P116,industrial,Industrial Building,29,2,7.425201255067108,False,0.9973453169520706,1.0084061647300169,0.99944961087688,400102.1928339361,295896.4940287295,215002.52610279998,64048.456855333796,974615.708290217
P116,industrial,Industrial Building,29,3,8.822243730025155,False,0.9848190563636625,1.013055004288499,1.0021242106735126,463973.8990048142,349099.38279608794,252496.45781228598,75217.76035590588,1122246.042278586
P116,industrial,Industrial Building,29,4,10.455069752553142,False,0.9777284525557519,1.0174979773786479,1.0012793666899196,538375.9642781361,409807.509303525,295111.132483228,87912.51423410402,1319372.559026254
P116,industrial,Industrial Building,29,5,12.352817497838304,False,0.9638505832102676,1.021857068582491,0.9980595552019137,616844.4966920882,478338.2187562613,342992.1366708233,102176.08818594198,1517906.7978192004
P116,industrial,Industrial Building,29,6,14.544169080349137,False,0.9612952125894582,1.0264118015113997,0.9975599971209964,710389.1783962208,554804.7146580167,396057.0435927146,117983.92757799642,1707146.7762627448
P116,industrial,Industrial Building,29,7,17.055623053117166,False,0.9615462630126568,1.031025635514509,0.9904843155395612,814372.1317795379,638706.199263396,453911.20416833716,135218.46790966493,1963409.9587746505
P116,industrial,Industrial Building,29,8,19.909293020288125,False,0.9723421340354117,1.035461400558422,0.9914733739522187,935729.5524671356,728859.9772058805,515762.09842696966,153643.6204145882,2244404.2437814977
P116,industrial,Industrial Building,29,9,23.120299729824197,False,0.9522563306371041,1.040211018310723,0.9934068473985165,1031151.7363822229,823889.7637860123,580345.8625649089,172882.88474288757,2677239.294380081
P116,industrial,Industrial Building,29,10,26.693928776883634,False,0.9435043392491671,1.044784266393748,0.9866230710914028,1137053.4158177685,920963.753068483,645884.9262580224,192406.72927334814,2906808.0178297143
P116,industrial,Industrial Building,29,11,30.622848890588333,False,0.9412159098931544,1.0492725381851287,0.9826658364555628,1247067.4793250465,1016875.8876349786,710098.9622865056,211535.852966112,3247273.892410816
P116,industrial,Industrial Building,29,12,34.884800812049185,False,0.9217763483898915,1.054253972659092,0.9734006584487453,1324834.4190508383,1108307.4097376592,770289.9395148648,229466.5223306555,3422481.9761589053
P116,industrial,Industrial Building,29,13,39.44123447696317,False,0.9026814856574508,1.0589358616232307,0.9741720384381432,1387033.922866707,1190148.4972826769,823513.5160668488,245321.6288183179,3738075.3171398267
P116,industrial,Industrial Building,29,14,44.237348386016166,False,0.9107035264716634,1.0635510334629301,0.975591404399423,1472970.344686024,1258213.288085537,866832.4657319285,258226.18361092365,3878279.0172429285
P116,industrial,Industrial Building,29,15,49.20383845212461,False,0.9045221568925554,1.0682498374470242,0.9737640451015734,1514942.9438657062,1308666.0953016733,897625.6426920341,267399.35706947633,4128705.7439805767
P116,industrial,Industrial Building,29,16,54.260397107383284,False,0.9019422314114531,1.0727137847379014,0.9788212382741857,1538017.466114662,1337966.8559061738,913904.3171978107,272248.7139614356,4119117.0181396436
P116,industrial,Industrial Building,29,17,59.320667098566894,False,0.9018181700306696,1.0774856961693038,0.9779829163445777,1538934.6084983442,1344905.1208237056,914575.0907724107,272448.5349269433,4362907.354971822
P116,industrial,Industrial Building,29,18,64.29803844096602,False,0.8844254755749391,1.082160679624701,0.9756553286635724,1484529.3306626186,1328612.2033551913,899592.2856317622,267985.2127231666,3892610.6848120485
P116,industrial,Industrial Building,29,19,69.11148124212023,False,0.8837137821075791,1.0867554621839965,0.9637340840210114,1434481.4594333065,1290310.0843038913,869964.4276814018,259159.18348506224,3967146.9675141782
P116,industrial,Industrial Building,29,20,73.6905985908864,False,0.8748684933483195,1.091147768685951,0.9635858409634157,1350989.7241087202,1232457.0305595947,827613.2839160569,246542.93448837934,3611683.822989689
P116,industrial,Industrial Building,29,21,77.97926542691704,False,0.8726150518468768,1.096146964015604,0.9673091387783741,1262038.213659872,1159571.517392908,775118.2975788048,230904.87232935507,3341260.333270668
P116,industrial,Industrial Building,29,22,81.93752876844518,False,0.8840364023056746,1.1014540891408142,0.9596928586686115,1180055.2152256148,1075418.5619569777,715402.3522828757,213115.71321950786,3197323.1211916623
P116,industrial,Industrial Building,29,23,85.54178320206299,False,0.8863216201176083,1.1063831981553458,0.9654667117004985,1077294.0976482844,983620.2420870211,651420.0490361289,194055.62186483806,2863203.514891746
P116,industrial,Industrial Building,29,24,88.78351059536136,False,0.8845098958062767,1.1113889966190158,0.9675113156234336,966955.9338697188,888687.4108669251,585898.2090186457,174536.90820360725,2598699.596066974
P116,industrial,Industrial Building,29,25,91.66703048888384,False,0.8712883502917546,1.1159750126906027,0.9694835654332129,847251.516928828,793750.235171342,521157.0673021575,155250.7616770733,2420975.9488372523
P116,industrial,Industrial Building,29,26,94.20674099800013,False,0.8614682086831194,1.1210520250842562,0.9696542995629156,737820.9233396569,702289.9086019482,459018.1894360498,136739.81992123858,2016165.73888253
P116,industrial,Industrial Building,29,27,96.4242684424043,False,0.8430603057384953,1.1260166428237428,0.9665335407808615,630456.5207094887,615914.2573297342,400787.97520483215,119393.25459724906,1709741.7471496926
P116,industrial,Industrial Building,29,28,98.345831214854,True,0.8174322182010368,1.1309498418390134,0.9682885193312918,185396.64359392342,402036.6340097367,104188.91383858869,82766.64494759512,749129.5562916916
P116,industrial,Industrial Building,29,29,100.0,True,0.80705594729986,1.1359765214987607,0.9662490453795416,0.0,139051.88346211257,0.0,44530.81187566174,189807.2869791705
P117,infrastructure,Infrastructure,34,1,2.654103822203885,False,0.9971999999999999,1.004,1.003,1176395.3857772055,668442.5785489385,394005.44932322105,137612.7370908827,2335647.9415031425
P117,infrastructure,Infrastructure,34,2,3.1960409457633334,False,1.0017181973396145,1.0086961440132385,1.0077985429542087,241294.59861407004,137126.61268385637,80451.3290273886,28098.91997452036,485971.54441785405
P117,infrastructure,Infrastructure,34,3,3.844566480422655,False,0.9765298545360966,1.013326117314043,1.0128293248752216,281491.79513711075,164849.9433615432,96274.52872919271,33625.42683944095,568876.2599661391
P117,infrastructure,Infrastructure,34,4,4.6188442159541685,False,0.9738435855520385,1.0179293418464241,1.0132372029173762,335149.91562605265,197709.2050788194,114942.62000487215,40145.557820170696,705357.5024602464
P117,infrastructure,Infrastructure,34,5,5.540699383688915,False,0.9645819183924264,1.022311981860184,1.0092868830341861,395234.59027051594,236406.0742236913,136850.69760106783,47797.3061083999,826667.6307987596
P117,infrastructure,Infrastructure,34,6,6.634645146179052,False,0.9475272397653869,1.0265585912840927,1.009242786574659,460723.7808546373,281703.3540865678,162397.7886920995,56720.03835940224,999159.0939965006
P117,infrastructure,Infrastructure,34,7,7.927736188125174,False,0.9315189076815744,1.0311582078811605,1.0080803581792364,535394.5089535592,334477.48711674154,191961.18581930734,67045.53005848377,1074403.0779657552
P117,infrastructure,Infrastructure,34,8,9.449172977520599,False,0.9339314606226417,1.0359413416475935,0.9991904713013676,631570.8166491971,395368.0440218555,225859.4335337097,78885.03801091538,1380318.21418812
P117,infrastructure,Infrastructure,34,9,11.229568548598554,False,0.9358922468934624,1.0404608807141655,0.9965142048499774,740620.0923792401,464680.82005272113,264302.22928248165,92311.80242115693,1683155.135180207
P117,infrastructure,Infrastructure,34,10,13.29978659000726,False,0.9242132832559089,1.0452830256678367,0.9967165586559436,850435.5969301559,542828.289205806,307326.7830664449,107338.81948017236,1970826.3325965945
P117,infrastructure,Infrastructure,34,11,15.689272898754284,False,0.904021307541736,1.0498571802564167,0.9921385805500349,960143.947062392,629284.8190620546,354722.60687518556,123892.57286658176,1973319.6264746692
P117,infrastructure,Infrastructure,34,12,18.423841136568466,False,0.9109819475723557,1.0544746067941653,1.0001167453538564,1107265.251931706,723331.4969424196,405950.5051126138,141784.7398505023,2416029.3131430605
P117,infrastructure,Infrastructure,34,13,21.52294686063637,False,0.9160699350278565,1.0588676206500625,0.996936293781177,1261880.291247087,823171.9172399871,460066.6082073632,160685.6588107669,2754427.3985575954
P117,infrastructure,Infrastructure,34,14,24.996594551595365,False,0.9094163904817115,1.0636746473288816,0.9983309352662582,1404111.7741531292,926844.8952272149,515667.89053880953,180105.30049474887,3063395.022926606
P117,infrastructure,Infrastructure,34,15,28.842163277024195,False,0.90295581440731,1.0685949081974773,0.9938116202289687,1543406.095848841,1030827.8970845928,570880.0917621069,199389.0493469573,3131120.1937658247
P117,infrastructure,Infrastructure,34,16,33.04158304788004,False,0.9018335319808185,1.0732770854757356,0.9999012456330426,1683328.2150724959,1130612.1062134164,623409.7776698687,217735.8866018943,3417961.236897128
P117,infrastructure,Infrastructure,34,17,37.55940217004618,False,0.897941295857738,1.078151101252443,0.9981481131366103,1803141.958639022,1221858.6163194769,670676.6096708371,234244.5875258052,4038848.011497149
P117,infrastructure,Infrastructure,34,18,42.34230055402758,False,0.884497040185815,1.0826733845412,0.9964696548647372,1880358.5672841102,1298975.919923782,710027.9993128071,247988.69295953214,4232752.701089623
P117,infrastructure,Infrastructure,34,19,47.32047728146677,False,0.8701097194901364,1.0874058971884681,0.9849563888072923,1925295.8081246607,1357920.9220797224,739017.3443465268,258113.6877366717,4318825.806870007
P117,infrastructure,Infrastructure,34,20,52.411060193377345,False,0.8306054433264304,1.0922024694781678,0.9943786585505795,1879383.5593317563,1394707.5603044976,755704.2006966221,263941.84056989616,4330842.807303291
P117,infrastructure,Infrastructure,34,21,57.52329592835491,False,0.8192430986645678,1.0970517786826304,1.0012200874076835,1861558.9708841317,1406858.7087098495,758918.5927675932,265064.51867429644,4520419.596246971
P117,infrastructure,Infrastructure,34,22,62.56488302854625,False,0.8068146099479364,1.1021395914371404,1.00114498906147,1807982.2549853395,1393851.04102229,748430.7034619268,261401.45473409447,4037459.1646175887
P117,infrastructure,Infrastructure,34,23,67.44853545732742,False,0.7989011686480869,1.106915799333006,1.0007613014488461,1734167.0855674583,1356037.8737100542,724985.0791227096,253212.69352871957,4128860.6727711516
P117,infrastructure,Infrastructure,34,24,72.09780659071777,False,0.780451500820928,1.111736692710593,0.9997660018222351,1612812.6794999132,1296579.9431241727,690190.8458184719,241060.24820543936,3921408.079917931
P117,infrastructure,Infrastructure,34,25,76.45138550454902,False,0.7642722856424413,1.1167878896986945,0.9977821930295211,1478930.1659918774,1219634.2237775659,646294.9194970924,225728.89027980485,3623160.390797117
P117,infrastructure,Infrastructure,34,26,80.46543227050968,False,0.7552599276580163,1.121750895283367,0.9960983710174861,1347510.0277149403,1129513.27218963,595890.8940922588,208124.4741270033,3294049.11701935
P117,infrastructure,Infrastructure,34,27,84.11392668689494,False,0.7761488165157235,1.126469794670118,0.9953792053868944,1258669.8250515715,1030969.274855696,541624.133108501,189170.93547707095,3081274.2757447264
P117,infrastructure,Infrastructure,34,28,87.387345666485,False,0.7546958469699878,1.1315134665404227,0.9959911415778593,1098061.567605635,929124.2790016556,485943.6564186766,169723.63389032043,2719612.4207389713
P117,infrastructure,Infrastructure,34,29,90.29018460692373,False,0.7442826911991811,1.1364825780028935,0.9919598848671407,960315.6240537727,827557.5561774602,430930.52783850057,150509.4143589549,2443995.5453254543
P117,infrastructure,Infrastructure,34,30,92.83788492073425,False,0.7404289781414504,1.1416764665395103,0.989595541361457,838464.8928441947,729632.003848034,378209.69868853834,132095.8172539173,1990557.7096584528
P117,infrastructure,Infrastructure,34,31,95.0536583318289,False,0.6981194498768875,1.1466919859362839,0.9900547366339221,687556.2267130751,637359.7143600789,328934.6826349293,114885.72576665044,1711037.6292013547
P117,infrastructure,Infrastructure,34,32,96.96556349229168,True,0.6908276757042606,1.151915026593138,0.9923095741573903,234827.63252576313,441966.40794488916,104069.17142934898,82608.70706098819,806005.1528489005
P117,infrastructure,Infrastructure,34,33,98.60404272499035,True,0.6891388367291492,1.1573545102861647,0.9912979169166548,150564.31633762785,332979.7901540342,56754.72810819935,65131.0752530284,557476.9232081533
P117,infrastructure,Infrastructure,34,34,100.0,True,0.6739855645395446,1.1621674788681322,0.9905117171696689,0.0,122088.45139380556,0.0,36189.5227814587,156822.98137564195
P118,commercial,Commercial Building,20,1,3.2110557792801058,False,0.9971999999999999,1.004,1.003,542150.5151026248,411113.4423711094,181379.89080371064,76147.43945624301,1205623.0731881887
P118,commercial,Commercial Building,20,2,4.672301133215196,False,1.0005022685799163,1.0082544080345557,0.9998456426278738,247531.7864501776,187876.90080012917,82539.99337052819,34652.182885603615,584833.0900018809
P118,commercial,Commercial Building,20,3,6.752990987292529,False,1.0121175775440086,1.0127457081513245,1.0033366811615496,356556.26514481334,268712.503807194,117529.97284075344,49341.77902262839,789239.8278512061
P118,commercial,Commercial Building,20,4,9.668087923159622,False,1.0125112098632139,1.0171580216619325,1.0065744871872027,499738.255276719,378112.94337078044,164662.34168885855,69129.02879649898,1101519.1034699855
P118,commercial,Commercial Building,20,5,13.660811124544267,False,1.0092197878563869,1.0217450258644327,1.0027295271635348,682251.8402205686,520225.75640169566,225533.20404759492,94684.0133406641,1521722.77297914
P118,commercial,Commercial Building,20,6,18.96327707793569,False,0.983960649448149,1.0262755106728352,0.999341239490721,883375.5490454247,693940.0757336742,299515.41228976997,125743.44169293289,1990024.6992542944
P118,commercial,Commercial Building,20,7,25.723633655544347,False,0.9782847109313748,1.030596152991871,1.0018306561541808,1119759.1629467707,888460.7271522965,381865.91019471746,160316.07003459783,2496156.920725672
P118,commercial,Commercial Building,20,8,33.9082288488952,False,0.9648800778515969,1.0349465349889158,1.0038996386672299,1337088.9474652612,1080177.766525305,462315.5387152355,194090.66979810182,3072459.8057005983
P118,commercial,Commercial Building,20,9,43.218722261840306,False,0.952929162712437,1.039411860193037,1.0044992165042843,1502183.7867933854,1234071.9468943565,525913.093589191,220790.3824171291,3526890.581180845
P118,commercial,Commercial Building,20,10,53.088403951558405,False,0.9351808080742323,1.0442991714584435,1.0001362538912635,1562746.327786067,1314341.420343549,557499.4363846869,234051.05379038007,3717826.292409079
P118,commercial,Commercial Building,20,11,62.79831099606551,False,0.9310977418655826,1.048920223037233,0.999033937228674,1530735.3117561727,1298786.1409247338,548474.39611956,230262.1348306558,3613005.673923354
P118,commercial,Commercial Building,20,12,71.6742532028229,False,0.933184327806147,1.0538495835993156,0.9963935299986219,1402399.206723607,1192815.3212212757,501367.00789502676,210485.37249567706,3415955.935945971
P118,commercial,Commercial Building,20,13,79.25919099893895,False,0.9307165887634572,1.0585963434459211,0.9886545694203915,1195251.3236942878,1023911.752338583,428443.25473564374,179870.30787070413,2732198.8770393636
P118,commercial,Commercial Building,20,14,85.37654037948752,False,0.8828254154565176,1.063363366367863,0.9892570302277061,914382.4200508061,829516.6247236669,345544.96680241515,145067.70470752823,2194254.9940850367
P118,commercial,Commercial Building,20,15,90.08412116748084,False,0.8778217715463387,1.0679682401958568,0.9867147306685364,699671.0180865943,641115.437094764,265912.6928861088,111636.24915897936,1672937.873880725
P118,commercial,Commercial Building,20,16,93.5776743827469,False,0.8797419654731691,1.0725637465266924,0.9888707120386361,520370.2113039221,477826.89535612345,197337.0580451184,82846.62436050133,1293115.292096615
P118,commercial,Commercial Building,20,17,96.10105735886007,False,0.8546862043933068,1.077203665403565,0.9927838475400402,365156.98950952163,346625.9765075271,142535.96328555804,59839.86750973533,899974.5880411692
P118,commercial,Commercial Building,20,18,97.88827516591793,False,0.8453597984931327,1.0816903775049593,0.9923531824332567,255804.88216283591,246524.77097889493,100952.89305727211,42382.340610902706,673857.255374388
P118,commercial,Commercial Building,20,19,99.13657558384266,True,0.8454124103251743,1.086308871881344,0.9910804377949466,62538.222632477766,129692.1889955101,21153.471853812658,23681.900790508673,250600.91911396582
P118,commercial,Commercial Building,20,20,100.0,True,0.8391971648092644,1.0907979752205217,0.9952984510908669,0.0,36030.47753982804,0.0,10237.68551120021,45274.17866801133
P119,residential,Residential Building,19,1,18.81485899582047,False,0.9971999999999999,1.004,1.003,2410217.0817508777,1904683.9696571594,597580.8558093591,473403.73707404686,5319642.635374211
P119,residential,Residential Building,19,2,21.946969892869255,False,1.003009800270528,1.0084334695842927,0.9999469707581531,403566.6123828607,318473.0064713006,99479.32699171493,78807.55332381815,870073.4077518138
P119,residential,Residential Building,19,3,25.46757315293754,False,0.9879409924151745,1.0127607814086588,1.0082915477817385,446808.076671047,359511.02055082144,111818.2766920641,88582.47305715292,1001126.1062962845
P119,residential,Residential Building,19,4,29.381470268948345,False,0.9879875193138813,1.017302065800833,1.0113527989654516,496745.3220583474,401464.89683959377,124309.72714996568,98478.20393734775,1102642.68755917
P119,residential,Residential Building,19,5,33.67962961012005,False,0.9693825598261472,1.0217481066033216,1.0111258316752796,535242.5559945673,442807.1238054092,136514.3229653194,108146.6884818224,1237431.1426168205
P119,residential,Residential Building,19,6,38.336752160545366,False,0.9686281070425891,1.0261101796232481,1.0118641888546611,579492.2813270647,481836.7361838857,147915.39388684448,117178.62035920181,1331321.260249709
P119,residential,Residential Building,19,7,43.309893953779586,False,0.9613658234113378,1.0302481349555175,1.0075593309749413,614175.4364286624,516607.7592831697,157952.51665305384,125130.03209001933,1550150.8106486707
P119,residential,Residential Building,19,8,48.53862571254442,False,0.9414080475952749,1.0345241829416925,1.012545659330761,632334.957008963,545412.7116009742,166070.3383370753,131560.97291544377,1455928.9339943002
P119,residential,Residential Building,19,9,53.94704378146658,False,0.9250102943367924,1.0391537538101732,1.0100630595160411,642672.5392382429,566680.5565416742,171777.37547324988,136082.08948338704,1592337.1731055088
P119,residential,Residential Building,19,10,59.44765386644022,False,0.9188145416409716,1.0436005529573582,1.0119785443265303,649249.5286245242,578806.5101287516,174705.49647926263,138401.7478415418,1460699.1210795224
P119,residential,Residential Building,19,11,64.94678711751033,False,0.9081804603220827,1.0486244722987317,1.0092916287037623,641563.0145421771,581436.749998761,174658.59059130712,138364.58898273125,1504146.2325209256
P119,residential,Residential Building,19,12,70.35087481175427,False,0.8991311899544092,1.0534151150769062,1.008215676584247,624192.2517209464,573997.7359620518,171639.837955336,135973.13221955346,1509287.8610893216
P119,residential,Residential Building,19,13,75.57270888630056,False,0.8769109222683307,1.057764797247934,1.0093485175106853,588235.8236556669,556929.7572479991,165851.26021167779,131387.41915737718,1382386.0998077127
P119,residential,Residential Building,19,14,80.53681891699479,False,0.8562170963815157,1.0626738037954695,1.0079712209315608,546007.007822819,531899.5463552426,157665.65782571354,124902.7824391053,1420595.2535596932
P119,residential,Residential Building,19,15,85.18330066406642,False,0.8428609869651599,1.0671521530001669,1.0180279107991845,503098.6015078825,499964.1062174613,147577.43013298343,116910.88536983925,1306982.540559639
P119,residential,Residential Building,19,16,89.46976715303026,False,0.8396854406324394,1.071977727730786,1.0240274963484464,462369.2868516293,463311.88495515153,136142.94496930155,107852.48271958492,1184122.5950808371
P119,residential,Residential Building,19,17,93.3714544026449,False,0.8449931248076803,1.0768429700862634,1.0299244873132003,423524.5133191277,423636.213411868,123921.92820807827,98170.98949676094,1037492.1076665632
P119,residential,Residential Building,19,18,96.8798031421061,True,0.8446497916078215,1.0818344101806954,1.028280511509444,133235.63705169305,287020.59291706677,33428.71784482621,70619.30805174344,504095.29487484426
P119,residential,Residential Building,19,19,100.0,True,0.8469734444997054,1.0866655034881478,1.0294921934393066,0.0,102562.21138905585,0.0,39253.89112035853,143586.57587481415
P120,commercial,Commercial Building,20,1,8.560851366732598,False,0.9971999999999999,1.004,1.003,1948283.0187731045,1501244.63756223,699936.5103696164,315029.23892772803,4425430.064337416
P120,commercial,Commercial Building,20,2,11.137179895921758,False,0.9879970464000567,1.0082449055057254,0.9970925104215708,580911.1434597297,453699.26782472327,210641.0125625854,94805.852947313,1328472.2202458293
P120,commercial,Commercial Building,20,3,14.372694269517956,False,0.9917006821578667,1.0125488773537636,0.9922477275200681,732279.3105241376,572216.1742143681,264536.1475035168,119063.11498581267,1789029.4321154358
P120,commercial,Commercial Building,20,4,18.363310170540554,False,0.9659855355518451,1.016830265560279,0.9967453324474522,879758.2955571371,708743.668944489,326273.36328271363,146849.9610958503,2036386.4640184697
P120,commercial,Commercial Building,20,5,23.17702404852427,False,0.9521131458439207,1.021566467958228,0.9938911515668547,1045975.8386007482,858910.0833340042,393569.9791222596,177138.9963958499,2260755.9520195224
P120,commercial,Commercial Building,20,6,28.830286066484284,False,0.9530807047484711,1.0261182551053638,0.999769297139887,1229650.2726819771,1013205.0086987644,462211.5627929959,208033.3783036703,2885277.293402496
P120,commercial,Commercial Building,20,7,35.26458222116968,False,0.9514163253648619,1.0307448805262278,0.9978565553086165,1397090.2577796485,1158385.2858735716,526069.0326544028,236774.51386704613,3475702.4312870256
P120,commercial,Commercial Building,20,8,42.3316284178958,False,0.9234061600810692,1.0352787110514192,0.9930868453676145,1489304.549524661,1277897.478375189,577802.7723713726,260058.96954048407,3611262.9436018
P120,commercial,Commercial Building,20,9,49.79642974302941,False,0.9201424682429256,1.0396733051873384,0.994883585639553,1567567.1275777973,1355551.2631209244,610323.2921926874,274695.8893997336,3843213.0593613596
P120,commercial,Commercial Building,20,10,57.36313899940075,False,0.9211824453417783,1.04398947511043,0.9893257197403075,1590763.1375218788,1379761.3227922572,618655.300157072,278445.9811421601,3968749.7479736167
P120,commercial,Commercial Building,20,11,64.71953479908983,False,0.9075633538469761,1.0488100593265652,0.9927566477649999,1523683.8263204438,1347605.36484437,601460.0399372764,270706.6938497371,3757298.0435087844
P120,commercial,Commercial Building,20,12,71.58683794377502,False,0.8888594108545087,1.0535168072613779,0.9958079122071334,1393067.3460999373,1263654.9032819895,561471.7500434546,252708.66067867182,3415027.7630248917
P120,commercial,Commercial Building,20,13,77.7587690416909,False,0.8958499477374307,1.0578524407479402,1.0038416187500674,1261854.1496173735,1140373.0910501762,504618.02569126274,227119.78904884387,3034759.526241321
P120,commercial,Commercial Building,20,14,83.11933718229983,False,0.8921678046817996,1.0625672714907468,0.9985856886593799,1091465.9364447566,994873.9405344487,438280.86684425094,197262.5886391007,2760735.1574182645
P120,commercial,Commercial Building,20,15,87.63871122123746,False,0.8932263068334556,1.067069177616554,1.0009028128100734,921282.0513718326,842309.4271947198,369504.70909488195,166307.63728113307,2330216.1768968683
P120,commercial,Commercial Building,20,16,91.35428597037887,False,0.8917403665080759,1.0715138498297725,0.9978906381519499,756166.1769347358,695383.8354222812,303785.9568544394,136728.77091987737,1845046.5941775034
P120,commercial,Commercial Building,20,17,94.34638629151316,False,0.8931154943755581,1.0767499894511297,0.9984127808409212,609869.0486444248,562719.3202169035,244634.577536167,110105.76478704913,1472556.2077477002
P120,commercial,Commercial Building,20,18,96.71593767130801,False,0.8886929573932881,1.0817303476405133,1.0010969165920536,480585.5263258965,447698.8134715489,193734.88136474093,87196.69759455566,1231236.077544413
P120,commercial,Commercial Building,20,19,98.56774822658738,True,0.8643865266768739,1.0864051195991504,0.9990529766065795,127857.26404241243,263542.354453245,45421.29383175681,54515.5564443023,506715.5469352976
P120,commercial,Commercial Building,20,20,100.0,True,0.8761937174096348,1.0909864859266754,0.9993916617726468,0.0,81876.78737768136,0.0,26352.588475278888,103214.622670393
